ID,Name_EN,Name_RU,Type,Levels,Icon
3-power-strike,"Power Strike","Мощный Удар",active,9,/skill0003.webp
4-dash,"Dash","Рывок",active,2,/skill0004.webp
16-mortal-blow,"Mortal Blow","Смертельный Удар",active,24,/skill0016.webp
21-poison-recovery,"Poison Recovery","Вывести Яд",active,3,/skill0021.webp
28-hate,"Aggression","Агрессия",active,49,/skill0028.webp
45-touch-of-god,"Divine Heal","Святое Лечение",active,9,/skill0045.webp
56-power-shot,"Power Shot","Мощный Выстрел",active,24,/skill0056.webp
58-elemental-heal,"Elemental Heal","Природное Лечение",active,55,/skill0058.webp
61-cure-bleeding,"Cure Bleeding","Остановка Кровотечения",active,3,/skill0061.webp
70-drain-energy,"Drain Health","Кража Жизни",active,53,/skill0070.webp
77-advanced-attack-power,"Attack Aura","Аура Атаки",active,2,/skill0077.webp
78-war-cry,"War Cry","Боевой Клич",active,2,/skill0078.webp
82-majesty,"Majesty","Величие",active,3,/skill0082.webp
91-advanced-defence-power,"Defense Aura","Аура Защиты",active,2,/skill0091.webp
92-shield-stun,"Shield Stun","Оглушение Щитом",active,52,/skill0092.webp
99-rapid-shot,"Rapid Shot","Быстрый Выстрел",active,2,/skill0099.webp
101-stun-shot,"Stunning Shot","Оглушающий Выстрел",active,40,/skill0101.webp
102-zero-g,"Entangle","Опутать",active,16,/skill0102.webp
105-freezing-strike,"Freezing Strike","Замораживающий Удар",active,24,/skill0105.webp
112-deflect-arrow,"Deflect Arrow","Отклонить Стрелу",active,4,/skill0112.webp
113-long-range-shot,"Long Shot","Дальнобойность",passive,2,/skill0113.webp
115-power-break,"Power Break","Сокрушение Мощи",active,17,/skill0115.webp
118-magicians-movement,"Magician's Movement","Движение Мага",passive,1,/skill0118.webp
121-battle-roar,"Battle Roar","Боевой Рев",active,6,/skill0121.webp
129-poison,"Poison","Отравление",active,5,/skill0129.webp
137-critical-chance,"Critical Chance","Шанс Критического Удара",passive,3,/skill0137.webp
141-weapon-mastery,"Weapon Mastery","Владение Оружием",passive,3,/skill0141.webp
142-armor-mastery,"Armor Mastery","Экипировка Брони",passive,5,/skill0142.webp
146-advanced-magic-defence,"Anti Magic","Антимагия",passive,45,/skill0146.webp
147-magic-resistance,"Magic Resistance","Магическое Сопротивление",passive,51,/skill0147.webp
153-shield-mastery,"Shield Mastery","Владение Щитом",passive,4,/skill0153.webp
163-spell-casting,"Spellcraft","Искусное Колдовство",passive,1,/skill0163.webp
164-fast-spell-recovery,"Quick Recovery","Быстрый Повтор",passive,3,/skill0164.webp
168-fast-attack,"Boost Attack Speed","Увеличить Скорость Атаки",passive,3,/skill0168.webp
169-quick-step,"Quick Step","Быстрый Шаг",passive,2,/skill0169.webp
191-focus-mind,"Focus Mind","Сосредоточенность",passive,6,/skill0191.webp
193-critical-power,"Critical Power","Критическая Мощность",passive,6,/skill0193.webp
194-lucky,"Lucky","Везение",passive,1,/skill0194.webp
198-physical-evasion,"Boost Evasion","Увеличить Уклонение",passive,3,/skill0198.webp
208-bow-mastery,"Bow Mastery","Владение Луком",passive,52,/skill0208.webp
209-dagger-mastery,"Dagger Mastery","Владение Кинжалом",passive,45,/skill0209.webp
211-boost-hp,"Boost HP","Увеличение HP",passive,10,/skill0211.webp
212-fast-hp-recovery,"Fast HP Recovery","Быстрое Восстановление HP",passive,8,/skill0212.webp
213-boost-mana,"Boost Mana","Увеличить MP",passive,8,/skill0213.webp
214-mana-recovery,"Mana Recovery","Восстановление Маны",passive,1,/skill0214.webp
216-polearm-mastery,"Polearm Mastery","Владение Копьем",passive,45,/skill0216.webp
217-sword-blunt-mastery,"Sword Blunt Mastery","Владение Мечом/Дубиной",passive,45,/skill0217.webp
226-rest-in-piece,"Relax","Отдых",toggle,1,/skill0226.webp
227-light-armor-mastery-war,"Light Armor Mastery","Экипировка Легкой Брони",passive,50,/skill0227.webp
228-fast-spell-casting,"Fast Spell Casting","Быстрое Чтение Заклинаний",passive,3,/skill0228.webp
229-fast-mana-recovery,"Fast Mana Recovery","Быстрое Восстановление MP",passive,7,/skill0229.webp
230-speed-walk,"Sprint","Спринт",active,2,/skill0230.webp
231-heavy-armor-mastery-war,"Heavy Armor Mastery","Экипировка Тяжелой Брони",passive,50,/skill0231.webp
232-heavy-armor-mastery-kni,"Heavy Armor Mastery","Экипировка Тяжелой Брони",passive,52,/skill0232.webp
233-light-armor-mastery-rog,"Light Armor Mastery","Экипировка Легкой Брони",passive,47,/skill0233.webp
234-robe-mastery-wiz,"Robe Mastery","Экипировка Магической Брони",passive,41,/skill0234.webp
235-robe-mastery-cle,"Robe Mastery","Экипировка Магической Брони",passive,41,/skill0235.webp
236-light-armor-mastery-cle,"Light Armor Mastery","Экипировка Легкой Брони",passive,41,/skill0236.webp
239-expertise,"Expertise","Квалификация",passive,5,/skill0239.webp
244-armor-mastery-mag,"Armor Mastery","Экипировка Брони",passive,3,/skill0244.webp
246-seal-of-ruler,"Seal of Ruler","Печать Правителя",active,1,/skill0246.webp
1011-heal,"Heal","Лечение",active,18,/skill1011.webp
1012-cure-poison,"Cure Poison","Излечить Отравление",active,3,/skill1012.webp
1013-recharge,"Recharge","Восстановление",active,32,/skill1013.webp
1015-battle-heal,"Battle Heal","Боевое Лечение",active,15,/skill1015.webp
1027-group-heal,"Group Heal","Групповое Лечение",active,15,/skill1027.webp
1031-disrupt-undead,"Disrupt Undead","Разрушить Нежить",active,8,/skill1031.webp
1033-resist-poison,"Resist Poison","Сопротивление Яду",active,3,/skill1033.webp
1040-shield,"Shield","Щит",active,3,/skill1040.webp
1044-regeneration,"Regeneration","Регенерация",active,3,/skill1044.webp
1059-empower,"Empower","Воодушевление",active,3,/skill1059.webp
1062-berserker-spirit,"Berserker Spirit","Дух Берсерка",active,2,/skill1062.webp
1068-might,"Might","Могущество",active,3,/skill1068.webp
1069-sleep,"Sleep","Сон",active,42,/skill1069.webp
1077-focus,"Focus","Фокусировка",active,3,/skill1077.webp
1078-concentration,"Concentration","Концентрация",active,6,/skill1078.webp
1083-surrender-to-fire,"Surrender To Fire","Предать Огню",active,17,/skill1083.webp
1085-arcane-acumen,"Acumen","Проницательность",active,3,/skill1085.webp
1087-agility,"Agility","Проворство",active,3,/skill1087.webp
1111-summon-blackcat,"Summon Kat the Cat","Призвать Кэт",active,18,/skill1111.webp
1126-servitor-mana-charge,"Servitor Recharge","Восстановление Слуги",active,34,/skill1126.webp
1127-servitor-heal,"Servitor Heal","Лечение Слуги",active,45,/skill1127.webp
1144-fast-servitor,"Servitor Wind Walk","Легкая Походка Слуги",active,2,/skill1144.webp
1145-bright-servitor,"Bright Servitor","Способный Слуга",active,3,/skill1145.webp
1146-mighty-servitor,"Mighty Servitor","Могучий Слуга",active,3,/skill1146.webp
1147-vampiric-touch,"Vampiric Touch","Прикосновение Вампира",active,6,/skill1147.webp
1160-slow,"Slow","Замедление",active,15,/skill1160.webp
1164-curse-weakness,"Curse: Weakness","Проклятие: Слабость",active,19,/skill1164.webp
1167-poison-cloud,"Poisonous Cloud","Ядовитое Облако",active,6,/skill1167.webp
1168-curse-poison,"Curse: Poison","Проклятие: Яд",active,7,/skill1168.webp
1172-aura-burn,"Aura Burn","Сжигающая Аура",active,8,/skill1172.webp
1175-aqua-swirl,"Aqua Swirl","Водоворот",active,8,/skill1175.webp
1177-wind-strike,"Wind Strike","Удар Ветра",active,5,/skill1177.webp
1178-twister,"Twister","Смерч",active,8,/skill1178.webp
1181-flame-strike,"Flame Strike","Удар Пламени",active,3,/skill1181.webp
1182-aqua-resist,"Resist Aqua","Resist Aqua",active,3,/skill1182.webp
1184-ice-bolt,"Ice Bolt","Ледяной Шип",active,6,/skill1184.webp
1189-wind-resist,"Resist Wind","Сопротивление Ветру",active,3,/skill1189.webp
1191-fire-resist,"Resist Fire","Сопротивление Огню",active,3,/skill1191.webp
1201-dryad-root,"Dryad Root","Корень Дриады",active,33,/skill1201.webp
1204-wind-walk,"Wind Walk","Легкая Походка",active,2,/skill1204.webp
1206-breeze,"Wind Shackle","Оковы Ветра",active,19,/skill1206.webp
1216-self-heal,"Self Heal","Самолечение",active,1,/skill1216.webp
1217-greater-heal,"Greater Heal","Великое Лечение",active,33,/skill1217.webp
1218-greater-battle-heal,"Greater Battle Heal","Великое Боевое Лечение",active,33,/skill1218.webp
1219-greater-group-heal,"Greater Group Heal","Великое Групповое Лечение",active,33,/skill1219.webp
1220-blaze,"Blaze","Вспышка",active,8,/skill1220.webp
1222-curse-bleary,"Curse Chaos","Проклятие Хаоса",active,15,/skill1222.webp
1223-surrender-to-earth,"Surrender To Earth","Предать Земле",active,15,/skill1223.webp
1224-surrender-to-poison,"Surrender To Poison","Предать Яду",active,17,/skill1224.webp
148-meditation,"Vital Force","Жизненная Сила",passive,8,/skill0148.webp
171-full-of-energy,"Esprit","Боевой Дух",passive,8,/skill0171.webp
225-acrobat-move,"Acrobatic Move","Акробатическое Движение",passive,3,/skill0225.webp
1043-holy-weapon,"Holy Weapon","Святое Оружие",active,1,/skill1043.webp
100-stun-attack,"Stun Attack","Оглушающая Атака",active,15,/skill0100.webp
1035-mental-shield,"Mental Shield","Ментальный Щит",active,4,/skill1035.webp
247-building-headquarter,"Build Headquarters","Разбить Лагерь",active,1,/skill0247.webp
2-confusion,"Confusion","Замешательство",active,19,/skill0002.webp
15-charm,"Charm","Очарование",active,52,/skill0015.webp
27-unlock,"Unlock","Открыть",active,14,/skill0027.webp
29-iron-punch,"Iron Punch","Железный Удар",active,24,/skill0029.webp
34-bandage,"Bandage","Перевязка",active,3,/skill0034.webp
50-focus-force,"Focused Force","Сфокусированная Сила",active,7,/skill0050.webp
54-force-strike,"Force Blaster","Импульс Силы",active,49,/skill0054.webp
76-spirit-of-bear,"Bear Spirit Totem","Дух Медведя",active,1,/skill0076.webp
83-spirit-of-wolf,"Wolf Spirit Totem","Дух Волка",active,1,/skill0083.webp
94-rage,"Rage","Ярость",active,2,/skill0094.webp
95-slow-down,"Cripple","Хромота",active,20,/skill0095.webp
96-bleed,"Bleed","Кровотечение",active,6,/skill0096.webp
120-stunning-fist,"Stunning Fist","Оглушающий Кулак",active,15,/skill0120.webp
134-toughness,"Toughness","Стойкость",passive,1,/skill0134.webp
139-pinch-shield,"Guts","Мужество",active,3,/skill0139.webp
172-create-item,"Create Item","Создать Вещь",passive,9,/skill0172.webp
173-acrobat,"Acrobatics","Акробатика",passive,2,/skill0173.webp
176-frenzy,"Frenzy","Безумие",active,3,/skill0176.webp
195-lung-capacity,"Breath Boost","Глубокий Вдох",passive,2,/skill0195.webp
205-blunt-mastery,"Blunt Mastery","Владение Дубиной",passive,45,/skill0205.webp
210-fist-mastery,"Fist Mastery","Владение Кастетами",passive,45,/skill0210.webp
223-bleed-attack,"Sting","Жало",active,49,/skill0223.webp
245-wild-sweep,"Wild Sweep","Дикий Размах",active,15,/skill0245.webp
248-crystallize,"Crystallize","Кристаллизация",passive,5,/skill0248.webp
249-weapon-mastery-mag,"Weapon Mastery","Владение Оружием",passive,42,/skill0249.webp
250-weapon-mastery-sha,"Weapon Mastery","Владение Оружием",passive,42,/skill0250.webp
251-robe-mastery-sha,"Robe Mastery","Экипировка Магической Брони",passive,45,/skill0251.webp
252-light-armor-mastery-sha,"Light Armor Mastery","Экипировка Легкой Брони",passive,45,/skill0252.webp
253-heavy-armor-mastery-sha,"Heavy Armor Mastery","Экипировка Тяжелой Брони",passive,43,/skill0253.webp
1001-soul-cry,"Soul Cry","Крик Души",toggle,10,/skill1001.webp
1002-pure-inspiration,"Flame Chant","Напев Пламени",active,3,/skill1002.webp
1003-power-of-paagrio,"Pa'agrian Gift","Дар Паагрио",active,3,/skill1003.webp
1005-blessing-of-paagrio,"Blessings of Pa'agrio","Благословение Паагрио",active,3,/skill1005.webp
1006-burning-spirit,"Chant of Fire","Напев Огня",active,3,/skill1006.webp
1007-mass-frenzy,"Chant of Battle","Напев Битвы",active,3,/skill1007.webp
1009-devotioin-of-soul,"Chant of Shielding","Напев Защиты",active,3,/skill1009.webp
1010-devotioin-of-shine,"Soul Shield","Щит Души",active,3,/skill1010.webp
1016-resurrection,"Resurrection","Воскрешение",active,9,/skill1016.webp
1073-water-breathing,"Kiss of Eva","Поцелуй Евы",active,2,/skill1073.webp
1075-erase-hostility,"Peace","Примирение",active,15,/skill1075.webp
1090-blood-lust,"Life Drain","Кража Жизни",active,6,/skill1090.webp
1092-external-fear,"Fear","Страх",active,19,/skill1092.webp
1095-pain-thorn,"Venom","Отрава",active,5,/skill1095.webp
1096-engrave-seal-of-timid,"Seal of Chaos","Печать Хаоса",active,16,/skill1096.webp
1097-night-murmur,"Dreaming Spirit","Сонный Дух",active,20,/skill1097.webp
1099-engrave-seal-of-lazy,"Seal of Slow","Печать Замедления",active,15,/skill1099.webp
1100-chill-flame,"Chill Flame","Остужающее Пламя",active,2,/skill1100.webp
1101-eternal-flame,"Blaze Quake","Дрожь Огня",active,2,/skill1101.webp
1102-aura-sway,"Aura Sink","Ослабление Ауры",active,6,/skill1102.webp
1105-entice-madness,"Madness","Сумасшествие",active,18,/skill1105.webp
1107-blaze-quake,"Frost Flame","Морозное Пламя",active,2,/skill1107.webp
1151-corpse-life-drain,"Corpse Life Drain","Подпитка от Трупа",active,16,/skill1151.webp
1157-body-to-mind,"Body To Mind","Самобичевание",active,5,/skill1157.webp
1208-bind-will,"Seal of Binding","Печать Привязи",active,17,/skill1208.webp
1209-pain-edge,"Seal of Poison","Печать Яда",active,6,/skill1209.webp
1128-summon-shadow,"Summon Shadow","Призвать Тень",active,18,/skill1128.webp
1225-summon-cuti-cat,"Summon Mew the Cat","Призвать Мяу",active,18,/skill1225.webp
1226-summon-unicorn-boxer,"Summon Boxer the Unicorn","Призвать Бекара",active,18,/skill1226.webp
1227-summon-unicorn-mirage,"Summon Mirage the Unicorn","Призвать Миража",active,18,/skill1227.webp
1228-summon-silhouette,"Summon Silhouette","Призвать Гекату",active,18,/skill1228.webp
42-sweeper,"Sweeper","Присвоить",active,1,/skill0042.webp
254-spoil,"Spoil","Оценить",active,11,/skill0254.webp
110-ultimate-defence,"Ultimate Defense","Абсолютная Защита",active,2,/skill0110.webp
111-ultimate-evasion,"Ultimate Evasion","Абсолютное Уклонение",active,2,/skill0111.webp
255-power-smash,"Power Smash","Мощное Сокрушение",active,15,/skill0255.webp
256-accuracy,"Accuracy","Точность",toggle,1,/skill0256.webp
257-sword-blunt-mastery-war,"Sword Blunt Mastery","Владение Мечом/Дубиной",passive,45,/skill0257.webp
1229-inspire-life-force,"Chant of Life","Напев Жизни",active,18,/skill1229.webp
1-triple-slash,"Triple Slash","Тройное Рассечение",active,37,/skill0001.webp
5-double-sonic-slash,"Double Sonic Slash","Двойной Звуковой Разрез",active,31,/skill0005.webp
6-sonic-blaster,"Sonic Blaster","Звуковой Импульс",active,37,/skill0006.webp
7-sonic-storm,"Sonic Storm","Звуковой Шторм",active,28,/skill0007.webp
8-focus-sonic,"Sonic Focus","Фокусировка Звука",active,7,/skill0008.webp
9-sonic-buster,"Sonic Buster","Звуковая Волна",active,34,/skill0009.webp
10-summon-storm-cubic,"Summon Storm Cubic","Призвать Штормовой Куб",active,8,/skill0010.webp
11-trick,"Trick","Трюк",active,12,/skill0011.webp
12-switch,"Switch","Переключение",active,14,/skill0012.webp
17-force-buster,"Force Burst","Взрыв Силы",active,34,/skill0017.webp
18-hate-aura,"Aura of Hate","Аура Ненависти",active,37,/skill0018.webp
19-double-shot,"Double Shot","Двойной Выстрел",active,37,/skill0019.webp
22-summon-vampiric-cubic,"Summon Vampiric Cubic","Призвать Вампирический Куб",active,7,/skill0022.webp
24-burst-shot,"Burst Shot","Взрывной Выстрел",active,31,/skill0024.webp
25-summon-mechanic-golem,"Summon Mechanic Golem","Призвать Механического Голема",active,9,/skill0025.webp
30-backstab,"Backstab","Удар в Спину",active,37,/skill0030.webp
33-summon-poltergeist-cubic,"Summon Phantom Cubic","Призвать Призрачный Куб",active,8,/skill0033.webp
35-force-storm,"Force Storm","Силовой Шторм",active,28,/skill0035.webp
36-spinning-slasher,"Whirlwind","Вихрь",active,37,/skill0036.webp
44-remedy,"Remedy","Лекарство",active,3,/skill0044.webp
46-life-scavenge,"Life Scavenge","Отделение Жизни",active,15,/skill0046.webp
48-thunder-storm,"Thunder Storm","Грозовой Шторм",active,37,/skill0048.webp
49-holy-strike,"Holy Strike","Святой Удар",active,26,/skill0049.webp
51-lure,"Lure","Искушение",active,1,/skill0051.webp
60-fake-death,"Fake Death","Прикинуться Мертвым",toggle,1,/skill0060.webp
65-horror,"Horror","Ужас",active,13,/skill0065.webp
67-summon-life-cubic,"Summon Life Cubic","Призвать Оживляющий Куб",active,7,/skill0067.webp
69-sacrifice,"Sacrifice","Жертвоприношение",active,25,/skill0069.webp
72-iron-will,"Iron Will","Железная Воля",active,3,/skill0072.webp
75-detect-bug-weakness,"Detect Insect Weakness","Найти Уязвимость Насекомых",active,1,/skill0075.webp
80-detect-beast-weakness,"Detect Monster Weakness","Найти Уязвимость Зверей",active,1,/skill0080.webp
81-punch-of-doom,"Punch of Doom","Удар Судьбы",active,3,/skill0081.webp
84-poison-blade-dance,"Poison Blade Dance","Танец Ядовитых Клинков",active,3,/skill0084.webp
86-reflect-damage,"Reflect Damage","Отражение Урона",active,3,/skill0086.webp
87-detect-animail-weakness,"Detect Animal Weakness","Найти Уязвимость Животных",active,1,/skill0087.webp
88-detect-dragon-weakness,"Detect  Dragon Weakness","Найти Уязвимость Драконов",active,1,/skill0088.webp
97-sanctuary,"Sanctuary","Святилище",active,11,/skill0097.webp
98-sword-symphony,"Sword Symphony","Симфония Меча",active,5,/skill0098.webp
103-corpse-plague,"Corpse Plague","Трупная Чума",active,4,/skill0103.webp
104-detect-plant-weakness,"Detect Plant Weakness","Найти Уязвимость Растений",active,1,/skill0104.webp
106-veil,"Veil","Вуаль",active,14,/skill0106.webp
107-holy-aura,"Holy Aura","Святая Аура",active,9,/skill0107.webp
109-spirit-of-ogre,"Ogre Spirit Totem","Дух Огра",active,1,/skill0109.webp
116-howl,"Howl","Вой",active,14,/skill0116.webp
122-hex,"Hex","Сглаз",active,15,/skill0122.webp
123-spirit-barrier,"Spirit Barrier","Стена Духа",active,3,/skill0123.webp
127-hamstring,"Hamstring","Увечье",active,14,/skill0127.webp
130-thrill-fight,"Thrill Fight","Волнующая Схватка",active,2,/skill0130.webp
131-hawk-eye,"Hawk Eye","Глаз Ястреба",active,3,/skill0131.webp
143-cubic-mastery,"Cubic Mastery","Мастерство Призывания Кубов",passive,2,/skill0143.webp
144-dual-weapon-mastery,"Dual Weapon Mastery","Владение Парными Мечами",passive,37,/skill0144.webp
150-weight-limit,"Weight Limit","Лимит Веса",passive,3,/skill0150.webp
165-trade,"Trade","Торговля",passive,5,/skill0165.webp
181-revival,"Revival","Возрождение",active,1,/skill0181.webp
190-fatal-strike,"Fatal Strike","Фатальный Удар",active,37,/skill0190.webp
196-holy-blade,"Holy Blade","Святой Клинок",toggle,1,/skill0196.webp
197-holy-armor,"Holy Armor","Святая Броня",toggle,2,/skill0197.webp
221-silent-move,"Silent Move","Бесшумное Движение",toggle,1,/skill0221.webp
222-fist-fury,"Fist Fury","Ярость Орка",toggle,1,/skill0222.webp
258-light-armor-mastery-wlock,"Light Armor Mastery","Экипировка Легкой Брони",passive,33,/skill0258.webp
259-heavy-armor-mastery-pro,"Heavy Armor Mastery","Экипировка Тяжелой Брони",passive,33,/skill0259.webp
260-hammer-crush,"Hammer Crush","Сокрушение Молотом",active,37,/skill0260.webp
261-triple-sonic-slash,"Triple Sonic Slash","Тройное Звуковое Рассечение",active,22,/skill0261.webp
262-holy-blessing,"Holy Blessing","Святое Благословение",active,37,/skill0262.webp
263-deadly-blow,"Deadly Blow","Смертельный Выпад",active,37,/skill0263.webp
264-song-of-earth,"Song of Earth","Песня Земли",active,1,/skill0264.webp
265-song-of-life,"Song of Life","Песня Жизни",active,1,/skill0265.webp
266-song-of-water,"Song of Water","Песня Воды",active,1,/skill0266.webp
267-song-of-warding,"Song of Warding","Песня Отражения",active,1,/skill0267.webp
268-song-of-wind,"Song of Wind","Песня Ветра",active,1,/skill0268.webp
269-song-of-hunter,"Song of Hunter","Песня Охотника",active,1,/skill0269.webp
270-song-of-invocation,"Song of Invocation","Песня Святости",active,1,/skill0270.webp
271-dance-of-warrior,"Dance of Warrior","Танец Воителя",active,1,/skill0271.webp
272-dance-of-inspiration,"Dance of Inspiration","Танец Вдохновения",active,1,/skill0272.webp
273-dance-of-mystic,"Dance of Mystic","Танец Мистика",active,1,/skill0273.webp
274-dance-of-fire,"Fire Dance","Танец Огня",active,1,/skill0274.webp
275-dance-of-fury,"Dance of Fury","Танец Ярости",active,1,/skill0275.webp
276-dance-of-concentration,"Dance of Concentration","Танец Концентрации",active,1,/skill0276.webp
277-dance-of-light,"Dance of Light","Танец Света",active,1,/skill0277.webp
278-summon-viper-cubic,"Summon Viper Cubic","Призвать Змеиный Куб",active,6,/skill0278.webp
279-lightening-strike,"Lightning Strike","Удар Молнии",active,5,/skill0279.webp
280-burning-fist,"Burning Fist","Горящий Кулак",active,37,/skill0280.webp
281-soul-breaker,"Soul Breaker","Разрушитель Душ",active,37,/skill0281.webp
282-totem-spirit-puma,"Puma Spirit Totem","Дух Пумы",active,1,/skill0282.webp
283-summon-dark-panther,"Summon Dark Panther","Призвать Темную Пантеру",active,7,/skill0283.webp
1004-wisdom-of-paagrio,"The Wisdom of Pa'agrio","Мудрость Паагрио",active,3,/skill1004.webp
1008-glory-of-paagrio,"The Glory of Pa'agrio","Слава Паагрио",active,3,/skill1008.webp
1018-purify,"Purify","Очищение",active,3,/skill1018.webp
1020-vitalize,"Vitalize","Оживление",active,27,/skill1020.webp
1028-might-of-heaven,"Might of Heaven","Сила Небес",active,19,/skill1028.webp
1032-invigor,"Invigor","Энергичность",active,3,/skill1032.webp
1034-repose,"Repose","Упокоение",active,13,/skill1034.webp
1036-magic-barrier,"Magic Barrier","Магический Барьер",active,2,/skill1036.webp
1042-hold-undead,"Hold Undead","Остановить Нежить",active,12,/skill1042.webp
1045-bless-the-body,"Blessed Body","Благословение Тела",active,6,/skill1045.webp
1048-bless-the-soul,"Blessed Soul","Благословение Души",active,6,/skill1048.webp
1049-requiem,"Requiem","Реквием",active,14,/skill1049.webp
1050-return,"Return","Возвращение",active,2,/skill1050.webp
1056-cancel,"Cancellation","Отмена",active,12,/skill1056.webp
1064-silence,"Silence","Безмолвие",active,14,/skill1064.webp
1071-surrender-to-water,"Surrender To Water","Предать Воде",active,14,/skill1071.webp
1072-sleeping-cloud,"Sleeping Cloud","Усыпляющее Облако",active,5,/skill1072.webp
1074-surrender-to-wind,"Surrender To Wind","Предать Ветру",active,14,/skill1074.webp
1086-haste,"Haste","Ускорение",active,2,/skill1086.webp
1104-seal-of-winter,"Seal of Winter","Печать Зимы",active,14,/skill1104.webp
1108-seal-of-flame,"Seal of Flame","Печать Пламени",active,4,/skill1108.webp
1129-summon-reanimated-man,"Summon Reanimated Man","Призвать Воскрешенного",active,7,/skill1129.webp
1139-servitor-magic-shield,"Servitor Magic Shield","Магический Щит Слуги",active,2,/skill1139.webp
1140-servitor-physical-shield,"Servitor Physical Shield","Физический Щит Слуги",active,3,/skill1140.webp
1141-servitor-haste,"Servitor Haste","Ускорение Слуги",active,2,/skill1141.webp
1148-death-spike,"Death Spike","Шип Смерти",active,13,/skill1148.webp
1154-summon-corrupted-man,"Summon Corrupted Man","Призвать Порочного",active,6,/skill1154.webp
1155-corpse-burst,"Corpse Burst","Взрыв Трупа",active,15,/skill1155.webp
1156-forget,"Forget","Забывчивость",active,13,/skill1156.webp
1159-curse-death-link,"Curse Death Link","Проклятие Смертельной Связи",active,22,/skill1159.webp
1163-curse-discord,"Curse Discord","Проклятие: Раздор",active,14,/skill1163.webp
1169-curse-fear,"Curse Fear","Проклятие: Страх",active,14,/skill1169.webp
1170-anchor,"Anchor","Якорь",active,13,/skill1170.webp
1171-blazing-circle,"Blazing Circle","Пылающий Круг",active,19,/skill1171.webp
1174-frost-wall,"Frost Wall","Стена Мороза",active,22,/skill1174.webp
1176-tempest,"Tempest","Буря",active,15,/skill1176.webp
1183-freezing-shackle,"Freezing Shackle","Замораживающие Оковы",active,4,/skill1183.webp
1210-seal-of-gloom,"Seal of Gloom","Печать Мрака",active,4,/skill1210.webp
1213-seal-of-mirage,"Seal of Mirage","Печать Миражей",active,13,/skill1213.webp
1230-prominence,"Prominence","Протуберанец",active,28,/skill1230.webp
1231-aura-flare,"Aura Flare","Сияние Ауры",active,28,/skill1231.webp
1232-blazing-skin,"Blazing Skin","Пылающая Кожа",active,3,/skill1232.webp
1233-decay,"Decay","Разложение",active,4,/skill1233.webp
1234-vampiric-claw,"Vampiric Claw","Коготь Вампира",active,28,/skill1234.webp
1235-hydro-blast,"Hydro Blast","Волна Воды",active,28,/skill1235.webp
1236-frost-bolt,"Frost Bolt","Заряд Мороза",active,19,/skill1236.webp
1237-ice-dagger,"Ice Dagger","Ледяной Кинжал",active,17,/skill1237.webp
1238-freezing-skin,"Freezing Skin","Леденящая Кожа",active,3,/skill1238.webp
1239-hurricane,"Hurricane","Ураган",active,28,/skill1239.webp
1240-guidance,"Guidance","Наведение",active,3,/skill1240.webp
1242-death-whisper,"Death Whisper","Шепот Смерти",active,3,/skill1242.webp
1243-bless-shield,"Bless Shield","Благословленный Щит",active,6,/skill1243.webp
1244-freezing-flame,"Freezing Flame","Замораживающее Пламя",active,4,/skill1244.webp
1245-steal-essence,"Steal Essence","Кража Сущности",active,14,/skill1245.webp
1246-seal-of-silence,"Seal of Silence","Печать Безмолвия",active,12,/skill1246.webp
1247-seal-of-scourge,"Seal of Scourge","Печать Наказания",active,14,/skill1247.webp
1248-seal-of-suspension,"Seal of Suspension","Печать Отставания",active,12,/skill1248.webp
1249-sight-of-paagrio,"The Vision of Pa'agrio","Взгляд Паагрио",active,3,/skill1249.webp
1250-shield-of-paagrio,"Under the Protection of Pa'agrio","Защита Паагрио",active,3,/skill1250.webp
1251-chant-of-fury,"Chant of Fury","Напев Ярости",active,2,/skill1251.webp
1252-chant-of-evasion,"Chant of Evasion","Напев Уклонения",active,3,/skill1252.webp
1253-chant-of-rage,"Chant of Rage","Напев Гнева",active,3,/skill1253.webp
13-summon-siege-golem,"Summon Siege Golem","Призвать Осадного Голема",active,1,/skill0013.webp
284-hurricane-assault,"Hurricane Assault","Ураганное Нападение",active,40,/skill0284.webp
1254-mass-ressurection,"Mass Resurrection","Массовое Воскрешение",active,6,/skill1254.webp
1255-party-recall,"Party Recall","Возвращение группы",active,2,/skill1255.webp
1256-heart-of-paagrio,"The Heart of Pa'agrio","Сердце Паагрио",active,13,/skill1256.webp
1257-decrease-weight,"Decrease Weight","Легкость",active,3,/skill1257.webp
285-higher-mana-gain,"Higher Mana Gain","Ускоренное Восполнение Маны",passive,27,/skill0285.webp
1258-restore-life,"Restore Life","Пробудить Жизнь",active,4,/skill1258.webp
1259-resist-shock,"Resist Shock","Сопротивление Оглушению",active,4,/skill1259.webp
286-provoke,"Provoke","Провоцировать",active,3,/skill0286.webp
287-lionheart,"Lionheart","Львиное Сердце",active,3,/skill0287.webp
288-guard-stance,"Guard Stance","Оборонительная Боевая Стойка",toggle,4,/skill0288.webp
289-life-leech,"Life Leech","Кровопийца",active,15,/skill0289.webp
1047-mana-regeneration,"Mana Regeneration","Регенерация Маны",active,4,/skill1047.webp
1260-tact-of-paagrio,"The Tact of Pa'agrio","Ритм Паагрио",active,3,/skill1260.webp
1261-rage-of-paagrio,"The Rage of Pa'agrio","Ярость Паагрио",active,2,/skill1261.webp
1262-transfer-pain,"Transfer Pain","Поделиться Болью",toggle,5,/skill1262.webp
1263-curse-gloom,"Curse Gloom","Проклятие: Мрак",active,13,/skill1263.webp
290-final-frenzy,"Final Frenzy","Предельное Безумие",passive,14,/skill0290.webp
291-final-fortress,"Final Fortress","Последний Рубеж",passive,11,/skill0291.webp
292-totem-spirit-bison,"Bison Spirit Totem","Дух Бизона",active,1,/skill0292.webp
293-two-handed-weapon-mastery,"Two-handed Weapon Mastery","Владение Двуручным Оружием",passive,20,/skill0293.webp
1264-solar-spark,"Solar Spark","Солнечная Вспышка",active,3,/skill1264.webp
1265-solar-flare,"Solar Flare","Солнечное Сияние",active,14,/skill1265.webp
1266-shadow-spark,"Shadow Spark","Вспышка Теней",active,3,/skill1266.webp
1267-shadow-flare,"Shadow Flare","Сияние Теней",active,14,/skill1267.webp
1268-vampiric-rage,"Vampiric Rage","Ярость Вампира",active,4,/skill1268.webp
294-shadow-sense,"Shadow Sense","Ночное Восприятие",passive,1,/skill0294.webp
295-iron-body,"Iron Body","Стальное Тело",passive,1,/skill0295.webp
1269-curse-disease,"Curse Disease","Проклятие: Болезнь",active,9,/skill1269.webp
1271-benediction,"Benediction","Благословение",active,1,/skill1271.webp
296-rest-of-chameleon,"Chameleon Rest","Сон Хамелеона",toggle,1,/skill0296.webp
297-duelist-spirit,"Duelist Spirit","Дух Дуэлянта",active,2,/skill0297.webp
298-totem-spirit-rabbit,"Rabbit Spirit Totem","Дух Кролика",active,1,/skill0298.webp
1272-word-of-fear,"Word of Fear","Слово Страха",active,13,/skill1272.webp
1273-serenade-of-eva,"Serenade of Eva","Серенада Евы",active,13,/skill1273.webp
299-summon-wild-hog-cannon,"Summon Wild Hog Cannon","Призвать Стального Вепря",active,1,/skill0299.webp
1274-energy-bolt,"Energy Bolt","Энергетическая Стрела",active,4,/skill1274.webp
1275-aura-bolt,"Aura Bolt","Стрела Ауры",active,14,/skill1275.webp
1276-summon-kai-the-cat,"Summon Kai the Cat","Призвать Кая",active,14,/skill1276.webp
1277-summon-unicorn-merrow,"Summon Merrow the Unicorn","Призвать Мэрроу",active,14,/skill1277.webp
1278-summon-soulless,"Summon Soulless","Призвать Самаэля",active,14,/skill1278.webp
301-summon-bigboom,"Summon Big Boom","Призвать Гулкий Рокот",active,5,/skill0301.webp
1279-summon-binding-cubic,"Summon Binding Cubic","Призвать Связывающий Куб",active,9,/skill1279.webp
1280-summon-aqua-cubic,"Summon Aqua Cubic","Призвать Водный Куб",active,9,/skill1280.webp
1281-summon-spark-cubic,"Summon Spark Cubic","Призвать Искрящийся Куб",active,9,/skill1281.webp
1282-speed-of-paagrio,"Pa'agrian Haste","Скорость Паагрио",active,2,/skill1282.webp
1283-soul-guard,"Soul Guard","Защита Души",toggle,13,/skill1283.webp
1284-chant-of-revenge,"Chant of Revenge","Напев Мщения",active,3,/skill1284.webp
302-spoil-festival,"Spoil Festival","Массовая Оценка",active,9,/skill0302.webp
303-soul-of-sagitarrius,"Soul of Sagittarius","Душа Стрелка",active,4,/skill0303.webp
304-song-of-vitality,"Song of Vitality","Песня Жизненной Силы",active,1,/skill0304.webp
305-song-of-vengeance,"Song of Vengeance","Песня Мщения",active,1,/skill0305.webp
306-song-of-flame-guard,"Song of Flame Guard","Песня Огненной Защиты",active,1,/skill0306.webp
307-dance-of-aqua-guard,"Dance of Aqua Guard","Танец Водяной Защиты",active,1,/skill0307.webp
308-song-of-storm-guard,"Song of Storm Guard","Песня Штормовой Защиты",active,1,/skill0308.webp
309-dance-of-earth-guard,"Dance of Earth Guard","Танец Земной Защиты",active,1,/skill0309.webp
310-dance-of-vampire,"Dance of Vampire","Танец Вампира",active,1,/skill0310.webp
311-dance-of-protection,"Dance of Protection","Танец Защиты",active,1,/skill0311.webp
1285-seed-of-fire,"Seed of Fire","Семя Огня",active,1,/skill1285.webp
1286-seed-of-water,"Seed of Water","Семя Воды",active,1,/skill1286.webp
1287-seed-of-wind,"Seed of Wind","Семя Ветра",active,1,/skill1287.webp
1288-aura-symphony,"Aura Symphony","Аура Симфонии",active,1,/skill1288.webp
1289-inferno,"Inferno","Инферно",active,1,/skill1289.webp
1290-blizzard,"Blizzard","Снежная Буря",active,1,/skill1290.webp
1291-demon-wind,"Demon Wind","Дьявольский Ветер",active,1,/skill1291.webp
1292-elemental-symphony-h,"Elemental Assault","Стихийное Нападение",active,1,/skill1292.webp
1293-elemental-symphony-e,"Elemental Symphony","Стихийная Симфония",active,1,/skill1293.webp
1294-elemental-symphony-d,"Elemental Storm","Стихийный Шторм",active,1,/skill1294.webp
312-vicious-stance,"Vicious Stance","Боевая Стойка Коварства",toggle,20,/skill0312.webp
313-snipe,"Snipe","Прицельный Огонь",active,8,/skill0313.webp
314-fatal-counter,"Fatal Counter","Обратный Отсчет",active,16,/skill0314.webp
315-crush-of-doom,"Crush of Doom","Сокрушение Судьбы",active,16,/skill0315.webp
316-aegis,"Aegis","Эгида",passive,1,/skill0316.webp
317-polearm-focus-attack,"Focus Attack","Focus Attack",active,5,/skill0317.webp
318-aegis-stance,"Aegis Stance","Парирование",toggle,1,/skill0318.webp
319-agile-movement,"Agile Movement","Быстрое Перемещение",passive,2,/skill0319.webp
1295-aqua-splash,"Aqua Splash","Всплеск Воды",active,9,/skill1295.webp
1296-eruption,"Rain of Fire","Огненный Дождь",active,9,/skill1296.webp
1297-clear-mind,"Clear Mind","Светлый Разум",passive,6,/skill1297.webp
1298-mass-slow,"Mass Slow","Массовое Замедление",active,14,/skill1298.webp
1299-servitor-empower,"Servitor Empowerment","Помощь Слуге",active,2,/skill1299.webp
1300-servitor-cure,"Servitor Cure","Излечить Слугу",active,3,/skill1300.webp
1301-servitor-blessing,"Servitor Blessing","Благословение Слуги",active,1,/skill1301.webp
1303-wild-magic,"Wild Magic","Дикая Магия",active,2,/skill1303.webp
1304-advanced-block,"Advanced Block","Усиленная Блокировка",active,3,/skill1304.webp
320-wrath,"Wrath","Гнев",active,10,/skill0320.webp
321-blinding-blow,"Blinding Blow","Ослепляющий Удар",active,10,/skill0321.webp
322-shield-fortress,"Shield Fortress","Крепость Щитов",toggle,6,/skill0322.webp
323-quiver-of-arrows-a,"Quiver of Arrow: Grade A","Колчан Стрел: A-ранг",active,1,/skill0323.webp
324-quiver-of-arrows-s,"Quiver of Arrow: Grade S","Колчан Стрел: S-ранг",active,1,/skill0324.webp
1305-honor-of-paagrio,"The Honor of Pa'agrio","Честь Паагрио",active,5,/skill1305.webp
1306-ritual-of-life,"Ritual of Life","Ритуал Жизни",active,6,/skill1306.webp
1307-prayer,"Prayer","Молитва",active,3,/skill1307.webp
1308-chant-of-predator,"Chant of Predator","Напев Хищника",active,3,/skill1308.webp
1309-chant-of-eagle,"Chant of Eagle","Напев Орла",active,3,/skill1309.webp
1310-chant-of-vampire,"Chant of Vampire","Напев Вампира",active,4,/skill1310.webp
1311-body-of-avatar,"Body of Avatar","Инкарнация Тела",active,6,/skill1311.webp
1312-fishing-cast,"Fishing","Рыбалка",active,1,/skill1312.webp
1313-fishing-pumping,"Pumping","Тянуть",active,27,/skill1313.webp
1314-fishing-reeling,"Reeling","Подсечь",active,27,/skill1314.webp
1315-fishing-mastery,"Fishing Expertise","Эксперт Рыболовства",passive,27,/skill1315.webp
1316-fishing-mastery-c,"Fishing Expertise -C-Grade","Эксперт Рыболовства Ранга C",passive,1,/skill1316.webp
1317-fishing-mastery-b,"Fishing Expertise -B-Grade","Эксперт Рыболовства Ранга B",passive,1,/skill1317.webp
1318-fishing-mastery-a,"Fishing Expertise -A-Grade","Эксперт Рыболовства Ранга A",passive,1,/skill1318.webp
1319-fishing-mastery-s,"Fishing Expertise -S-Grade","Эксперт Рыболовства Ранга S",passive,1,/skill1319.webp
1320-create-common-item,"Create Common Item","Создать Обычный Предмет",passive,9,/skill0172.webp
1321-dwarven-craft,"Dwarven Craft","Ремесло Гномов",active,1,/skill0172.webp
1322-common-craft,"Common Craft","Обычное Ремесло",active,1,/skill0172.webp
1323-blessing-of-noblesse,"Noblesse Blessing","Благословение Благородства",active,1,/skill1323.webp
325-strider-siege-assault,"Strider Siege Assault","Нападение Ездового Дракона",active,1,/skill0325.webp
326-building-higher-headquarter,"Build Advanced Headquarters","Разбить Улучшенный Лагерь",active,1,/skill0326.webp
327-wyvern-aegis,"Wyvern Aegis","Защита Виверны",active,1,/skill0327.webp
1324-summon-cp-potion,"Summon CP Potion","Призвать Зелье CP",active,1,/skill1324.webp
1325-fortune-of-noblesse,"Fortune of Noblesse","Удача Благородных",active,1,/skill1325.webp
1326-harmony-of-noblesse,"Harmony of Noblesse","Гармония Благородных",active,1,/skill1326.webp
1327-symphony-of-noblesse,"Symphony of Noblesse","Симфония Благородных",active,1,/skill1327.webp
1328-mass-summon-storm-cubic,"Mass Summon Storm Cubic","Массовый Призыв Кубов Шторма",active,8,/skill1328.webp
1329-mass-summon-aqua-cubic,"Mass Summon Aqua Cubic","Массовый Призыв Кубов Воды",active,9,/skill1329.webp
1330-mass-summon-poltergeist-cubic,"Mass Summon Phantom Cubic","Массовый Призыв Призрачных Кубов",active,8,/skill1330.webp
1331-summon-queen-of-cat,"Summon Feline Queen","Призвать Королеву Кошек",active,10,/skill1331.webp
1332-summon-unicorn-seraphim,"Summon Unicorn Seraphim","Призвать Серафима",active,10,/skill1332.webp
1333-summon-nightshade,"Summon Nightshade","Призвать Молоха",active,10,/skill1333.webp
1334-summon-cursed-man,"Summon Cursed Man","Призвать Проклятого",active,7,/skill1334.webp
328-wisdom,"Wisdom","Мудрость",passive,1,/skill0328.webp
329-health,"Health","Здоровье",passive,1,/skill0329.webp
330-skill-mastery-fighter,"Skill Mastery","Мастерство Умений",passive,1,/skill0330.webp
331-skill-mastery-mage,"Skill Mastery","Мастерство Умений",passive,1,/skill0330.webp
332-extra-inventory,"Extra Inventory","Расширенный Инвентарь",passive,1,/skill0332.webp
333-extra-sales-slot,"Extra Sales Slots","Дополнительные Слоты Для Продажи",passive,1,/skill0333.webp
334-focus-skill-mastery,"Focus Skill Mastery","Фокусировка Мастерства Умений",toggle,1,/skill0334.webp
335-fortitude,"Fortitude","Стойкость",toggle,1,/skill0335.webp
336-arcane-wisdom,"Arcane Wisdom","Тайная Мудрость",toggle,1,/skill0336.webp
337-arcane-power,"Arcane Power","Тайная Мудрость",toggle,1,/skill0337.webp
338-arcane-agility,"Arcane Agility","Тайная Стремительность",toggle,1,/skill0338.webp
339-parry-stance,"Parry Stance","Парирование",toggle,1,/skill0339.webp
340-riposte-stance,"Riposte Stance","Боевая Стойка Отражения",toggle,1,/skill0340.webp
341-touch-of-life,"Touch of Life","Прикосновение Жизни",active,1,/skill0341.webp
342-touch-of-death,"Touch of Death","Прикосновение Смерти",active,1,/skill0342.webp
343-lethal-shot,"Lethal Shot","Смертельный Выстрел",active,1,/skill0343.webp
344-lethal-blow,"Lethal Blow","Смертоносный Удар",active,1,/skill0344.webp
345-sonic-rage,"Sonic Rage","Ярость Звука",active,1,/skill0345.webp
346-force-rage,"Raging Force","Неистовая Сила",active,1,/skill0346.webp
347-earthquake,"Earthquake","Землетрясение",active,1,/skill0347.webp
348-spoil-crush,"Spoil Crush","Сокрушительная Оценка",active,1,/skill0348.webp
349-song-of-renewal,"Song of Renewal","Песня Возрождения",active,1,/skill0349.webp
1335-balance-life,"Balance Life","Баланс Жизни",active,1,/skill1335.webp
350-physical-mirror,"Physical Mirror","Физическое Зеркало",active,1,/skill0350.webp
351-magical-mirror,"Magical Mirror","Магическое Зеркало",active,1,/skill0351.webp
352-shield-bash,"Shield Bash","Удар Щитом",active,1,/skill0352.webp
353-shield-slam,"Shield Slam","Сокрушение Щитом",active,1,/skill0353.webp
354-hamstring-shot,"Hamstring Shot","Калечащий Выстрел",active,1,/skill0354.webp
355-focus-death,"Focus Death","Сфокусировать Смерть",active,1,/skill0355.webp
356-focus-chance,"Focus Chance","Сфокусировать Шанс",active,1,/skill0356.webp
357-focus-power,"Focus Power","Сфокусировать Мощность",active,1,/skill0357.webp
358-bluff,"Bluff","Блеф",active,1,/skill0358.webp
359-eye-of-hunter,"Eye of Hunter","Глаз Охотника",active,1,/skill0359.webp
360-eye-of-slayer,"Eye of Slayer","Глаз Убийцы",active,1,/skill0360.webp
361-shock-blast,"Shock Blast","Шокирующий Заряд",active,1,/skill0361.webp
362-armor-crush,"Armor Crush","Разрушение Брони",active,1,/skill0362.webp
363-song-of-meditation,"Song of Meditation","Песня Медитации",active,1,/skill0363.webp
364-song-of-champion,"Song of Champion","Песня Чемпиона",active,1,/skill0364.webp
365-dance-of-siren,"Dance of Siren","Танец Сирены",active,1,/skill0365.webp
366-dance-of-shadow,"Shadow Dance","Танец Теней",active,1,/skill0366.webp
367-dance-of-medusa,"Dance of Medusa","Танец Медузы",active,1,/skill0367.webp
1336-curse-of-doom,"Curse of Doom","Проклятие Судьбы",active,1,/skill1336.webp
1337-curse-of-abyss,"Curse of Abyss","Проклятие Бездны",active,1,/skill1337.webp
1338-arcane-chaos,"Arcane Chaos","Тайный Хаос",active,1,/skill1338.webp
1339-fire-vortex,"Fire Vortex","Огненный Вихрь",active,1,/skill1339.webp
1340-ice-vortex,"Ice Vortex","Ледяной Вихрь",active,1,/skill1340.webp
1341-wind-vortex,"Wind Vortex","Воздушный Вихрь",active,1,/skill1341.webp
1342-light-vortex,"Light Vortex","Вихрь Света",active,1,/skill1342.webp
1343-dark-vortex,"Dark Vortex","Вихрь Тьмы",active,1,/skill1343.webp
1344-mass-warrior-bane,"Mass Warrior Bane","Массовый Бич Воителей",active,1,/skill1344.webp
1345-mass-mage-bane,"Mass Mage Bane","Массовый Бич Магов",active,1,/skill1345.webp
1346-warrior-servitor,"Warrior Servitor","Слуга Воин",active,1,/skill1346.webp
1347-wizard-servitor,"Wizard Servitor","Слуга Волшебник",active,1,/skill1347.webp
1348-assasin-servitor,"Assassin Servitor","Слуга Убийца",active,1,/skill1348.webp
1349-final-servitor,"Final Servitor","Слуга Герой",active,1,/skill1349.webp
1350-warrior-bane,"Warrior Bane","Бич Воителей",active,1,/skill1350.webp
1351-mage-bane,"Mage Bane","Бич Магов",active,1,/skill1351.webp
1352-elemental-protection,"Elemental Protection","Защита от Стихий",active,1,/skill1352.webp
1353-divine-protection,"Divine Protection","Божественная Защита",active,1,/skill1353.webp
1354-arcane-protection,"Arcane Protection","Тайная Защита",active,1,/skill1354.webp
1355-prophecy-of-water,"Prophecy of Water","Пророчество Воды",active,1,/skill1355.webp
1356-prophecy-of-fire,"Prophecy of Fire","Пророчество Огня",active,1,/skill1356.webp
1357-prophecy-of-wind,"Prophecy of Wind","Пророчество Воздуха",active,1,/skill1357.webp
1358-block-shield,"Block Shield","Блокировка Щита",active,1,/skill1358.webp
1359-block-wind-walk,"Block Wind Walk","Блокировка Легкой Походки",active,1,/skill1359.webp
1360-mass-block-shield,"Mass Block Shield","Массовая Блокировка Щита",active,1,/skill1360.webp
1361-mass-block-wind-walk,"Mass Block Wind Walk","Массовая Блокировка Легкой Походки",active,1,/skill1361.webp
1362-chant-of-spirit,"Chant of Spirit","Напев Духа",active,1,/skill1362.webp
1363-chant-of-victory,"Chant of Victory","Напев Победы",active,1,/skill1363.webp
1364-eye-of-paagrio,"The Eye of Pa'agrio","Глаз Паагрио",active,1,/skill1364.webp
1365-soul-of-paagrio,"The Soul of Pa'agrio","Душа Паагрио",active,1,/skill1365.webp
1366-seal-of-despair,"Seal of Despair","Печать Отчаяния",active,1,/skill1366.webp
1367-seal-of-disease,"Seal of Disease","Печать Болезни",active,1,/skill1367.webp
368-vengence,"Vengeance","Мщение",active,1,/skill0368.webp
369-evade-shot,"Evade Shot","Выстрел Уклонения",active,1,/skill0369.webp
1368-expand-dwarven-craft,"Expand Dwarven Craft","Развитое Ремесло Гномов",passive,8,/skill1368.webp
1369-expand-common-craft,"Expand Common Craft","Развитое Обычное Ремесло",passive,8,/skill1369.webp
1370-expand-trade,"Expand Trade","Развитая Торговля",passive,8,/skill1370.webp
1371-expand-storage,"Expand Storage","Расширенный Склад",passive,8,/skill0333.webp
1372-expand-inventory,"Expand Inventory","Расширенный Инвентарь",passive,8,/skill0332.webp
1373-strider-mastery,"Strider Mastery","Верховая Езда",passive,1,/skill1373.webp
2001-red-potion,"Red Potion","Красное Зелье",active,1,/skill0000.webp
2002-healing-drug,"Healing Drug","Исцеляющее Снадобье",active,1,/skill0000.webp
2003-small-gourd-seed,"Squash Seed","Тыквенное Семечко",active,1,/skill0000.webp
2004-big-gourd-seed,"Large Squash Seed","Большое Тыквенное Семечко",active,1,/skill0000.webp
2005-gourd-nectar,"Pollen","Пыльца",active,1,/skill0000.webp
2006-scroll-of-enchant-weapon-a,"Scroll: Enchant Weapon (Grade A)","Свиток: Зачарование Оружия (Ранг A)",active,1,/skill0000.webp
2007-scroll-of-enchant-armor-a,"Scroll: Enchant Armor (Grade A)","Свиток: Зачарование Брони (Ранг A)",active,1,/skill0000.webp
2010-endeavor-potion,"Endeavor Potion","Зелье Стремления",active,1,/skill0000.webp
2011-quick-step-potion,"Haste Potion","Зелье Ускорения",active,1,/etc_potion_green_i00.webp
2012-swift-attack-potion,"Potion of Alacrity","Зелье Быстрой Атаки",active,1,/etc_reagent_green_i00.webp
2013-scroll-of-escape,"Scroll of Escape","Свиток Телепорта",active,1,/skill0000.webp
2014-scroll-of-resurrection,"Scroll of Resurrection","Свиток Воскрешения",active,1,/skill0000.webp
2015-scroll-of-enchant-weapon-b,"Scroll: Enchant Weapon (Grade B)","Свиток: Зачарование Оружия (Ранг B)",active,1,/skill0000.webp
2016-scroll-of-enchant-armor-b,"Scroll: Enchant Armor (Grade B)","Свиток: Зачарование Брони (Ранг B)",active,1,/skill0000.webp
2017-scroll-of-enchant-weapon-c,"Scroll: Enchant Weapon (Grade C)","Свиток: Зачарование Оружия (Ранг C)",active,1,/skill0000.webp
2018-scroll-of-enchant-armor-c,"Scroll: Enchant Armor (Grade C)","Свиток: Зачарование Брони (Ранг C)",active,1,/skill0000.webp
2019-scroll-of-enchant-weapon-d,"Scroll: Enchant Weapon (Grade D)","Свиток: Зачарование Оружия (Ранг D)",active,1,/skill0000.webp
2020-scroll-of-enchant-armor-d,"Scroll: Enchant Armor (Grade D)","Свиток: Зачарование Брони (Ранг D)",active,1,/skill0000.webp
2021-scroll-of-enchant-weapon-s,"Scroll: Enchant Weapon (Grade S)","Свиток: Зачарование Оружия (Ранг S)",active,1,/skill0000.webp
2022-scroll-of-enchant-armor-s,"Scroll: Enchant Armor (Grade S)","Свиток: Зачарование Брони (Ранг S)",active,1,/skill0000.webp
2023-fairy-fire,"Fairy Firecracker","Осколок Звезды",active,1,/skill0000.webp
2024-small-ultra-bomb,"Firecracker","Фейерверк",active,1,/skill0000.webp
2025-ultra-bomb,"Large Firecracker","Огромный Фейерверк",active,1,/skill0000.webp
2026-blessed-scroll-of-enchant-weapon-s,"Scroll: Enchant Weapon (Grade S)","Свиток: Зачарование Оружия (Ранг S)",active,1,/skill0000.webp
2027-blessed-scroll-of-enchant-weapon-a,"Scroll: Enchant Weapon (Grade A)","Свиток: Зачарование Оружия (Ранг A)",active,1,/skill0000.webp
2028-blessed-scroll-of-enchant-weapon-b,"Scroll: Enchant Weapon (Grade B)","Свиток: Зачарование Оружия (Ранг B)",active,1,/skill0000.webp
2029-blessed-scroll-of-enchant-weapon-c,"Scroll: Enchant Weapon (Grade C)","Свиток: Зачарование Оружия (Ранг C)",active,1,/skill0000.webp
2030-blessed-scroll-of-enchant-weapon-d,"Scroll: Enchant Weapon (Grade D)","Свиток: Зачарование Оружия (Ранг D)",active,1,/skill0000.webp
2031-lesser-healing-potion,"Lesser Healing Potion","Малое Зелье Исцеления",active,1,/etc_lesser_potion_red_i00.webp
2032-healing-potion,"Healing Potion","Исцеляющее Зелье",active,1,/etc_potion_scarlet_i00.webp
2034-adv-quick-step-potion,"Greater Haste Potion","Большое Зелье Ускорения",active,1,/etc_lesser_potion_green_i00.webp
2035-adv-swift-attack-potion,"Greater Swift Attack Potion","Большое Зелье Стремительной Атаки",active,1,/etc_lesser_potion_purple_i00.webp
2036-blessed-scroll-of-escape,"Blessed Scroll of Escape","Благословенный Свиток Телепорта",active,2,/skill0000.webp
2037-greater-healing-potion,"Greater Healing Potion","Большое Зелье Исцеления",active,1,/etc_reagent_white_i00.webp
2038-quick-healing-potion,"Quick Healing Potion","Зелье Быстрого Исцеления",active,1,/skill0000.webp
2039-soul-shot,"Soulshot: No Grade","Заряд Души: Без Ранга",active,1,/skill0000.webp
2040-scroll-of-escape-to-agit,"Scroll of Escape: Clan Hall","Свиток Телепорта: Холл Клана",active,1,/skill0000.webp
2041-scroll-of-escape-to-castle,"Scroll of Escape: Castle","Свиток Телепорта: Замок",active,1,/skill0000.webp
2042-antidote,"Antidote","Противоядие",active,1,/skill0000.webp
2043-advanced-antidote,"Greater Antidote","Большое Противоядие",active,1,/skill0000.webp
2044-bandage,"Bandage","Бинт",active,1,/skill0000.webp
2045-emergency-dressing,"Emergency Dressing","Повязка Первой Помощи",active,1,/skill0000.webp
2046-wolf-collar,"Wolves' Necklace","Призыв Питомца",active,1,/skill0000.webp
2047-spirit-shot,"Spiritshot: No Grade","Заряд Духа: Без Ранга",active,1,/skill0000.webp
2048-food-for-wolves,"Wolves' Food","Волчья Еда",active,1,/skill0000.webp
2049-blessed-scroll-of-resurrection,"Blessed Scroll of Resurrection","Благословенный Свиток Воскрешения",active,1,/skill0000.webp
2050-l2day-scroll-of-guidance,"Scroll of Guidance","Свиток Наведения",active,1,/etc_scroll_white_i00.webp
2051-l2day-scroll-of-death-whisper,"Scroll of Death Whisper","Свиток Смертельного Шепота",active,1,/etc_scroll_white_i00.webp
2052-l2day-scroll-of-focus,"Scroll of Focus","Свиток Фокусировки",active,1,/etc_scroll_white_i00.webp
2053-l2day-scroll-of-greater-acumen,"Scroll of Greater Acumen","Свиток Великой Проницательности",active,1,/etc_scroll_white_i00.webp
2054-l2day-scroll-of-haste,"Scroll of Haste","Свиток Ускорения",active,1,/etc_scroll_white_i00.webp
2055-l2day-scroll-of-agility,"Scroll of Agility","Свиток Ловкости",active,1,/etc_scroll_white_i00.webp
2056-l2day-scroll-of-empower,"Scroll of Mystic Empower","Свиток Магического Блага",active,1,/etc_scroll_white_i00.webp
2057-l2day-scroll-of-might,"Scroll of Might","Свиток Могущества",active,1,/etc_scroll_white_i00.webp
2058-l2day-scroll-of-wind-walk,"Scroll of Wind Walk","Свиток Легкой Походки",active,1,/etc_scroll_white_i00.webp
2059-l2day-scroll-of-shield,"Scroll of Shield","Свиток Щита",active,1,/etc_scroll_white_i00.webp
2060-q-potion-of-recovery,"Healing Medicine","Исцеляющее Лекарство",active,1,/skill0000.webp
2061-blessed-spiritshot,"Blessed Spiritshot: No Grade","Благословенный Заряд Духа: Без Ранга",active,1,/skill0000.webp
2062-l2day-scroll-of-resurrection,"none","Благословенный Свиток Воскрешения",active,1,/skill0000.webp
2063-food-for-hatchling,"Hatchling Food","Еда Птенца",active,1,/skill0000.webp
2064-l2day-scroll-of-mana-regeneration,"Scroll of Mana Regeneration","Свиток Регенерации Маны",active,1,/etc_scroll_white_i00.webp
2065-key-of-box,"Box Key","Ключ от Коробки",active,8,/skill0000.webp
2066-jewel-triumph,"Item - Theme Sound Crystal","Предмет - Звонкий Кристалл Темы",active,1,/skill0000.webp
2067-jewel-ridicule,"Item - Theme Sound Crystal","Предмет - Звонкий Кристалл Темы",active,1,/skill0000.webp
2068-jewel-orc,"Item - Race Sound Crystal","Предмет - Звонкий Кристалл Расы",active,1,/skill0000.webp
2069-jewel-human,"Item - Race Sound Crystal","Предмет - Звонкий Кристалл Расы",active,1,/skill0000.webp
2070-jewel-elf,"Item - Race Sound Crystal","Предмет - Звонкий Кристалл Расы",active,1,/skill0000.webp
2071-jewel-dwarf,"Item - Race Sound Crystal","Предмет - Звонкий Кристалл Расы",active,1,/skill0000.webp
2072-jewel-darkelf,"Item - Race Sound Crystal","Предмет - Звонкий Кристалл Расы",active,1,/skill0000.webp
2073-jewel-celebrate,"Item - Theme Sound Crystal","Предмет - Звонкий Кристалл Темы",active,1,/skill0000.webp
2074-scroll-of-critical-escape,"Potion of Critical Escape","Зелье Критического Бегства",active,1,/etc_potion_red_i00.webp
2075-decrease-hate-potion,"Decrease Hate Scroll","Свиток Уменьшения Ненависти",active,1,/skill0000.webp
2076-lung-capacity-potion,"Bless of Eva","Благословение Евы",active,1,/etc_bless_of_eva_i00.webp
2077-extreme-damage-shield,"Potion of Revenge","Зелье Возмездия",active,1,/etc_potion_blue_i00.webp
2078-restoration,"Compressed Package of Soulshots: No Grade","Упаковка Зарядов Души: Без Ранга",active,1,/skill0000.webp
2079-restoration,"Compressed Package of Soulshots: D-grade","Упаковка Зарядов Души: Ранг D",active,1,/skill0000.webp
2080-restoration,"Compressed Package of Soulshots: C-grade","Упаковка Зарядов Души: Ранг C",active,1,/skill0000.webp
2081-restoration,"Compressed Package of Soulshots: B-grade","Упаковка Зарядов Души: Ранг B",active,1,/skill0000.webp
2082-restoration,"Compressed Package of Soulshots: A-grade","Упаковка Зарядов Души: Ранг A",active,1,/skill0000.webp
2083-restoration,"Compressed Package of Soulshots: S-grade","Упаковка Зарядов Души: Ранг S",active,1,/skill0000.webp
2084-restoration,"Compressed Package of Spiritshots: No Grade","Упаковка Зарядов Духа: Без Ранга",active,1,/skill0000.webp
2085-restoration,"Compressed Package of Spiritshots: D-grade","Упаковка Зарядов Духа: Ранг D",active,1,/skill0000.webp
2086-restoration,"Compressed Package of Spiritshots: C-grade","Упаковка Зарядов Духа: Ранг C",active,1,/skill0000.webp
2087-restoration,"Compressed Package of Spiritshots: B-grade","Упаковка Зарядов Духа: Ранг B",active,1,/skill0000.webp
2088-restoration,"Compressed Package of Spiritshots: A-grade","Упаковка Зарядов Духа: Ранг A",active,1,/skill0000.webp
2089-restoration,"Compressed Package of Spiritshots: S-grade","Упаковка Зарядов Духа: Ранг S",active,1,/skill0000.webp
2090-restoration,"Compressed Package of Blessed Spiritshots: No Grade","Упаковка Благословенных Зарядов Духа: Без Ранга",active,1,/skill0000.webp
2091-restoration,"Compressed Package of Blessed Spiritshots: D-grade","Упаковка Благословенных Зарядов Духа: Ранг D",active,1,/skill0000.webp
2092-restoration,"Compressed Package of Blessed Spiritshots: C-grade","Упаковка Благословенных Зарядов Духа: Ранг C",active,1,/skill0000.webp
2093-restoration,"Compressed Package of Blessed Spiritshots: B-grade","Упаковка Благословенных Зарядов Духа: Ранг B",active,1,/skill0000.webp
2094-restoration,"Compressed Package of Blessed Spiritshots: A-grade","Упаковка Благословенных Зарядов Духа: Ранг A",active,1,/skill0000.webp
2095-restoration,"Compressed Package of Blessed Spiritshots: S-grade","Упаковка Благословенных Зарядов Духа: Ранг S",active,1,/skill0000.webp
2096-fake-drain,"Soul Crystal","Кристалл Душ",active,1,/skill0000.webp
2097-sowing,"Sowing","Посев",active,3,/skill0000.webp
2098-harvesting,"Harvesting","Сбор",active,1,/skill0000.webp
2099-escape-5min,"Escape: 5 minutes","Бегство: 5 минут",active,1,/skill0000.webp
2100-escape-1sec,"Escape: 1 second","Бегство: 1 секунда",active,1,/skill0000.webp
2101-food-for-strider,"Feed: General Strider","Еда: Обычный Ездовой Дракон",active,1,/skill0000.webp
2102-deluxe-food-for-strider,"Feed: Clan Hall Strider","Еда: Ездовой Дракон Клан Холла",active,1,/skill0000.webp
2103-big-head,"Mystery Potion","Загадочное Зелье",active,1,/skill0000.webp
2104-adv-restoration,"Greater Compressed Package of Soulshots: No-grade","Большая Упаковка Зарядов Души: Без Ранга",active,1,/skill0000.webp
2105-adv-restoration,"Greater Compressed Package of Soulshots:  D-grade","Большая Упаковка Зарядов Души: Ранг D",active,1,/skill0000.webp
2106-adv-restoration,"Greater Compressed Package of Soulshots:  C-grade","Большая Упаковка Зарядов Души: Ранг C",active,1,/skill0000.webp
2107-adv-restoration,"Greater Compressed Package of Soulshots:  B-grade","Большая Упаковка Зарядов Души: Ранг B",active,1,/skill0000.webp
2108-adv-restoration,"Greater Compressed Package of Soulshots:  A-grade","Большая Упаковка Зарядов Души: Ранг A",active,1,/skill0000.webp
2109-adv-restoration,"Greater Compressed Package of Soulshots: S-grade","Большая Упаковка Зарядов Души: Ранг S",active,1,/skill0000.webp
2110-adv-restoration,"Greater Compressed Package of Spiritshots:  No-grade","Большая Упаковка Зарядов Духа: Без Ранга",active,1,/skill0000.webp
2111-adv-restoration,"Greater Compressed Package of Spiritshots:  D-grade","Большая Упаковка Зарядов Духа: Ранг D",active,1,/skill0000.webp
2112-adv-restoration,"Greater Compressed Package of Spiritshots:  C-grade","Большая Упаковка Зарядов Духа: Ранг C",active,1,/skill0000.webp
2113-adv-restoration,"Greater Compressed Package of Spiritshots:  B-grade","Большая Упаковка Зарядов Духа: Ранг B",active,1,/skill0000.webp
2114-adv-restoration,"Greater Compressed Package of Spiritshots: A-grade","Большая Упаковка Зарядов Духа: Ранг A",active,1,/skill0000.webp
2115-adv-restoration,"Greater Compressed Package of Spiritshots: S-grade","Большая Упаковка Зарядов Духа: Ранг S",active,1,/skill0000.webp
2116-adv-restoration,"Greater Compressed Package of Blessed Spiritshots:  No-grade","Большая Упаковка Благословенных Зарядов Духа: Без Ранга",active,1,/skill0000.webp
2117-adv-restoration,"Greater Compressed Package of Blessed Spiritshots:  D-grade","Большая Упаковка Благословенных Зарядов Духа: Ранг D",active,1,/skill0000.webp
2118-adv-restoration,"Greater Compressed Package of Blessed Spiritshots:  C-grade","Большая Упаковка Благословенных Зарядов Духа: Ранг C",active,1,/skill0000.webp
2119-adv-restoration,"Greater Compressed Package of Blessed Spiritshots:  B-grade","Большая Упаковка Благословенных Зарядов Духа: Ранг B",active,1,/skill0000.webp
2120-adv-restoration,"Greater Compressed Package of Blessed Spiritshots: A-grade","Большая Упаковка Благословенных Зарядов Духа: Ранг A",active,1,/skill0000.webp
2121-adv-restoration,"Greater Compressed Package of Blessed Spiritshots: S-grade","Большая Упаковка Благословенных Зарядов Духа: Ранг S",active,1,/skill0000.webp
2122-change-face-a,"Facelifting Potion","Косметическое Зелье",active,1,/skill0000.webp
2123-change-face-b,"Facelifting Potion","Косметическое Зелье",active,1,/skill0000.webp
2124-change-face-c,"Facelifting Potion","Косметическое Зелье",active,1,/skill0000.webp
2125-change-hair-color-a,"Dye Potion","Красящее Зелье",active,1,/skill0000.webp
2126-change-hair-color-b,"Dye Potion","Красящее Зелье",active,1,/skill0000.webp
2127-change-hair-color-c,"Dye Potion","Красящее Зелье",active,1,/skill0000.webp
2128-change-hair-color-d,"Dye Potion","Красящее Зелье",active,1,/skill0000.webp
2129-change-hair-style-a,"Hair Style Change Potion","Зелье Смены Прически",active,1,/skill0000.webp
2130-change-hair-style-b,"Hair Style Change Potion","Зелье Смены Прически",active,1,/skill0000.webp
2131-change-hair-style-c,"Hair Style Change Potion","Зелье Смены Прически",active,1,/skill0000.webp
2132-change-hair-style-d,"Hair Style Change Potion","Зелье Смены Прически",active,1,/skill0000.webp
2133-change-hair-style-e,"Hair Style Change Potion","Зелье Смены Прически",active,1,/skill0000.webp
2134-change-hair-style-f,"Hair Style Change Potion","Зелье Смены Прически",active,1,/skill0000.webp
2135-change-hair-style-g,"Hair Style Change Potion","Зелье Смены Прически",active,1,/skill0000.webp
2136-cake,"Rice Cake","Рисовый Пирог",active,1,/skill0000.webp
2137-summon-x-mas-tree-a,"Summon Regular Tree","Призыв Обычного Дерева",active,1,/skill0000.webp
2138-summon-x-mas-tree-b,"Summon Special Tree","Призыв Особого Дерева",active,1,/skill0000.webp
2139-x-mas-tree-b-bonus,"Special Tree Recovery Bonus","Особый Бонус Дерева Восстановления",active,1,/skill1044.webp
2140-jewel-carol,"Item - Carol Sound Crystal","Предмет - Звонкий Кристалл Гимна",active,1,/skill0000.webp
2141-jewel-carol,"Item - Carol Sound Crystal","Предмет - Звонкий Кристалл Гимна",active,1,/skill0000.webp
2142-jewel-carol,"Item - Carol Sound Crystal","Предмет - Звонкий Кристалл Гимна",active,1,/skill0000.webp
2143-jewel-carol,"Item - Carol Sound Crystal","Предмет - Звонкий Кристалл Гимна",active,1,/skill0000.webp
2144-jewel-carol,"Item - Carol Sound Crystal","Предмет - Звонкий Кристалл Гимна",active,1,/skill0000.webp
2145-jewel-carol,"Item - Carol Sound Crystal","Предмет - Звонкий Кристалл Гимна",active,1,/skill0000.webp
2146-jewel-carol,"Item - Carol Sound Crystal","Предмет - Звонкий Кристалл Гимна",active,1,/skill0000.webp
2147-jewel-carol,"Item - Carol Sound Crystal","Предмет - Звонкий Кристалл Гимна",active,1,/skill0000.webp
2148-jewel-carol,"Item - Carol Sound Crystal","Предмет - Звонкий Кристалл Гимна",active,1,/skill0000.webp
2149-jewel-carol,"Item - Carol Sound Crystal","Предмет - Звонкий Кристалл Гимна",active,1,/skill0000.webp
2150-soul-shot-d,"Soulshot: D-Grade","Заряд Души: Ранг D",active,1,/skill0000.webp
2151-soul-shot-c,"Soulshot: C-Grade","Заряд Души: Ранг C",active,1,/skill0000.webp
2152-soul-shot-b,"Soulshot: B-Grade","Заряд Души: Ранг B",active,1,/skill0000.webp
2153-soul-shot-a,"Soulshot: A-Grade","Заряд Души: Ранг A",active,1,/skill0000.webp
2154-soul-shot-s,"Soulshot: S-Grade","Заряд Души: Ранг S",active,1,/skill0000.webp
2155-spirit-shot-d,"Spiritshot: D-Grade","Заряд Духа: Ранг D",active,1,/skill0000.webp
2156-spirit-shot-c,"Spiritshot: C-Grade","Заряд Духа: Ранг C",active,1,/skill0000.webp
2157-spirit-shot-b,"Spiritshot: B-Grade","Заряд Духа: Ранг B",active,1,/skill0000.webp
2158-spirit-shot-a,"Spiritshot: A-Grade","Заряд Духа: Ранг A",active,1,/skill0000.webp
2159-spirit-shot-s,"Spiritshot: S-Grade","Заряд Духа: Ранг S",active,1,/skill0000.webp
2160-blessed-spiritshot-d,"Blessed Spiritshot: D-Grade","Благословенный Заряд Духа: Ранг D",active,1,/skill0000.webp
2161-blessed-spiritshot-c,"Blessed Spiritshot: C-Grade","Благословенный Заряд Духа: Ранг C",active,1,/skill0000.webp
2162-blessed-spiritshot-b,"Blessed Spiritshot: B-Grade","Благословенный Заряд Духа: Ранг B",active,1,/skill0000.webp
2163-blessed-spiritshot-a,"Blessed Spiritshot: A-Grade","Благословенный Заряд Духа: Ранг A",active,1,/skill0000.webp
2164-blessed-spiritshot-s,"Blessed Spiritshot: S-Grade","Благословенный Заряд Духа: Ранг S",active,1,/skill0000.webp
2165-energy-stone,"Energy Stone","Камень Энергии",active,1,/skill0000.webp
2166-cp-potion,"CP Gauge Potion","Зелье Шкалы CP",active,2,/skill0000.webp
2167-sp-scroll,"Scroll of SP","Свиток SP",active,3,/skill0000.webp
2168-charm-of-luck,"Raid Blessing","Благословение Рейда",active,6,/etc_orcish_talisman_i00.webp
2169-potion-of-acumen,"Magic Haste Potion","Зелье Ускорения Магии",active,2,/etc_reagent_green_i00.webp
2170-scroll-of-awake,"Scroll: Cancel Sleep","Свиток: Пробуждение",active,1,/skill0000.webp
2171-page-of-spellbook,"Spellbook Paper","Бумага для Книги Заклинаний",active,1,/skill0000.webp
2172-q-giants-scroll,"Scroll of Giants","Свиток Гигантов",active,1,/skill0000.webp
2173-q-giants-book,"Book of Giants","Книга Гигантов",active,1,/skill0000.webp
2174-ingredient-pouch,"Ingredient Bag","Сумка с Ингредиентами",active,3,/skill0000.webp
2175-ingredient-box,"Ingredient Box","Коробка с Ингредиентами",active,1,/skill0000.webp
2176-ancient-papyrus,"Ancient Papyrus","Древний Папирус",active,4,/skill0000.webp
2177-blessed-scroll-of-escape-agit,"Blessed Scroll of Escape: Clan Hall","Благословенный Свиток Телепорта: Клан Холл",active,1,/skill0000.webp
2178-blessed-scroll-of-escape-castle,"Blessed Scroll of Escape: Castle","Благословенный Свиток Телепорта: Замок",active,1,/skill0000.webp
2179-blessed-scroll-of-resurrection-pet,"Blessed Scroll of Resurrection: Pet","Благословенный Свиток Воскрешения: Питомец",active,1,/skill0000.webp
2180-advdeluxe-food-for-strider,"Feed: Castle Strider","Еда: Ездовой Дракон Замка",active,1,/skill0000.webp
2181-fishing-shot-none,"Item - Fishing Shot","Предмет - Магическая Снасть",active,1,/skill0000.webp
2182-fishing-shot-d,"Item - Fishing Shot","Предмет - Магическая Снасть",active,1,/skill0000.webp
2183-fishing-shot-c,"Item - Fishing Shot","Предмет - Магическая Снасть",active,1,/skill0000.webp
2184-fishing-shot-b,"Item - Fishing Shot","Предмет - Магическая Снасть",active,1,/skill0000.webp
2185-fishing-shot-a,"Item - Fishing Shot","Предмет - Магическая Снасть",active,1,/skill0000.webp
2186-fishing-shot-s,"Item - Fishing Shot","Предмет - Магическая Снасть",active,1,/skill0000.webp
2033-beast-soul-shot,"Item - Beast Soul Shot","Предмет - Заряд Души Зверя",active,1,/skill0000.webp
2008-beast-spirit-shot,"Item - Beast Spirit Shot","Предмет - Заряд Духа Зверя",active,1,/skill0000.webp
2009-blessed-beast-spirit-shot,"Item - Beast Blessed Spirit Shot","Предмет - Благословенный Заряд Духа Зверя",active,1,/skill0000.webp
2187-jewel-minu,"Item - Special Sound Crystal","Предмет - Особый Звонкий Кристалл",active,1,/skill0000.webp
2188-golden-spice,"Golden Spice","Золотые Пряности",active,1,/skill0000.webp
2189-crystal-spice,"Crystal Spice","Кристальные Пряности",active,1,/skill0000.webp
2190-small-green-swift-fish,"Item - Green Fish","Предмет - Зеленая Рыба",active,9,/skill0000.webp
2191-small-jade-swift-fish,"Item - Jade Fish","Предмет - Салатовая Рыба",active,9,/skill0000.webp
2192-small-blue-swift-fish,"Item - Blue Fish","Предмет - Синяя Рыба",active,9,/skill0000.webp
2193-small-yellow-swift-fish,"Item - Yellow Fish","Предмет - Желтая Рыба",active,9,/skill0000.webp
2194-small-orange-swift-fish,"Item - Orange Fish","Предмет - Оранжевая Рыба",active,9,/skill0000.webp
2195-small-violet-swift-fish,"Item - Violet Fish","Предмет - Фиолетовая Рыба",active,9,/skill0000.webp
2196-small-red-swift-fish,"Item - Red Fish","Предмет - Красная Рыба",active,9,/skill0000.webp
2197-small-white-swift-fish,"Item - White Fish","Предмет - Белая Рыба",active,9,/skill0000.webp
2198-small-black-swift-fish,"Item - Black Fish","Предмет - Черная Рыба",active,9,/skill0000.webp
2199-small-green-treasure-box,"Item - Green Treasue Box","Предмет - Зеленая Коробка с Сокровищами",active,3,/skill0000.webp
2200-small-jade-treasure-box,"Item - Jade Treasue Box","Предмет - Салатовая Коробка с Сокровищами",active,3,/skill0000.webp
2201-small-blue-treasure-box,"Item - Blue Treasue Box","Предмет - Синяя Коробка с Сокровищами",active,3,/skill0000.webp
2202-small-yellow-treasure-box,"Item - Yellow Treasue Box","Предмет - Желтая Коробка с Сокровищами",active,3,/skill0000.webp
2203-small-orange-treasure-box,"Item - Orange Treasue Box","Предмет - Оранжевая Коробка с Сокровищами",active,3,/skill0000.webp
2204-small-violet-treasure-box,"Item - Violet Treasue Box","Предмет - Фиолетовая Коробка с Сокровищами",active,3,/skill0000.webp
2205-small-red-treasure-box,"Item - Red Treasue Box","Предмет - Красная Коробка с Сокровищами",active,3,/skill0000.webp
2206-small-white-treasure-box,"Item - White Treasue Box","Предмет - Белая Коробка с Сокровищами",active,3,/skill0000.webp
2207-small-black-treasure-box,"Item - Black Treasue Box","Предмет - Черная Коробка с Сокровищами",active,3,/skill0000.webp
2208-blessed-scroll-of-enchant-armor-s,"Item - Blessed Scroll of Enchant Armor","Предмет - Благословенный Свиток Зачарования Брони",active,1,/skill0000.webp
2209-blessed-scroll-of-enchant-armor-a,"Item - Blessed Scroll of Enchant Armor","Предмет - Благословенный Свиток Зачарования Брони",active,1,/skill0000.webp
2210-blessed-scroll-of-enchant-armor-b,"Item - Blessed Scroll of Enchant Armor","Предмет - Благословенный Свиток Зачарования Брони",active,1,/skill0000.webp
2211-blessed-scroll-of-enchant-armor-c,"Item - Blessed Scroll of Enchant Armor","Предмет - Благословенный Свиток Зачарования Брони",active,1,/skill0000.webp
2212-blessed-scroll-of-enchant-armor-d,"Item - Blessed Scroll of Enchant Armor","Предмет - Благословенный Свиток Зачарования Брони",active,1,/skill0000.webp
2213-escape-scroll-talking,"Escape - Talking Island Village","Телепорт - Деревня Говорящего Острова",active,21,/skill0000.webp
2214-q-escape-scroll-talking,"Scroll of Escape to Talking Island","Свиток Телепорта: Говорящий Остров",active,6,/skill0000.webp
2215-q-special-box,"Item - Quest Special Box","Предмет - Особая Квестовая Коробка",active,4,/skill0000.webp
2216-q-special-fish,"Item - Quest Special Fish","Предмет - Особая Квестовая Рыба",active,4,/skill0000.webp
2217-q-white-trbox,"Item - Quest Treasure Box","Предмет - Квестовая Коробка с Сокровищами",active,5,/skill0000.webp
2218-q-dirty-yellow-sac,"Item - Quest Sac","Предмет - Квестовый Мешочек",active,3,/skill0000.webp
2219-q-clean-brown-pouch,"Item - Quest Sac","Предмет - Квестовый Мешочек",active,2,/skill0000.webp
2220-easy-small-green-swift-fish,"Item - Easy Green Fish","Предмет - Обычная Зеленая Рыба",active,9,/skill0000.webp
2221-easy-small-jade-swift-fish,"Item - Easy Jade Fish","Предмет - Обычная Салатовая Рыба",active,9,/skill0000.webp
2222-easy-small-blue-swift-fish,"Item - Easy Blue Fish","Предмет - Обычная Синяя Рыба",active,9,/skill0000.webp
2223-easy-small-yellow-swift-fish,"Item - Easy Yellow Fish","Предмет - Обычная Желтая Рыба",active,9,/skill0000.webp
2224-easy-small-orange-swift-fish,"Item - Easy Orange Fish","Предмет - Обычная Оранжевая Рыба",active,9,/skill0000.webp
2225-easy-small-violet-swift-fish,"Item - Easy Violet Fish","Предмет - Обычная Фиолетовая Рыба",active,9,/skill0000.webp
2226-easy-small-red-swift-fish,"Item - Easy Red Fish","Предмет - Обычная Красная Рыба",active,9,/skill0000.webp
2227-easy-small-white-swift-fish,"Item - Easy White Fish","Предмет - Обычная Белая Рыба",active,9,/skill0000.webp
2228-easy-small-black-swift-fish,"Item - Easy Black Fish","Предмет - Обычная Черная Рыба",active,9,/skill0000.webp
2229-key-of-treasure-box,"Treasure Chest Key - 1","Ключ от Сундука с Сокровищами - 1",active,8,/skill0000.webp
2230-jewel-wedding,"Item - Theme Sound Crystal","Предмет - Звонкий Кристалл Темы",active,1,/skill0000.webp
2231-blesscharm-ward-val,"Amulet: Protection of Valakas","Амулет: Защита от Валакаса",active,1,/etc_blesscharm_ward_val_i00.webp
2232-blesscharm-slay-val,"Amulet: Slay Valakas","Амулет: Убийца Валакаса",active,1,/etc_blesscharm_slay_val_i00.webp
2233-aidcharm-cancel-valbreath,"Amulet: Flames of Valakas","Амулет: Пламя Валакаса",active,1,/skill0000.webp
3001-int,"int_1","int_2",passive,1,/skill0000.webp
3002-int,"int_2","int_2",passive,1,/skill0000.webp
3003-str,"str_2","str_2",passive,1,/skill0000.webp
3004-maxmp,"maxmp_5","maxmp_5",passive,1,/skill0000.webp
3005-bloody-weapon,"Bleed","Кровопускание",active,1,/skill0223.webp
3006-set-collected,"Equip Set Items","Экипировка Комплекта",passive,1,/skill0042.webp
3007-hit-up-sword,"Special Ability: Guidance","Особое Умение: Наведение",passive,6,/skill1240.webp
3008-hit-up-bow,"Special Ability: Guidance","Особое Умение: Наведение",passive,6,/skill1240.webp
3009-avoid-up,"Special Ability: Evasion","Особое Умение: Уклонение",passive,6,/skill0198.webp
3010-critical-rate-up-sword,"Special Ability: Focus","Особое Умение: Фокусировка",passive,6,/skill1077.webp
3011-critical-rate-up-dagger,"Special Ability: Focus","Особое Умение: Фокусировка",passive,6,/skill1077.webp
3012-maxhp-down-dmg-up,"Special Ability: Anger","Особое Умение: Ярость",passive,6,/skill1062.webp
3013-maxhp-up,"Special Ability: Health","Особое Умение: Здоровье",passive,4,/skill0211.webp
3014-maxmp-up,"Special Ability: Mana Up","Особое Умение: Увеличение Маны",passive,2,/skill0213.webp
3016-critical-fan-range-stun,"Special Ability: Critical Stun","Особое Умение: Критическое Оглушение",active,6,/skill0100.webp
3018-back-critical-sword,"Special Ability: Back Blow","Особое Умение: Удар в Спину",passive,6,/skill1077.webp
3019-back-critical-dagger,"Special Ability: Back Blow","Особое Умение: Удар в Спину",passive,6,/skill1077.webp
3020-critical-bleed-dagger,"Special Ability: Critical Bleed","Особое Умение: Критическое Кровопускание",active,6,/skill0223.webp
3021-critical-bleed-bow,"Special Ability: Critical Bleed","Особое Умение: Критическое Кровопускание",active,6,/skill0223.webp
3022-critical-drain-energy-sword,"Special Ability: Critical Drain","Особое Умение: Критическое Поглощение",active,6,/skill0070.webp
3023-critical-dmg-up-sword,"Special Ability: Critical Damage","Особое Умение: Критический Урон",passive,6,/skill0193.webp
3043-critical-dmg-up-dagger,"Special Ability: Critical Damage","Особое Умение: Критический Урон",passive,6,/skill0193.webp
3024-critical-poison-sword,"Special Ability: Critical Poison","Особое Умение: Критическое Отравление",active,6,/skill1168.webp
3025-critical-anger,"Special Ability: Critical Anger","Особое Умение: Критическая Ярость",active,6,/skill0000.webp
3026-critical-anger,"Special Ability: Critical Anger","Особое Умение: Критическая Ярость",passive,6,/skill1062.webp
3027-risk-focus-blunt,"Special Ability: Rsk. Focus","Особое Умение: Риск. Фокусировка",passive,6,/skill1077.webp
3028-risk-evasion-sword,"Special Ability: Rsk. Evasion","Особое Умение: Риск. Уклонение",passive,6,/skill0198.webp
3029-risk-evasion-dagger,"Special Ability: Rsk. Evasion","Особое Умение: Риск. Уклонение",passive,6,/skill0198.webp
3030-risk-evasion-fist,"Special Ability: Rsk. Evasion","Особое Умение: Риск. Уклонение",passive,6,/skill0198.webp
3031-risk-evasion-staff,"Special Ability: Rsk. Evasion","Особое Умение: Риск. Уклонение",passive,6,/skill0198.webp
3032-risk-haste-sword,"Special Ability: Rsk. Haste","Особое Умение: Риск. Ускорение",passive,6,/skill1086.webp
3033-risk-haste-dagger,"Special Ability: Rsk. Haste","Особое Умение: Риск. Ускорение",passive,6,/skill1086.webp
3034-risk-haste-fist,"Special Ability: Rsk. Haste","Особое Умение: Риск. Ускорение",passive,6,/skill1086.webp
3035-might-motal,"Special Ability: Mighty Mortal","Особое Умение: Смертельная Сила",passive,6,/skill0016.webp
3036-attack-speed-sword-blunt,"Special Ability: Haste","Особое Умение: Ускорение",passive,6,/skill1086.webp
3037-attack-speed-fist,"Special Ability: Haste","Особое Умение: Ускорение",passive,6,/skill1086.webp
3038-attack-speed-bow,"Special Ability: Haste","Особое Умение: Ускорение",passive,6,/skill1086.webp
3039-critical-drain-energy-fist,"Special Ability: Critical Drain","Особое Умение: Критическое Поглощение",active,6,/skill0000.webp
3040-critical-poison-fist,"Special Ability: Critical Poison","Особое Умение: Критическое Отравление",active,6,/skill1168.webp
3041-critical-poison-dagger,"Special Ability: Critical Poison","Особое Умение: Критическое Отравление",active,6,/skill1168.webp
3042-crt-damage-dual,"Special Ability: Critical Damage","Особое Умение: Критический Урон",passive,20,/skill0193.webp
3044-focus-dual,"Special Ability: Focus","Особое Умение: Фокусировка",passive,20,/skill1077.webp
3045-haste-dual,"Special Ability: Haste","Особое Умение: Ускорение",passive,20,/skill1086.webp
3046-guidence-dual,"Special Ability: Guidance","Особое Умение: Наведение",passive,20,/skill1240.webp
3047-opt-acumen,"Special Ability: Acumen","Особое Умение: Проницательность",passive,2,/skill1085.webp
3048-opt-updown,"Special Ability: Conversion","Особое Умение: Преобразование",passive,2,/skill1048.webp
3049-opt-magic-damage,"Special Ability: Increase Critical","Особое Умение: Шанс Крит. Уд.",active,2,/skill0000.webp
3050-opt-focus-low-cri,"Special Ability: Focus","Особое Умение: Фокусировка",passive,1,/skill1077.webp
3051-opt-focus-high-cri,"Special Ability: Focus","Особое Умение: Фокусировка",passive,1,/skill1077.webp
3052-opt-crt-bleed-blunt,"Special Ability: Critical Bleed","Особое Умение: Критическое Кровопускание",active,2,/skill0223.webp
3053-opt-crt-bleed-bow,"Special Ability: Critical Bleed","Особое Умение: Критическое Кровопускание",active,2,/skill0223.webp
3054-opt-crt-bleed-dagger,"Special Ability: Critical Bleed","Особое Умение: Критическое Кровопускание",active,2,/skill0223.webp
3055-opt-crt-bleed-2hsword,"Special Ability: Critical Bleed","Особое Умение: Критическое Кровопускание",active,2,/skill0223.webp
3056-opt-rsk-haste,"Special Ability: Rsk. Haste","Особое Умение: Риск. Ускорение",passive,2,/skill1086.webp
3057-opt-anger-medium-pa,"Special Ability: Anger","Особое Умение: Ярость",passive,2,/skill1062.webp
3058-opt-anger-high-pa,"Special Ability: Anger","Особое Умение: Ярость",passive,2,/skill1062.webp
3059-opt-crt-drain-blunt,"Special Ability: Critical Drain","Особое Умение: Критическое Поглощение",active,2,/skill0000.webp
3060-opt-crt-drain-2hsword,"Special Ability: Critical Drain","Особое Умение: Критическое Поглощение",active,2,/skill0000.webp
3061-opt-crt-poison-sword,"Special Ability: Critical Poison","Особое Умение: Критическое Отравление",active,2,/skill1168.webp
3062-opt-crt-poison-bow,"Special Ability: Critical Poison","Особое Умение: Критическое Отравление",active,2,/skill1168.webp
3063-backblow-high-cri,"Special Ability: Back Blow","Особое Умение: Удар в Спину",passive,1,/skill1077.webp
3064-opt-guidence-low-hit,"Special Ability: Guidance","Особое Умение: Наведение",passive,1,/skill1240.webp
3065-opt-guidence-high-hit,"Special Ability: Guidance","Особое Умение: Наведение",passive,1,/skill1240.webp
3066-opt-crt-damage-dagger,"Special Ability: Critical Damage","Особое Умение: Критический Урон",passive,2,/skill0193.webp
3067-opt-crt-damage-sword,"Special Ability: Critical Damage","Особое Умение: Критический Урон",passive,2,/skill0193.webp
3068-opt-haste,"Special Ability: Haste","Особое Умение: Ускорение",passive,2,/skill1086.webp
3069-opt-rsk-evasion,"Special Ability: Risky Evasion","Особое Умение: Риск. Уклонение",passive,1,/skill0198.webp
3070-opt-crt-stun,"Special Ability: Critical Stun","Особое Умение: Критическое Оглушение",active,2,/skill0100.webp
3071-opt-rsk-focus-medium-cri,"Special Ability: Rsk. Focus","Особое Умение: Риск. Фокусировка",passive,2,/skill1077.webp
3072-opt-empower,"Special Ability: Empower","Особое Умение: Воодушевление",passive,2,/skill1059.webp
3073-opt-magicpower,"Special Ability: Magic Power","Особое Умение: Магическая Мощь",passive,2,/skill1059.webp
3074-opt-magicsilence,"Special Ability: Magic Silence","Особое Умение: Магическое Безмолвие",active,2,/skill1064.webp
3075-opt-magicparalysis,"Special Ability: Magic Paralyze","Особое Умение: Магический Паралич",active,2,/skill1170.webp
3076-opt-empower,"Special Ability: Empower","Особое Умение: Воодушевление",passive,6,/skill1059.webp
3077-opt-magicpower,"Special Ability: Magic Power","Особое Умение: Магическая Мощь",passive,6,/skill1059.webp
3078-opt-magicsilence,"Special Ability: Magic Silence","Особое Умение: Магическое Безмолвие",active,6,/skill1064.webp
3079-opt-magicparalysis,"Special Ability: Magic Paralyze","Особое Умение: Магический Паралич",active,6,/skill1170.webp
3500-wooden-breastplate,"Wooden Set","Деревянный Комплект",passive,1,/armor_t06_u_i00.webp
3501-tunic-of-devotion,"Devotion Set","Комплект Преданности",passive,1,/armor_t55_u_i00.webp
3502-mithril-breastplate,"Mithril Heavy Armor Set","Комплект Мифриловой Тяжелой Брони",passive,1,/armor_t19_u_i00.webp
3503-reinforce-leather-shirt,"Reinforced Leather Set","Комплект Укрепленной Кожаной Брони",passive,1,/armor_t13_u_i00.webp
3504-tunic-of-knowledge,"Knowledge Set","Комплект Знаний",passive,1,/armor_t41_u_i00.webp
3505-manticor-skin-shirt-texture,"Manticore Set","Комплект из Шкуры Мантикоры",passive,1,/armor_t42_u_i00.webp
3506-brigandine,"Brigandine Set","Панцирный Комплект",passive,1,/armor_t43_u_i00.webp
3507-elven-mithril-tunic,"Elven Mithril Set","Мифриловый Комплект",passive,1,/armor_elven_tunic_i00.webp
3508-tempered-mithril-shirt,"Mithril Light Armor Set","Комплект Мифриловой Легкой Брони",passive,1,/armor_t47_u_i00.webp
3509-chain-mail-shirt-material,"Chain Mail Set","Комплект Кольчужных Доспехов",passive,1,/armor_t48_u_i00.webp
3510-karmian-tunic,"Karmian Set","Комплект Магической Брони Кармиана",passive,1,/armor_t53_u_i00.webp
3511-plate-leather,"Plated Leather Set","Латный Кожаный Комплект",passive,1,/armor_t47_u_i00.webp
3512-composite-armor,"Composite Heavy Armor Set","Комплект Композитной Тяжелой Брони",passive,1,/armor_t61_ul_i00.webp
3513-demon-s-tunic,"Demon's Set","Demon's Set",passive,1,/armor_t54_u_i00.webp
3514-theca-leather-mail,"Theca Leather Light Armor Set","Комплект Кожаной Брони Тека",passive,1,/armor_t63_u_i00.webp
3515-drake-leather-mail,"Drake Leather Set","Комплект Кожаной Брони Дрейка",passive,1,/armor_t21_ul_i00.webp
3516-full-plate-armor,"Full Plate Set","Комплект Полной Латной Брони",passive,1,/armor_t62_ul_i00.webp
3517-divine-tunic,"Divine Set","Комплект Божества",passive,1,/armor_t57_u_i00.webp
3518-shrnoen-s-breastplate,"Zubei's Heavy Armor Set","Zubei's Heavy Armor Set",passive,1,/armor_t64_u_i00.webp
3519-avadon-breastplate,"Avadon Breastplate Heavy Armor Set","Комплект Тяжелой Брони Авадона",passive,1,/armor_t66_u_i00.webp
3520-shrnoen-s-leather-shirts,"Zubei's Leather Shirt Light Armor Set","Zubei's Leather Shirt Light Armor Set",passive,1,/armor_t65_u_i00.webp
3521-avadon-leather-mail,"Avadon Light Armor Set","Комплект Легкой Брони Авадона",passive,1,/armor_t67_ul_i00.webp
3522-tunic-of-shrnoen,"Tunic of Zubei Robe Set","Комплект Магической Брони Зубея",passive,1,/armor_t56_u_i00.webp
3523-avadon-robe,"Avadon Robe Set","Комплект Магической Брони Авадона",passive,1,/armor_t59_ul_i00.webp
3524-blue-wolve-s-breastplate,"Blue Wolf Heavy Armor Set","Blue Wolf Heavy Armor Set",passive,1,/armor_t68_u_i00.webp
3525-doom-plate-armor,"Doom Heavy Armor Set","Комплект Тяжелой Брони Рока",passive,1,/armor_t71_ul_i00.webp
3526-blue-wolve-s-leather-mail,"Blue Wolf Light Armor Set","Blue Wolf Light Armor Set",passive,1,/armor_t69_ul_i00.webp
3527-leather-mail-of-doom,"Doom Light Armor Set","Комплект Легкой Брони Рока",passive,1,/armor_t72_ul_i00.webp
3528-blue-wolve-s-tunic,"Blue Wolf Robe Set","Blue Wolf Robe Set",passive,1,/armor_t70_u_i00.webp
3529-tunic-of-doom,"Doom Robe Set","Комплект Магической Брони Рока",passive,1,/armor_t73_u_i00.webp
3530-dark-crystal-breastplate,"Dark Crystal Breastplate Heavy Armor Set","Комплект Тяжелой Брони Кристалла Тьмы",passive,1,/armor_t74_u_i00.webp
3531-tallum-plate-armor,"Tallum Heavy Armor Set","Комплект Тяжелой Брони Таллума",passive,1,/armor_t77_ul_i00.webp
3532-dark-crystal-leather-mail,"Dark Crystal Light Armor Set","Комплект Легкой Брони Кристалла Тьмы",passive,1,/armor_t75_u_i00.webp
3533-tallum-leather-mail,"Tallum Light Armor Set","Комплект Легкой Брони Таллума",passive,1,/armor_t78_ul_i00.webp
3534-tallum-tunic,"Tallum Robe Set","Комплект Магической Брони Таллума",passive,1,/armor_t79_u_i00.webp
3535-dark-crystal-robe,"Dark Crystal Robe Set","Комплект Магической Брони Кристалла Тьмы",passive,1,/armor_t76_ul_i00.webp
3536-armor-of-nightmare,"Nightmare Heavy Armor Set","Комплект Тяжелой Брони Кошмаров",passive,1,/armor_t80_ul_i00.webp
3537-majestic-plate-armor,"Majestic Heavy Armor Set","Комплект Тяжелой Брони Величия",passive,1,/armor_t83_ul_i00.webp
3538-leather-mail-of-nightmare,"Nightmarish Leather Light Armor Set","Комплект Легкой Брони Кошмаров",passive,1,/armor_t81_ul_i00.webp
3539-majestic-leather-mail,"Majestic Light Armor Set","Комплект Легкой Брони Величия",passive,1,/armor_t84_ul_i00.webp
3540-robe-of-nightmare,"Nightmare Robe Set","Комплект Магической Брони Кошмаров",passive,1,/armor_t82_ul_i00.webp
3541-majestic-robe,"Majestic Robe Set","Комплект Магической Брони Величия",passive,1,/armor_t85_ul_i00.webp
3542-opt-crt-damage-2hsword,"Special Ability: Critical Damage","Особое Умение: Критический Урон",passive,6,/skill0193.webp
3543-mithril-breastplate-shield,"Equipped with Shield","Экипировка со Щитом",passive,1,/skill0091.webp
3544-brigandine-shield,"Equipped with Shield","Экипировка со Щитом",passive,1,/skill0091.webp
3545-chain-mail-shirt-material-shield,"Equipped with Shield","Экипировка со Щитом",passive,1,/skill0091.webp
3546-composite-armor-shield,"Equipped with Shield","Экипировка со Щитом",passive,1,/skill0091.webp
3547-full-plate-armor-shield,"Equipped with Shield","Экипировка со Щитом",passive,1,/skill0091.webp
3548-avadon-breastplate-shield,"Equipped with Shield","Экипировка со Щитом",passive,1,/skill0091.webp
3549-doom-plate-armor-shield,"Equipped with Shield","Экипировка со Щитом",passive,1,/skill0091.webp
3550-dark-crystal-breastplate-shield,"Equipped with Shield","Экипировка со Щитом",passive,1,/skill0091.webp
3551-armor-of-nightmare-shield,"Equipped with Shield","Экипировка со Щитом",passive,1,/skill0091.webp
3552-opt-pvp-dmg-bonus,"Special Ability: PvP Damage","Особое Умение: PvP Урон",passive,2,/skill0000.webp
3553-imperial-crusader-armor,"Imperial Crusader Heavy Armor Set","Комплект Тяжелой Брони Имперского Крестоносца",passive,1,/armor_t88_u_i00.webp
3554-imperial-crusader-armor-shield,"Equipped with Shield","Экипировка со Щитом",passive,1,/skill0091.webp
3555-draconic-leather-armor,"Draconic Light Armor Set","Комплект Брони из Драконьей Кожи",passive,1,/armor_t89_ul_i00.webp
3556-major-arcana-robe,"Major Arcana Robe Set","Комплект Магической Брони Тайн",passive,1,/armor_t90_ul_i00.webp
3557-necklace-of-valakas,"Necklace of Valakas","Ожерелье Валакаса",passive,1,/accessory_necklace_of_valakas_i00.webp
3558-earing-of-antaras,"Earring of Antharas","Серьги Антараса",passive,1,/accessory_earring_of_antaras_i00.webp
3559-earing-of-zaken,"Earring of Zaken","Серьги Закена",passive,1,/accessory_earring_of_zaken_i00.webp
3560-earing-of-orfen,"Earring of Orfen","Серьги Орфена",passive,1,/accessory_earring_of_orfen_i00.webp
3561-ring-of-baium,"Ring of Baium","Кольцо Баюма",passive,1,/accessory_ring_of_baium_i00.webp
3562-ring-of-queen,"Ring of Ant Queen","Кольцо Королевы Муравьев",passive,1,/accessory_ring_of_queen_ant_i00.webp
3563-earing-of-core,"Ring of Core","Кольцо Ядра",passive,1,/accessory_ring_of_core_i00.webp
3564-opt-haste,"Special Ability: Haste","Особое Умение: Ускорение",passive,2,/skill1086.webp
3565-opt-focus-low-cri,"Special Ability: Focus","Особое Умение: Фокусировка",passive,1,/skill1077.webp
3566-opt-focus-medium-cri,"Special Ability: Focus","Особое Умение: Фокусировка",passive,2,/skill1077.webp
3567-opt-focus-high-cri,"Special Ability: Focus","Особое Умение: Фокусировка",passive,2,/skill1077.webp
3568-opt-hp-drain,"Special Ability: HP Drain","Особое Умение: Кража Жизни",passive,1,/skill1268.webp
3569-opt-hp-regeneration,"Special Ability: HP Regeneration","Особое Умение: Регенерация HP",passive,1,/skill1044.webp
3570-robust-health-dual,"Special Ability: Robust Health","Особое Умение: Крепкое Здоровье",passive,1,/skill1311.webp
3571-opt-crt-stun,"Special Ability: Crt. Stun","Особое Умение: Критическое Оглушение",active,1,/skill0100.webp
3572-opt-crt-damage,"Special Ability: Crt. Damage","Особое Умение: Критический Урон",passive,1,/skill0193.webp
3573-opt-guidence,"Special Ability: Guidance","Особое Умение: Наведение",passive,2,/skill1240.webp
3574-opt-crt-slow,"Special Ability: Crt. Slow","Особое Умение: Критическое Замедление",active,1,/skill1160.webp
3575-opt-empower,"Special Ability: Empower Option","Особое Умение: Воодушевление",passive,1,/skill1059.webp
3576-opt-mp-regeneration,"Special Ability: MP Regeneration","Особое Умение: Регенерация MP",passive,1,/skill1047.webp
3577-opt-magichold,"Special Ability: Magic Hold","Особое Умение: Магические Оковы",active,1,/skill1201.webp
3578-opt-the-infinity-blade,"Special Ability: Infinity Blade","Особое Умение: Клинок Вечности",passive,1,/weapon_the_sword_of_hero_i00.webp
3579-opt-the-infinity-blade-critical,"Decrease P. Def.","Снижение Физ. Защ.",active,1,/skill0122.webp
3580-opt-the-infinity-axe,"Special Ability: Infinity Axe","Особое Умение: Топор Вечности",passive,1,/weapon_the_axe_of_hero_i00.webp
3581-opt-the-infinity-axe-critical,"Discord","Несогласие",active,1,/skill0000.webp
3582-opt-the-infinity-cleaver,"Special Ability: Infinity Cleaver","Особое Умение: Колун Вечности",passive,1,/weapon_the_two_handed_sword_of_hero_i00.webp
3583-opt-the-infinity-crusher,"Special Ability: Infinity Crusher","Особое Умение: Крушитель Вечности",passive,1,/weapon_the_hammer_of_hero_i00.webp
3584-opt-the-infinity-crusher-critical,"Shock","Шок",active,1,/skill0100.webp
3585-opt-the-infinity-wings,"Infinity Wing","Крыло Вечности",passive,1,/weapon_the_dualsword_of_hero_i00.webp
3586-opt-the-infinity-wings-critical,"Physical Skill Restraint","Ограничитель Физических Умений",active,1,/skill1064.webp
3587-opt-the-infinity-fangs,"Special Ability: Infinity Fang","Особое Умение: Клык Вечности",passive,1,/weapon_the_fist_of_hero_i00.webp
3588-opt-the-infinity-fangs-critical,"Shock","Шок",active,1,/skill0100.webp
3589-opt-the-infinity-stinger,"Special Ability: Infinity Stinger","Особое Умение: Кинжал Вечности",passive,1,/weapon_the_dagger_of_hero_i00.webp
3590-opt-the-infinity-stinger-critical,"Silence","Безмолвие",active,1,/skill1064.webp
3591-opt-the-infinity-spear,"Special Ability: Infinity Spear","Особое Умение: Копье Вечности",passive,1,/weapon_the_pole_of_hero_i00.webp
3592-opt-the-infinity-spear-critical,"Dispell","Рассеивание",active,1,/skill0000.webp
3593-opt-the-infinity-bow,"Special Ability: Infinity Bow","Особое Умение: Лук Вечности",passive,1,/weapon_the_bow_of_hero_i00.webp
3594-opt-the-infinity-bow-critical,"Slow","Замедление",active,1,/skill1160.webp
3595-opt-the-infinity-scepter,"Special Ability: Infinity Scepter","Особое Умение: Скипетр Вечности",passive,1,/weapon_the_staff_of_hero_i00.webp
3596-opt-the-infinity-scepter-magic,"Full Recover","Полное Восстановление",active,1,/skill0000.webp
3597-opt-the-infinity-rod,"Special Ability: Infinity Rod","Особое Умение: Жезл Вечности",passive,1,/weapon_the_mace_of_hero_i00.webp
3598-opt-the-infinity-rod-magic,"Full Recover","Полное Восстановление",active,1,/skill0000.webp
3599-polearm-multi-attack,"Polearm Multi-attack","Алебарда Мультиатаки",passive,1,/skill0216.webp
3600-opt-anger-polearm,"Special Ability: Anger","Особое Умение: Ярость",passive,9,/skill1062.webp
3601-opt-haste-polearm,"Special Ability: Haste","Особое Умение: Ускорение",passive,9,/skill1086.webp
3602-opt-guidence-polearm,"Special Ability: Guidance","Особое Умение: Наведение",passive,9,/skill1240.webp
7001-dispell-buff,"Dispel Buff","Снять Положительный Эффект ",active,1,/skill0000.webp
7002-dispell-debuff,"Dispel Debuff","Снять Отрицательный Эффект ",active,1,/skill0000.webp
7003-dispell-all,"Dispel All","Снять Все Эффекты",active,1,/skill0000.webp
7008-not-used,"not_used","Не Используемый",passive,1,/skill0000.webp
7009-not-used,"not_used","Не Используемый",passive,1,/skill0000.webp
7010-not-used,"not_used","Не Используемый",passive,1,/skill0000.webp
7011-not-used,"not_used","Не Используемый",passive,1,/skill0000.webp
7012-not-used,"not_used","Не Используемый",passive,1,/skill0000.webp
7013-not-used,"not_used","Не Используемый",passive,1,/skill0000.webp
7014-not-used,"not_used","Не Используемый",passive,1,/skill0000.webp
7015-not-used,"not_used","Не Используемый",passive,1,/skill0000.webp
7016-not-used,"not_used","Не Используемый",passive,1,/skill0000.webp
7017-not-used,"not_used","Не Используемый",passive,1,/skill0000.webp
7018-not-used,"not_used","Не Используемый",passive,1,/skill0000.webp
7019-not-used,"not_used","Не Используемый",passive,1,/skill0000.webp
7020-not-used,"not_used","Не Используемый",passive,1,/skill0000.webp
7021-not-used,"not_used","Не Используемый",passive,1,/skill0000.webp
7022-not-used,"not_used","Не Используемый",passive,1,/skill0000.webp
7023-not-used,"not_used","Не Использованный",passive,1,/skill0000.webp
7024-not-used,"not_used","Не Использованный",passive,1,/skill0000.webp
7025-not-used,"not_used","Не Использованный",passive,1,/skill0000.webp
7026-not-used,"not_used","Не Использованный",passive,1,/skill0000.webp
7027-not-used,"not_used","Не Использованный",passive,1,/skill0000.webp
7028-not-used,"not_used","Не Используемый",passive,1,/skill0000.webp
7029-super-haste,"Super Haste","Супер Ускорение",active,4,/skill7029.webp
7030-sm-king-bugbear,"Summon King Bugbear","Призывает Короля Людоедов",active,1,/skill0000.webp
7031-sm-skeleton-rg,"Summon Skeleton Royal Guard","Призывает Скелет Королевского Стражника",active,1,/skill0000.webp
7032-sm-hunter-gargoyle,"Summon Hunter Gargoyle","Призывает Охотничью Горгулью",active,1,/skill0000.webp
4001-mega-storm-strike,"NPC Windstrike","NPC: Удар Ветром",active,12,/skill0000.webp
4002-blood-sucking,"NPC HP Drain","NPC: Кража Жизни",active,12,/skill0000.webp
4003-golem-body,"Golem Body","Тело Голема",passive,1,/skill0000.webp
4004-soft-bones,"Fragile Skull","Хрупкий Череп",passive,1,/skill0000.webp
4005-floating-target,"Floating Target","Плавание цели",passive,1,/skill0000.webp
4006-burning-wood,"Burning Wood","Тлеющее Дерево",passive,1,/skill0000.webp
4007-unholy,"Immortal Life","Бессмертие",passive,1,/skill0000.webp
4008-insect-skin,"Insect Skin","Хитиновый покров",passive,1,/skill0000.webp
4009-npc-resist-fire,"Resist Fire","Сопротивление Огню",passive,6,/skill4009.webp
4010-npc-resist-water,"Resist Water","Сопротивление Воде",passive,6,/skill4010.webp
4011-npc-resist-wind,"Resist Wind","Сопротивление Ветру",passive,6,/skill4011.webp
4012-npc-resist-earth,"Resist Earth","Сопротивление Земле",passive,6,/skill4012.webp
4013-fire-feature,"Resistance to Fire, Vulnerable to Water","Сопротивляемость к Огню, Уязвимость к Воде",passive,1,/skill0000.webp
4014-water-feature,"Resistance to Water, Vulnerable to Fire","Сопротивляемость к Воде, Уязвимость к Огню",passive,1,/skill0000.webp
4015-wind-feature,"Resistance to Wind, Vulnerable to Earth","Сопротивляемость к Воздуху, Уязвимость к Земле",passive,1,/skill0000.webp
4016-earth-feature,"Resistance to Earth, Vulnerable to Wind","Сопротивляемость к Земле, Уязвимость к Воздуху",passive,1,/skill0000.webp
4017-queen-ant-brandish,"Queen Ant Brandish","Размашка Королевы Муравьев",active,1,/skill0000.webp
4018-queen-ant-strike,"Decrease Speed","Понижение Скорости",active,1,/skill4018.webp
4019-queen-ant-sprinkle,"Decrease Speed","Понижение Скорости",active,1,/skill4019.webp
4020-heal-queen-ant,"Heal Queen Ant1","Лечение Королевы Муравьев1",active,1,/skill0000.webp
4021-queen-ant-body,"Queen Ant","Королева Муравьев",passive,1,/skillboss.webp
4022-nurse-ant-body,"Body of Nurse Ant","Тело Медсестры Муравьев",passive,1,/skill0000.webp
4023-rg-ant-body,"Body of Royal Guard Ant","Тело Королевского Стража Муравьев",passive,1,/skill0000.webp
4024-heal-queen-ant,"Heal Queen Ant2","Лечение Королевы Муравьев2",active,1,/skill0000.webp
4025-cat-recharge,"Master Recharge","Мастер Перезарядки",active,12,/skill0000.webp
4026-gludio-flame,"Gludio Flame","Пламя Глудио",active,1,/skill0000.webp
4027-gludio-heal,"Gludio Heal","Лечение Глудио",active,1,/skill0000.webp
4028-self-might,"NPC Might","NPC: Могущество",active,3,/skill0000.webp
4029-self-shield,"NPC Shield","NPC: Щит",active,3,/skill0000.webp
4030-npc-clan-might,"NPC Clan Might","NPC Clan Might",active,3,/skill0000.webp
4031-npc-clan-shield,"NPC Clan Aegis","NPC Clan Aegis",active,3,/skill4031.webp
4032-npc-strike,"NPC Strike","NPC: Удар",active,12,/skill0000.webp
4033-npc-burn,"NPC Burn","Ожог NPC",active,12,/skill0000.webp
4034-npc-ice,"Decrease Speed","Понижение Скорости",active,12,/skill1184.webp
4035-single-poison,"Poison","Отравление",active,12,/skill4035.webp
4036-range-poison,"Poison","Отравление",active,12,/skill4036.webp
4037-npc-weakness,"Decrease P.Atk","Понижение Физ. Атаки",active,2,/skill4037.webp
4038-npc-shackle,"Decrease Atk.Speed","Понижение Скор. Атаки.",active,5,/skill4038.webp
4039-mana-sucking,"NPC MP Drain","NPC: Поглощение MP",active,12,/skill0000.webp
4040-npc-bow-attack,"NPC Bow Attack","NPC: Выстрел из Лука",active,12,/skill0000.webp
4041-boss02-fire,"Cruma Blaze","Вспышка Крумы",active,2,/skill0000.webp
4042-nurka-fire,"Nurka Blaze","Вспышка Нурки",active,1,/skill0000.webp
4043-partisan-flame,"Partisan Flame","Пламя Приверженца",active,1,/skill0000.webp
4044-partisan-heal,"Partisan Heal","Лечение Приверженца",active,1,/skill0000.webp
4045-full-magic-defence,"Resist Full Magic Attack","Полное Сопротивление к Магическим Атакам",passive,1,/skill0000.webp
4046-npc-sleep,"Sleep","Сон",active,12,/skill4046.webp
4047-npc-hold,"Hold","Обездвиживание",active,12,/skill4047.webp
4048-npc-dash,"NPC Dash","NPC: Рывок",active,3,/skill0000.webp
4049-cubic-dd,"Cubic Drain","Поглощение Куба",active,8,/skill0000.webp
4050-cudic-drain,"Cubic Drain","Поглощение Куба",active,7,/skill0000.webp
4051-cubic-heal,"Cubic Heal","Лечение Куба",active,8,/skill0000.webp
4052-cubic-poison,"Poison","Отравление",active,6,/skill1168.webp
4053-cubic-debuff-p-attack,"Decrease P.Atk","Понижение Физ. Атаки.",active,8,/skill1164.webp
4054-cubic-debuff-p-defence,"Decrease P.Def","Понижение Физ. Защ.",active,8,/skill0122.webp
4055-cubic-debuff-a-speed,"Decrease Atk.Speed","Понижение Скор. Атаки.",active,8,/skill1206.webp
4056-unholy-attack,"Immortal Attack","Бессмертное Нападение",passive,1,/skill0000.webp
4057-bug-weakness,"Insect Weak Point","Ослабление Насекомого",passive,1,/skill0000.webp
4058-animal-weakness,"Plant Weak Point","Ослабления Растения",passive,1,/skill0000.webp
4059-plant-weakness,"Animal Weak Point","Ослабление Животного",passive,1,/skill0000.webp
4060-beast-weakness,"Beast Weak Point","Ослабления Чудовища",passive,1,/skill0000.webp
4061-dragon-weakness,"Dragon Weak Point","Ослабление Дракона",passive,1,/skill0000.webp
4062-orfen-body,"Orfen","Орфен",passive,1,/skillboss.webp
4063-orfen-strike,"Paralysis","Парализация",active,1,/skill1170.webp
4064-orfen-dispel,"Paralysis","Парализация",active,1,/skill1170.webp
4065-npc-heal,"NPC Heal","NPC: Лечение",active,12,/skill0000.webp
4066-npc-twister,"NPC Twister","NPC: Смерч",active,12,/skill0000.webp
4067-npc-blow,"NPC Mortal Blow","NPC: Смертельный удар",active,12,/skill0000.webp
4068-mech-canon,"Mechanical Cannon","Механическая Пушка",active,12,/skill0000.webp
4069-npc-beam-curve,"NPC Curve Beam Cannon","NPC: Дуговая Лучевая Пушка",active,12,/skill0000.webp
4070-area-a-speed-down,"Decrease Atk.Speed","Уменьшение Скор. Атк.",active,1,/skill1206.webp
4071-npc-resist-bow,"Resist Bow Weapons","Сопротивление Лукам/Арбалетам",passive,6,/skill4071.webp
4072-npc-thunder-storm,"Shock","Оглушение",active,12,/skill0100.webp
4073-npc-stun-attack,"Shock","Оглушение",active,12,/skill0100.webp
4074-self-haste,"NPC Haste","NPC: Ускорение",active,2,/skill1086.webp
4075-npc-shield-stun,"Shock","Оглушение",active,12,/skill0092.webp
4076-npc-slow,"Decrease Speed","Понижение Скорости",active,3,/skill1160.webp
4077-npc-aura-burn,"NPC Aura Burn","NPC: Сожжение Ауры",active,12,/skill0000.webp
4078-npc-flame-strike,"NPC Flamestrike","NPC: Удар Пламени",active,12,/skill0000.webp
4079-siege-hammer,"Siege Hammer","Осадный Молот",active,1,/skill0000.webp
4080-quest-dark-heal,"Dark Heal","Темное Лечение",active,1,/skill0000.webp
4081-quest-steal,"Pretending to steal","Попытка Украсть",active,1,/skill0000.webp
4082-quest-fatal-poison,"Poison of Death","Яд Смерти",active,1,/skill4082.webp
4083-quest-die-you,"Die! You fool!","Умри, глупец!",active,1,/skill0000.webp
4084-npc-resist-physical-dmg,"Resist Physical Attack","Сопротивление Физической Атаке",passive,10,/skill4084.webp
4085-npc-critical-power,"Critical Power","Критическая Мощность",passive,1,/skill4085.webp
4086-npc-critical-chance,"Critical Chance","Шанс Крит. Удара",passive,1,/skill4086.webp
4087-npc-blaze,"NPC Blaze","NPC: Вспышка",active,12,/skill0000.webp
4088-npc-bleed,"Bleed","Кровопускание",active,12,/skill0096.webp
4089-npc-spirit-bear,"NPC Bear Spirit Totem","NPC: Тотем Духа Медведя",active,1,/skill0000.webp
4090-npc-spirit-wolf,"NPC Wolf Spirit Totem","NPC: Тотем Духа Волка",active,1,/skill0000.webp
4091-npc-spirit-ogre,"NPC Ogre Spirit Totem","NPC: Тотем Духа Огра",active,1,/skill0000.webp
4092-npc-spirit-puma,"NPC Puma Spirit Totem","NPC: Тотем Духа Пумы",active,1,/skill0000.webp
4093-npc-evasion,"Evasion","Уклонение",passive,1,/skill4093.webp
4094-npc-cancel,"NPC Cancel Magic","NPC: Отмена Магии",active,12,/skill0000.webp
4095-npc-damage-shield-p,"Damage Shield","Щит Повреждения",passive,1,/skill4095.webp
4096-npc-hawk-eye,"NPC Hawkeye","NPC: Глаз Ястреба",active,3,/skill0000.webp
4097-npc-life-chant,"NPC Chant of Life","NPC: Напев Жизни",active,12,/skill1229.webp
4098-npc-silence,"Silence","Безмолвие",active,12,/skill1064.webp
4099-npc-berserker,"NPC Berserk","NPC: Берсерк",active,2,/skill1062.webp
4100-npc-prominence,"NPC Prominence","NPC: Протуберанец",active,12,/skill0000.webp
4101-npc-spinning-slasher,"NPC Spinning Slash","NPC: Вихрь",active,12,/skill0000.webp
4102-npc-surrender-to-fire,"Surrender To Fire","Предать Огню",active,3,/skill4279_new.webp
4103-npc-ultimate-evasion,"NPC Ultimate Evasion","NPC: Максимальное Уклонение",active,2,/skill0000.webp
4104-npc-chill-flame,"Flame","Пламя",active,12,/skill1100.webp
4105-npc-beam-straight,"NPC Straight Beam Cannon","NPC: Пушка Когерентных Лучей",active,12,/skill0000.webp
4106-antaras-jump,"Antharas Shock","Ошеломление Антараса",active,1,/skill4106.webp
4107-antaras-tail,"Antharas Shock","Ошеломление Антараса",active,1,/skill4107.webp
4108-antaras-fear,"Antharas Terror","Террор Антараса",active,1,/skill4108.webp
4109-antaras-debuff,"Curse of Antharas","Проклятие Антараса",active,1,/skill4109.webp
4110-antaras-mouth,"Breath Attack","Дыхание",active,1,/skill0000.webp
4111-antaras-breath,"Antharas Fossilization","Окаменение Антараса",active,1,/skill4111.webp
4112-antaras-normal-attack,"Ordinary Attack","Обычное Нападение",active,1,/skill0000.webp
4113-antaras-normal-attack-ex,"Animal doing ordinary attack","Обычная Атака Животного",active,1,/skill0000.webp
4114-aden-flame,"Aden Flame","Пламя Адена",active,1,/skill0000.webp
4115-aden-heal,"Aden Heal","Лечение Аденаl",active,1,/skill0000.webp
4116-npc-resist-magical-dmg,"Resist M. Atk.","Сопротивление Маг. Атк.",passive,10,/skill4116_new.webp
4117-npc-paralyze,"Paralysis","Паралич",active,12,/skill1170.webp
4118-npc-range-paralyze,"Paralysis","Паралич",active,12,/skill1170.webp
4119-npc-hit-down,"Decrease Accuracy","Понижение Точности",active,3,/skill1222.webp
4120-npc-stun-shot,"Shock","Оглушение",active,12,/skill0101.webp
4121-summon-magic-defence,"Summoned Monster Magic Protection","Маг. Защ. Призванного Монстра",passive,1,/skill0000.webp
4122-antaras-body,"Antharas","Антарас",passive,1,/skillboss.webp
4123-npc-hate,"Hostile Feeling","Враждебное Ощущение",active,12,/skill0000.webp
4124-npc-spear-attack,"NPC Spear Attack","NPC: Атака Копьем",active,12,/skill0000.webp
4125-antaras-regen,"Antharas Regeneration","Регенерация Антараса",active,1,/skill0000.webp
4126-reduce-delay,"Reduction in recovery time","Понижение Времени Восстановления",active,1,/skill0164.webp
4127-baium-normal-attack,"Baium: General Attack","Баюм: Основная Атака",active,1,/skill0000.webp
4128-energy-wave,"Wind Of Force","Ветер Силы",active,1,/skill0000.webp
4129-earth-quake,"Earthquake","Землетрясение",active,1,/skill0000.webp
4130-thunderbolt,"Striking of Thunderbolt","Разряд Молнии",active,1,/skill0000.webp
4131-group-hold,"Shock","Оглушение",active,1,/skill1170.webp
4132-rapid-spear-attack,"Spear: Pound the Ground","Копье: Фунт Земли",active,1,/skill0000.webp
4133-angel-heal,"Angel Heal","Лечение Ангела",active,1,/skill0000.webp
4134-sealing,"Seal Skill","Умение Печати",active,1,/skill0000.webp
4135-heal-of-baium,"Baium Heal","Лечение Баюма",active,1,/skill0000.webp
4136-present-from-baium,"Baium's Gift","Подарок Баюма",active,1,/skill0000.webp
4137-npc-hydro-blast,"Hydro Screw","Водный Винт",active,12,/skill0000.webp
4138-npc-corpse-burst,"NPC AE - Corpse Burst","NPC: Купол Взрыва Трупов",active,12,/skill0000.webp
4139-npc-kamikaze,"Boom Attack","Рокочущая Атака",active,12,/skill0000.webp
4140-soulless-mp-dot,"Contract Payment","Выплаты по Контракту",active,12,/skill1100.webp
4141-npc-wind-of-hand,"NPC Wind Fist","NPC: Кулак Ветра",active,12,/skill0000.webp
4142-npc-fast-wind-of-hand,"NPC Fast Wind Fist","NPC: Быстрый Кулак Ветра",active,12,/skill0000.webp
4143-treasure-bomb,"Treasure Bomb","Драгоценная Бомба",active,8,/skill0000.webp
4144-mimic-attack,"Mimic Strong Attack","Сильная Атака Мимика",active,80,/skill0000.webp
4145-area-pa-down,"Decrease P. Atk.","Понижение Физ. Атк.",active,3,/skill4037.webp
4146-area-pd-down,"Decrease P. Def.","Понижение Физ. Защ.",active,3,/skill0122.webp
4147-area-dispel,"Area Dispel","Зона Снятия Заклинаний",active,7,/skill0000.webp
4148-area-poison,"Poison","Отравление",active,12,/skill4036.webp
4149-area-bleed,"Bleed","Кровотечение",active,12,/skill0096.webp
4150-area-fire,"Flame","Пламя",active,12,/skill1100.webp
4151-mega-storm-strike-magic-only,"NPC Windstrike - Magic","NPC: Удар Ветра - Магия",active,12,/skill0000.webp
4152-blood-sucking-magic-only,"NPC HP Drain - Magic","NPC: Кража HP - Магия",active,12,/skill0000.webp
4153-npc-ice-magic-only,"Decrease Speed","Понижение Скорости",active,12,/skill1184.webp
4154-mana-sucking-magic-only,"NPC MP Drain - Magic","NPC: Поглощение MP - Магия",active,12,/skill0000.webp
4155-npc-twister-magic-only,"NPC Twister - Magic","NPC: Смерч - Магия",active,12,/skill0000.webp
4156-npc-beam-curve-magic-only,"NPC Curve Beam Cannon - Magic","NPC: Пушка Некогерентных Лучей - Магия",active,12,/skill0000.webp
4157-npc-blaze-magic-only,"NPC Blaze - Magic","NPC: Вспышка - Магия",active,12,/skill0000.webp
4158-npc-prominence-magic-only,"NPC Prominence - Magic","NPC: Протуберанец - Магия",active,12,/skill0000.webp
4159-npc-beam-straight-magic-only,"NPC Straight Beam Cannon - Magic","NPC: Пушка Прямых Лучей - Магия",active,12,/skill0000.webp
4160-npc-aura-burn-magic-only,"NPC Aura Burn - Magic","NPC: Сожжение Ауры - Магия",active,12,/skill0000.webp
4161-teleport-pc,"Summon PC","Призвать Персонажа",active,1,/skill0000.webp
4162-area-as-down,"Decrease Atk. Speed","Понижение Атк. Скор.",active,3,/skill1206.webp
4163-npc-damage-shield,"NPC Self Damage Shield","NPC: Щит Самоубийцы",active,12,/skill0000.webp
4164-cubic-paralyze,"Paralysis","Парализация",active,9,/skill1170.webp
4165-cubic-water-dot,"Icy Air","Морозный Воздух",active,9,/skill1183.webp
4166-cubic-shock,"Shock","Оглушение",active,9,/skill0279.webp
4167-curse-of-mymyu,"Curse of Fairy Mimyu","Проклятие Феи Мимю",active,1,/skill1206.webp
4182-self-range-poison-boss-a,"Poison","Отравление",active,12,/skill1168.webp
4183-self-range-weakness-boss-a,"Decrease P.Atk","Понижение Физ. Атк.",active,12,/skill1164.webp
4184-self-range-wind-shackle-boss-a,"Decrease Atk.Speed","Понижение Атк. Скор.",active,12,/skill1206.webp
4185-self-range-sleep-boss-a,"Sleep","Сон",active,12,/skill1069.webp
4186-self-range-hold-boss-a,"Hold","Удержание",active,12,/skill1201.webp
4187-self-range-slow-boss-a,"Decrease Speed","Понижение Скорости",active,12,/skill1160.webp
4188-self-range-bleed-boss-a,"Bleed","Кровотечение",active,12,/skill0096.webp
4189-self-range-paralyze-boss-a,"Paralysis","Парализация",active,12,/skill1170.webp
4190-self-range-aura-sink-boss-a,"Decrease MP","Понижение MP",active,12,/skill1102.webp
4191-wind-strike-boss-a,"BOSS Windstrike","Босс: Удар Ветра",active,12,/skill0000.webp
4192-vampiric-touch-boss-a,"BOSS HP Drain","Босс: Кража HP",active,12,/skill0000.webp
4193-life-drain-boss-a,"BOSS Life Drain","Босс: Кража Жизни",active,12,/skill0000.webp
4194-aura-burn-boss-a,"BOSS Aura Burn","Босс: Сожжение Ауры",active,12,/skill0000.webp
4195-twister-boss-a,"BOSS Twister","Босс: Смерч",active,12,/skill0000.webp
4196-ice-bolt-boss-a,"Decrease Speed","Понижение Скорости",active,12,/skill1184.webp
4197-range-hold-boss-a,"Hold","Удержание",active,12,/skill1201.webp
4198-poison-boss-a,"Poison","Отравление",active,12,/skill1168.webp
4199-weakness-boss-a,"Decrease P.Atk","Понижение Физ. Атк.",active,12,/skill1164.webp
4200-wind-shackle-boss-a,"Decrease Atk.Speed","Понижение Атк. Скор.",active,12,/skill1206.webp
4201-sleep-boss-a,"Sleep","Сон",active,12,/skill1069.webp
4202-hold-boss-a,"Hold","Удержание",active,12,/skill1201.webp
4203-slow-boss-a,"Decrease Speed","Понижение Скорости",active,12,/skill1160.webp
4204-bleed-boss-a,"Bleed","Кровотечение",active,12,/skill0096.webp
4205-paralyze-boss-a,"Paralysis","Парализация",active,12,/skill1170.webp
4206-aura-sink-boss-a,"Decrease MP","Понижение MP",active,12,/skill1170.webp
4211-self-range-might-boss-a,"BOSS Might","Босс: Могущество",active,12,/skill0000.webp
4212-self-range-shield-boss-a,"BOSS Shield","Босс: Щит",active,12,/skill0000.webp
4213-self-range-haste-boss-a,"BOSS Haste","Босс: Ускорение",active,12,/skill0000.webp
4214-self-range-reflect-damage-boss-a,"BOSS Reflect Damage","Босс: Отражение Урона",active,12,/skill0000.webp
4215-silence-boss,"Raid Curse","Проклятие Рейда",active,1,/skill1064.webp
4216-zaken-tel-pc,"Scatter Enemy","Разбить Врага",active,1,/skill0000.webp
4217-zaken-range-tel-pc,"none","none",active,1,/skill0000.webp
4218-zaken-drain,"Absorb HP MP","Впитать HP и MP",active,1,/skill0000.webp
4219-zaken-hold,"Hold","Удержание",active,1,/skill1201.webp
4220-zaken-dual-attack,"Deadly Two-Sword Weapon","Смертельные Парные Мечи",active,1,/skill0000.webp
4221-zaken-range-dual-attack,"Deadly Two-Sword Weapon: Range Attack","Смертельные Парные Мечи: Дистанционная Атака",active,1,/skill0000.webp
4222-zaken-self-tel,"Instant Move","Мгновенное Движение",active,1,/skill0000.webp
4223-zaken-trans-night2day,"Face Chance: Night to Day","Шанс Увидеть: Рассвет",active,1,/skill0000.webp
4224-zaken-trans-day2night,"Face Chance: Day to Night","Шанс Увидеть: Закат",active,1,/skill0000.webp
4225-npc-resist-shock,"Resist Shock Attacks","Сопротивление Оглушающим Атакам",passive,6,/skill4225.webp
4226-npc-no-heal,"Ban Heal","Запрет Лечения",passive,1,/skill0000.webp
4227-zaken-regen,"Zaken Regeneration","Регенерация Закена",active,1,/skill0000.webp
4228-double-dagger-attack,"NPC Double Dagger Attack","NPC: Двойная Атака Кинжалом",active,12,/skill0000.webp
4229-npc-double-wind-of-hand,"NPC Double Wind Fist","NPC: Двойной Кулак Ветра",active,12,/skill0000.webp
4230-wild-cannon,"Wild Cannon","Дикая Пушка",active,1,/skill0000.webp
4231-npc-mouth-attack,"NPC Spit Attack","NPC: Злобная Атака",active,12,/skill0000.webp
4232-npc-strike-range,"NPC AE Strike","NPC: Удар По Площади",active,12,/skill0000.webp
4233-hp-drain-attack,"Vampiric Attack","Атака Вампира",passive,1,/skill4233.webp
4235-devastated-recall,"none","none",active,1,/skill0000.webp
4236-gustav-wind,"Decrease Heal","Ухудшение Лечения",active,1,/skill1269.webp
4237-mikhail-ice,"Decrease Speed","Понижение Скорости",active,1,/skill1236.webp
4238-dietrich-suspension,"Increase Re-use Time","Увеличить Время Повторного Использования",active,1,/skill1248.webp
4239-antaras-regen,"Antharas Regeneration","Регенерация Антараса",active,1,/skill0000.webp
4240-antaras-regen,"Antharas Regeneration","Регенерация Антараса",active,1,/skill0000.webp
4241-antaras-regen,"Antharas Regeneration","Регенерация Антараса",active,1,/skill0000.webp
4242-zaken-regen,"Zaken Regeneration","Закен: Регенерация",active,1,/skill0000.webp
4243-quest-vicious-poison,"Venomous Poison","Смертельный Яд",active,1,/skill4082.webp
4244-npc-wild-sweep,"NPC Wild Sweep","NPC: Дикий Размах",active,12,/skill0000.webp
4245-angry-mimic,"Mimic of Wrath","Гнев Мимик",active,1,/skill0000.webp
4246-strong-to-bow-mdamage-dot,"Strong in ""nan"" activity magic DOT","Изматывающая Магия",passive,1,/skill0000.webp
4247-mega-storm-strike-for-slow,"NPC Windstrike - Slow","NPC: Удар Ветра - Замедление",active,12,/skill0000.webp
4248-blood-sucking-for-slow,"NPC HP Drain - Slow","NPC: Кража HP - Замедление",active,12,/skill0000.webp
4249-npc-ice-for-slow,"Decrease Speed","Понижение Скорости",active,12,/skill1184.webp
4250-npc-twister-for-slow,"NPC Twister - Slow","NPC: Смерч - Замедление",active,12,/skill0000.webp
4251-npc-beam-curve-for-slow,"NPC Curve Beam Cannon - Slow","NPC: Пушка Некогерентных Лучей - Замедление",active,12,/skill0000.webp
4252-npc-flame-strike-for-slow,"NPC Flamestrike - Slow","NPC: Удар Огня - Замедление",active,12,/skill0000.webp
4253-npc-blaze-for-slow,"NPC Blaze - Slow","NPC: Вспышка - Замедление",active,12,/skill0000.webp
4254-npc-prominence-for-slow,"NPC Prominence - Slow","NPC: Протуберанец - Замедление",active,12,/skill0000.webp
4255-npc-beam-straight-for-slow,"NPC Straight Beam Cannon - Slow","NPC: Пушка Когерентных Лучей - Замедление",active,12,/skill0000.webp
4256-perfect-resist-shock,"100% stun resistance.","100% Сопротивление Оглушению.",passive,1,/skill0000.webp
4257-npc-hydro-blast-magic-only,"NPC Hydroblast - Magic","NPC: Волна Воды - Замедление",active,12,/skill0000.webp
4258-anti-strider-slow,"Hinder Strider","Стреножить Ездового Дракона",active,1,/skill1160.webp
4259-summon-range-poison,"Toxic Smoke","Токсичный Дым",active,12,/skill4036.webp
4260-summon-blood-sucking,"Steel Blood","Украсть Кровь",active,12,/skill0000.webp
4261-summon-mega-storm-strike,"Mega Storm Strike","Удар Мегашторма",active,12,/skill0000.webp
4263-npc-haste,"Holiday Haste","Праздничное Ускорение",active,1,/skill1086.webp
4264-npc-empower,"Holiday Empower","Праздничное Воодушевление",active,1,/skill1059.webp
4267-grade-penalty,"Grade Penalty","Штраф Ранга",passive,1,/skill4267.webp
4268-dangerous-area,"Danger Area","Опасная Зона",passive,1,/skill4268.webp
4269-restrict-chatting,"Block All Chat","Блокировка Чата",passive,1,/skill4269.webp
4270-weight-penalty,"Weight Penalty","Перевес",passive,4,/skill4270_1.webp
4271-force-up,"Increase Force","Увеличить Силу",passive,7,/skill4271_1.webp
4272-strong-to-bow-ex,"Greater Resist Bow Attack","Высшее Сопротивление Лукам и Арбалетам",passive,1,/skill4272.webp
4273-npc-resist-dagger,"Resist Daggers","Сопротивление Кинжалам и Рапирам",passive,6,/skill4273_new.webp
4274-npc-weakness-blunt,"Blunt Weapon Weak Point","Уязвимость к Дубинам",passive,5,/skill4274_new.webp
4275-npc-weakness-holy,"Sacred Attack Weak Point","Уязвимость к Священной Атаке",passive,5,/skill4275_new.webp
4276-npc-weakness-bow,"Bow Weapon Weak Point","Уязвимость к луку/арбалету",passive,5,/skill4276_new.webp
4277-npc-resist-poison,"Resist Poison Attacks","Сопротивление к Отравляющим Атакам",passive,6,/skill4277.webp
4278-evil-attack,"Dark Attack","Атака Тьмы",passive,1,/skill4278.webp
4279-npc-weakness-fire,"Fire Attack Weak Point","Уязвимость к Огню",passive,5,/skill4279_new.webp
4280-npc-weakness-water,"Water Attack Weak Point","Уязвимость к Воде",passive,5,/skill4280_new.webp
4281-npc-weakness-wind,"Wind Attack Weak Point","Уязвимость к Ветру",passive,5,/skill4281_new.webp
4282-npc-weakness-earth,"Earth Attack Weak Point","Уязвимость к Земле",passive,5,/skill4282_new.webp
4283-strong-to-mdamage-ex,"Greater Resist Magic Attack","Великая Устойчивость к Магии",passive,1,/skill4283_new.webp
4284-npc-resist-bleed,"Resist Bleed Attacks","Сопротивление Кровотечению",passive,6,/skill4284.webp
4285-npc-resist-sleep,"Resist Sleep Attacks","Сопротивление Усыплению",passive,6,/skill4285.webp
4286-strong-to-sleep-ex,"Greater Resist Sleep","Великая Устойчивость к Усыплению",passive,1,/skill4286.webp
4287-npc-resist-hold,"Resist Hold Attacks","Сопротивление Удержанию",passive,6,/skill4287.webp
4288-strong-to-hold-ex,"Greater Resist Hold","Великая Устойчивость к Удержанию",passive,1,/skill4288.webp
4289-wyvern-breath,"Wyvern Breath","Дыхание Виверны",active,1,/skill4289.webp
4290-race-undead,"Race","Раса",passive,1,/skill4290.webp
4291-race-construct,"Race","Раса",passive,1,/skill4291.webp
4292-race-beast,"Race","Раса",passive,1,/skill4292.webp
4293-race-animal,"Race","Раса",passive,1,/skill4293.webp
4294-race-plant,"Race","Раса",passive,1,/skill4294.webp
4295-race-humanoid,"Race","Раса",passive,1,/skill4295.webp
4296-race-elemental,"Race","Раса",passive,1,/skill4296.webp
4297-race-divine,"Race","Раса",passive,1,/skill4297.webp
4298-race-demonic,"Race","Раса",passive,1,/skill4298.webp
4299-race-dragon,"Race","Раса",passive,1,/skill4299.webp
4300-race-giant,"Race","Раса",passive,1,/skill4300.webp
4301-race-bug,"Race","Раса",passive,1,/skill4301.webp
4302-race-fairy,"Race","Раса",passive,1,/skill4302.webp
4303-d2-monster,"Strong Type","Усиленный Тип",passive,1,/skill4303.webp
4304-d3-monster,"Strong Type","Усиленный Тип",passive,1,/skill4304.webp
4305-d4-monster,"Strong Type","Усиленный Тип",passive,1,/skill4305.webp
4306-d5-monster,"Strong Type","Усиленный Тип",passive,1,/skill4306.webp
4307-d6-monster,"Strong Type","Усиленный Тип",passive,1,/skill4307.webp
4308-d7-monster,"Strong Type","Усиленный Тип",passive,1,/skill4308.webp
4309-d8-monster,"Strong Type","Усиленный Тип",passive,1,/skill4309.webp
4310-d9-monster,"Strong Type","Усиленный Тип",passive,1,/skill4310.webp
4311-dh-monster,"Feeble Type","Ослабленный Тип",passive,1,/skill4311.webp
4312-light-armor-monster,"Heavy Armor","Тяжело Бронированный",passive,1,/skill4312.webp
4313-heavy-armor-monster,"Light Armor","Легко Бронированный",passive,1,/skill4313.webp
4314-holy-light-burst-boss-a,"BOSS Holy Light Burst","Босс: Святое Сияние",active,12,/skill0000.webp
4315-evil-shackle-boss-a,"Hold","Удержание",active,12,/skill1201.webp
4316-lilim-drain-boss-a,"BOSS Lilim Drain","Босс: Поглощение Лилит",active,12,/skill0000.webp
4317-rage-might,"Increase Rage Might","Увеличить Силу Ярости",active,5,/skill0000.webp
4318-ultimate-buff,"Ultimate Buff","Совершенный Положительный Эффект ",active,1,/skill0000.webp
4319-critical-paralyze,"Paralysis","Паралич",active,1,/skill1170.webp
4320-critical-poison,"Poison","Отравление",active,12,/skill4035.webp
4321-critical-pd-down,"Decrease P.Def","Понижение Физ. Защ.",active,1,/skill0122.webp
4322-wind-walk-for-newbie,"Wind Walk for Beginners","Легкая Походка Путешественника",active,1,/skill1204.webp
4323-shield-for-newbie,"Shield for Beginners","Щит Путешественника",active,1,/skill1040.webp
4324-bless-the-body-for-newbie,"Blessed Body for Beginners","Благословение Тела Путешественника",active,1,/skill1045.webp
4325-vampiric-rage-for-newbie,"Vampiric Rage for Beginners","Ярость Вампира Путешественника",active,1,/skill1268.webp
4326-regeneration-for-newbie,"Regeneration for Beginners","Регенерация Путешественника",active,1,/skill1044.webp
4327-haste-for-newbie,"Haste for Beginners","Ускорение Путешественника",active,1,/skill1086.webp
4328-bless-the-soul-for-newbie,"Blessed Soul for Beginners","Благословение Души Путешественника",active,1,/skill1048.webp
4329-acumen-for-newbie,"Acumen for Beginners","Проницательность Путешественника",active,1,/skill1085.webp
4330-concentration-for-newbie,"Concentration for Beginners","Концентрация Путешественника",active,1,/skill1078.webp
4331-empower-for-newbie,"Empower for Beginners","Воодушевление Путешественника",active,1,/skill1059.webp
4332-mental-aegis,"Mental Aegis","Ментальная Защита",passive,1,/skill1035.webp
4333-npc-resist-unholy,"Resist Dark Attack","Сопротивление Тьме",passive,6,/skill4333.webp
4334-ssq-cancel,"SSQ Cancel","SSQ Отмена",active,1,/skill0000.webp
4335-holy-attack,"Sacred Attack","Святая Атака",passive,1,/skill1043.webp
4336-npc-weakness-unholy,"Dark Attack Weak Point","Уязвимость к Тьме",passive,5,/skill4336_new.webp
4337-npc-resist-holy,"Resist Sacred Attack","Сопротивление Святым Атакам",passive,6,/skill4337.webp
4338-life-cubic-for-newbie,"Life Cubic for Beginners","Сфера Жизни Путешественника",active,1,/skill0000.webp
4339-quest-elixir-of-mimir,"Mimir's Elixir","Эликсир Мимира",active,1,/skill0000.webp
4340-ultimate-buff-2nd,"Ultimate Buff, 2nd","Второй Совершенный Эффект",active,1,/skill0000.webp
4341-ultimate-buff-3rd,"Ultimate Buff, 3rd","Третий Совершенный Эффект",active,1,/skill0000.webp
4342-agit-wind-walk,"Wind Walk","Легкая Походка",active,2,/skill1204.webp
4343-agit-decrease-weight,"Decrease Weight","Уменьшение Веса",active,3,/skill1257.webp
4344-agit-shield,"Shield","Щит",active,3,/skill1040.webp
4345-agit-might,"Might","Мощь",active,3,/skill1068.webp
4346-agit-mental-shield,"Mental Shield","Ментальный Щит",active,4,/skill1035.webp
4347-agit-bless-the-body,"Blessed Body","Благословение Тела",active,6,/skill1045.webp
4348-agit-bless-the-soul,"Blessed Soul","Благословение Души",active,6,/skill1048.webp
4349-agit-magic-barrier,"Magic Barrier","Магический Барьер",active,2,/skill1036.webp
4350-agit-resist-shock,"Resist Shock","Сопротивление Оглушению",active,4,/skill1259.webp
4351-agit-concentration,"Concentration","Концентрация",active,6,/skill1078.webp
4352-agit-berserker-spirit,"Berserker Spirit","Дух Берсерка",active,2,/skill1062.webp
4353-agit-bless-shield,"Bless Shield","Благословение Щита",active,6,/skill1243.webp
4354-agit-vampiric-rage,"Vampiric Rage","Ярость Вампира",active,4,/skill1268.webp
4355-agit-arcane-acumen,"Acumen","Концентрация",active,3,/skill1085.webp
4356-agit-empower,"Empower","Воодушевление",active,3,/skill1059.webp
4357-agit-haste,"Haste","Ускорение",active,2,/skill1086.webp
4358-agit-guidance,"Guidance","Наведение",active,3,/skill1240.webp
4359-agit-focus,"Focus","Фокусировка",active,3,/skill1077.webp
4360-agit-death-whisper,"Death Whisper","Смертельный Шепот",active,3,/skill1242.webp
4361-ssq-curse-fighter,"Curse of Destruction","Проклятие Разрушения",active,2,/skill0046.webp
4362-ssq-curse-mage,"Curse of Destruction","Проклятие Разрушения",active,2,/skill0046.webp
4363-ssq-curse,"Curse of Destruction","Проклятие Разрушения",active,1,/skill0046.webp
4364-ssq-blessing-fighter,"Blessing of Prophecy","Благословение Откровений",active,2,/skill1044.webp
4365-ssq-blessing-mage,"Blessing of Revelations","Благословение Откровений",active,2,/skill1044.webp
4366-ssq-blessing,"Blessing of Prophecy","Благословение Пророчества",active,1,/skill1044.webp
4367-agit-janitor-buff,"Clan Hall Manager Buff","Положительный Эффект Управляющего Холлом Клана",active,1,/skill0000.webp
4368-agit-janitor-buff,"Clan Hall Manager Buff","Положительный Эффект Управляющего Холлом Клана",active,1,/skill0000.webp
4369-agit-janitor-buff,"Clan Hall Manager Buff","Положительный Эффект Управляющего Холлом Клана",active,1,/skill0000.webp
4370-agit-janitor-buff,"Clan Hall Manager Buff","Положительный Эффект Управляющего Холлом Клана",active,1,/skill0000.webp
4371-agit-janitor-buff,"Clan Hall Manager Buff","Положительный Эффект Управляющего Холлом Клана",active,1,/skill0000.webp
4372-agit-janitor-buff,"Clan Hall Manager Buff","Положительный Эффект Управляющего Холлом Клана",active,1,/skill0000.webp
4373-agit-janitor-buff,"Clan Hall Manager Buff","Положительный Эффект Управляющего Холлом Клана",active,1,/skill0000.webp
4374-agit-janitor-buff,"Clan Hall Manager Buff","Положительный Эффект Управляющего Холлом Клана",active,1,/skill0000.webp
4375-agit-janitor-buff,"Clan Hall Manager Buff","Положительный Эффект Управляющего Холлом Клана",active,1,/skill0000.webp
4376-strong-to-pdamage-ex,"Strong Resistance to P. Atk.","Мощное Сопротивление Физ. Атк.",passive,1,/skill4376.webp
4377-wield-temper,"Wield Temper","Самообладание",active,12,/skill0000.webp
4378-self-damage-shield,"NPC Self-Damage Shield","NPC: Щит Самоубийцы",active,12,/skill0000.webp
4379-npc-resist-pole,"Resist Spear Weapons","Сопротивление Копьям",passive,6,/skill4379.webp
4380-duel-cp-heal,"Arena: CP Recovery","Арена: Восстановление CP",active,1,/skill0000.webp
4381-dq-monster,"Magic Skill Block","Блокировка Магических Умений",passive,1,/skill4381.webp
4382-npc-lake-spirit-curse,"Curse of Lake Ghost","Проклятие Призрака Озера",active,12,/skill0000.webp
4383-npc-hate-stone,"NPC Hate Stone","NPC: Камень Ненависти",active,1,/skill0000.webp
4384-anti-area-pd-down,"Scapegoat's Grace","Благосклонность Козла Отпущения",active,1,/skill0122.webp
4385-anti-area-pa-down,"Scapegoat's Grace","Благосклонность Козла Отпущения",active,1,/skill4037.webp
4386-anti-area-poison,"Scapegoat's Grace","Благосклонность Козла Отпущения",active,1,/skill4036.webp
4387-anti-area-disease,"Scapegoat's Grace","Благосклонность Козла Отпущения",active,1,/skill1269.webp
4388-npc-resist-paralysis,"Resist Paralysis Attacks","Сопротивление Параличу",passive,6,/skill4388.webp
4389-npc-resist-derangement,"Resist Mental Attacks","Сопротивление Ментальным Атакам",passive,6,/skill4389.webp
4390-npc-abnormal-immunity,"NPC Abnormal Immunity","Иммунитет к аномалиям NPC",passive,1,/skill0000.webp
4391-pcbang-wind-walk,"Wind Walk","Легкая Походка",active,2,/skill1204.webp
4392-pcbang-shield,"Shield","Щит",active,3,/skill1040.webp
4393-pcbang-might,"Might","Мощь",active,3,/skill1068.webp
4394-pcbang-bless-the-body,"Blessed Body","Благословение Тела",active,6,/skill1045.webp
4395-pcbang-bless-the-soul,"Blessed Soul","Благословение Души",active,6,/skill1048.webp
4396-pcbang-magic-barrier,"Magic Barrier","Магический Барьер",active,2,/skill1036.webp
4397-pcbang-berserker-spirit,"Berserker Spirit","Дух Берсерка",active,2,/skill1062.webp
4398-pcbang-bless-shield,"Bless Shield","Благословение Щита",active,6,/skill1243.webp
4399-pcbang-vampiric-rage,"Vampiric Rage","Ярость Вампира",active,4,/skill1268.webp
4400-pcbang-arcane-acumen,"Acumen","Концентрация",active,3,/skill1085.webp
4401-pcbang-empower,"Empower","Воодушевление",active,3,/skill1059.webp
4402-pcbang-haste,"Haste","Ускорение",active,2,/skill1086.webp
4403-pcbang-guidance,"Guidance","Наведение",active,3,/skill1240.webp
4404-pcbang-focus,"Focus","Фокусировка",active,3,/skill1077.webp
4405-pcbang-death-whisper,"Death Whisper","Смертельный Шепот",active,3,/skill1242.webp
4406-pcbang-agility,"Agility","Стремительность",active,3,/skill1087.webp
4407-not-used,"Ordinary Monster","Не Используемый",passive,1,/skill0000.webp
4415-not-used,"Bare Hands","Не Используемый",passive,1,/skill0000.webp
4463-not-used,"Surrender To Water","Не Используемый",passive,1,/skill4280_new.webp
4464-not-used,"Surrender To Wind","Не Используемый",passive,1,/skill4281_new.webp
4465-not-used,"Surrender To Earth","Не Используемый",passive,1,/skill4282_new.webp
4468-not-used,"Area Buff - Wind Walk","Не Используемый",passive,1,/skill0000.webp
4469-not-used,"Potion Drinking","Не Используемый",passive,1,/skill0000.webp
4471-not-used,"NPC Anger","Не Используемый",passive,1,/skill0000.webp
4472-not-used,"NPC Strike Golem","Не Используемый",passive,1,/skill0000.webp
4473-not-used,"Shock","Не Используемый",passive,1,/skill0101.webp
4474-not-used,"Area Heal - Per","Не Используемый",passive,1,/skill0000.webp
4475-not-used,"Perfect Resist Bleeding","Не Используемый",passive,1,/skill0000.webp
4476-not-used,"Silent Move","Не Используемый",passive,1,/skill0221.webp
4477-not-used,"NPC Frost Wall","Не Используемый",passive,1,/skill0000.webp
4483-not-used,"Hold","Не Используемый",passive,1,/skill4047.webp
4484-not-used,"Eating Follower Heal","Не Используемый",passive,1,/skill0000.webp
4485-not-used,"Eating Follower","Не Используемый",passive,1,/skill0000.webp
4488-not-used,"Hold","Не Используемый",passive,1,/skill0000.webp
4489-not-used,"NPC Death MP Bomb","Не Используемый",passive,1,/skill0000.webp
4490-not-used,"NPC Holy Wall","Не Используемый",passive,1,/skill0000.webp
4491-not-used,"Holy Weapon","Не Используемый",passive,1,/skill0000.webp
4492-not-used,"Enlarging Head Curse","Не Используемый",passive,1,/skill0000.webp
4493-not-used,"NPC Debuff Shield Slow","Не Используемый",passive,1,/skill0000.webp
4494-npc-raid-boss-reward,"Raid Boss","Рейдовый Босс",passive,1,/skillraid.webp
4497-npc-treasure-box,"Treasure Chest - Level 21","Сундук с Сокровищами - Уровень 21",passive,1,/skill0042.webp
4498-npc-treasure-box,"Treasure Chest - Level 22","Сундук с Сокровищами - Уровень 22",passive,1,/skill0042.webp
4499-npc-treasure-box,"Treasure Chest - Level 25","Сундук с Сокровищами - Уровень 25",passive,1,/skill0042.webp
4500-npc-treasure-box,"Treasure Chest - Level 27","Сундук с Сокровищами - Уровень 27",passive,1,/skill0042.webp
4501-npc-treasure-box,"Treasure Chest - Level 29","Сундук с Сокровищами - Уровень 29",passive,1,/skill0042.webp
4502-npc-treasure-box,"Treasure Chest - Level 31","Сундук с Сокровищами - Уровень 31",passive,1,/skill0042.webp
4503-npc-treasure-box,"Treasure Chest - Level 32","Сундук с Сокровищами - Уровень 32",passive,1,/skill0042.webp
4504-npc-treasure-box,"Treasure Chest - Level 33","Сундук с Сокровищами - Уровень 33",passive,1,/skill0042.webp
4505-npc-treasure-box,"Treasure Chest - Level 35","Сундук с Сокровищами - Уровень 35",passive,1,/skill0042.webp
4506-npc-treasure-box,"Treasure Chest - Level 39","Сундук с Сокровищами - Уровень 39",passive,1,/skill0042.webp
4507-npc-treasure-box,"Treasure Chest - Level 42","Сундук с Сокровищами - Уровень 42",passive,1,/skill0042.webp
4508-npc-treasure-box,"Treasure Chest - Level 43","Сундук с Сокровищами - Уровень 43",passive,1,/skill0042.webp
4509-npc-treasure-box,"Treasure Chest - Level 45","Сундук с Сокровищами - Уровень 45",passive,1,/skill0042.webp
4510-npc-treasure-box,"Treasure Chest - Level 47","Сундук с Сокровищами - Уровень 47",passive,1,/skill0042.webp
4511-npc-treasure-box,"Treasure Chest - Level 49","Сундук с Сокровищами - Уровень 49",passive,1,/skill0042.webp
4512-npc-treasure-box,"Treasure Chest - Level 52","Сундук с Сокровищами - Уровень 52",passive,1,/skill0042.webp
4513-gourd-nectar-good,"Squash - Level up","Тыква - Поднять Уровень",active,1,/skill0000.webp
4514-gourd-nectar-bad,"Squash - Poisoned","Тыква - Отравление",active,1,/skill0000.webp
4515-flesh-to-stone-boss,"Raid Curse","Проклятие Рейда",active,1,/skill4111.webp
4516-orfen-heal,"Orfen Heal","Лечение Орфена",active,1,/skill0000.webp
4517-quest-boss-defend-a,"Quest - BOSS Defend","Квест - Босс: Защита",toggle,1,/skill0000.webp
4518-quest-boss-attack-a,"Quest - BOSS Rampage","Квест - Босс: Ярость",toggle,1,/skill0000.webp
4519-quest-boss-defend-b,"Quest - BOSS Defend","Квест - Босс: Защита",toggle,1,/skill0000.webp
4520-quest-boss-attack-b,"Quest - BOSS Rampage","Квест - Босс: Ярость",toggle,1,/skill0000.webp
4521-quest-boss-resist-non-bow-weapon,"Quest - BOSS Resist non Bow Weapon","Квест - Босс: Сопротивление всему, кроме стрел",passive,1,/skill0000.webp
4522-quest-might-mortal,"Eye of Assassin","Глаз Ассасина",active,1,/skill0016.webp
4523-quest-boss-evasion,"Quest - BOSS Evasion","Квест - Босс: Уклонение",active,1,/skill0000.webp
4524-quest-boss-bluff,"Quest - BOSS Bluff","Квест - Босс: Положительный Эффект",active,1,/skill0000.webp
4525-quest-boss-defend-c,"Quest - BOSS Defend","Квест - Босс: Защита",toggle,1,/skill0000.webp
4526-quest-boss-summon,"Quest - BOSS Summon","Квест - Босс: Призыв",active,1,/skill0000.webp
4527-quest-boss-inc-hp-to-summoned,"Quest - BOSS Inc HP to Summoned","Квест - Босс: Повысить HP Слуге",active,1,/skill0000.webp
4528-quest-boss-movement-to-summoned,"Quest - BOSS Movement to Summoned","Квест - Босс: Передвижение Слуги",active,1,/skill0000.webp
4529-quest-summoned-explosion,"Quest - Summoned Explosion","Квест - Призвать: Взрыв",active,1,/skill0000.webp
4530-quest-summoned-hp-heal,"Quest - Summoned HP Heal","Квест - Призвать: Лечение HP",active,1,/skill0000.webp
4531-quest-summoned-mp-heal,"Quest - Summoned MP Heal","Квест - Призвать: Лечение MP",active,1,/skill0000.webp
4532-quest-boss-reflect-a,"Quest - BOSS Reflect","Квест - Босс: Отражение",toggle,1,/skill0000.webp
4533-quest-anti-dance-of-inspiration,"Dance of Resist","Танец Сопротивления",active,1,/skill0272.webp
4534-quest-anti-dance-of-fury,"Dance of Nihil","Танец Пустоты",active,1,/skill0275.webp
4535-quest-anti-dance-of-vampire,"Dance of Weakness","Танец Слабости",active,1,/skill0310.webp
4536-quest-anti-song-of-wind,"Song of Seduce","Песня Совращения",active,1,/skill0268.webp
4537-quest-anti-song-of-water,"Song of Sweet Whisper","Песня Сладкого Шепота",active,1,/skill0266.webp
4538-quest-anti-song-of-vengeance,"Song of Temptation","Песня Искушения",active,1,/skill0305.webp
4539-quest-anti-guidence,"Curse of Vague","Проклятие Тумана",active,1,/skill1240.webp
4540-quest-anti-shield,"Curse of Weakness","Проклятие Слабости",active,1,/skill1040.webp
4541-quest-anti-might,"Curse of Nihil","Проклятие Пустоты",active,1,/skill1068.webp
4542-quest-henchman-weakness-to-sleep-and-stun,"Quest - Henchman 90% Sleep&Shock Weakness","Квест - 90% Слабость Усыпления и Оглушения Оруженосца",passive,1,/skill0000.webp
4543-quest-boss-weakness-to-stun,"Quest - BOSS Shock Weakness","Квест - Слабость Оглушения Босса",passive,1,/skill0000.webp
4544-quest-boss-weakness,"Quest - BOSS Weakness","Квест - Слабость Босса",active,3,/skill0000.webp
4545-quest-boss-reflect-b,"Quest - BOSS Reflect","Квест - Отражение Босса",toggle,1,/skill0000.webp
4546-quest-commune-to-slate,"Quest - Commune to Slate","Квест - Связь с Избиением",active,1,/skill0000.webp
4547-quest-watcher-gaze,"Gaze of Watcher","Взгляд Наблюдателя",active,1,/skill0131.webp
4548-quest-dispell-watcher-gaze,"Quest - Dispel Watcher Gaze","Квест - Избавиться от Взгляда Наблюдателя",active,1,/skill0000.webp
4549-quest-unsealed-altar,"Quest - Unsealed Altar","Квест - Распечатанный Алтарь",active,1,/skill0000.webp
4550-quest-cursed-altar,"Quest - Cursed Altar","Квест - Проклятый Алтарь",active,1,/skill0000.webp
4551-spa-disease-a,"Hot Springs Rheumatism","Ревматизм Горячих Источников",active,10,/skill1164.webp
4552-spa-disease-b,"Hot Springs Cholera","Холера Горячих Источников",active,10,/skill1164.webp
4553-spa-disease-c,"Hot Springs Flu","Грипп Горячих Источников",active,10,/skill1164.webp
4554-spa-disease-d,"Hot Spring Malaria","Малярия Горячих Источников",active,10,/skill1164.webp
4555-mutant-resisting,"NPC Resist Mutant","NPC: Сопротивление Мутации",passive,1,/skill0000.webp
4556-dispel-spa-disease-ad,"Dispel Hot Spring Disease A_D","Вылечить Болезнь Горячих Источников A_D",active,1,/skill0000.webp
4557-dispel-spa-disease-bd,"Dispel Hot Spring Disease B_D","Вылечить Болезнь Горячих Источников B_D",active,1,/skill0000.webp
4558-dispel-spa-disease-cd,"Dispel Hot Spring Disease C_D","Вылечить Болезнь Горячих Источников C_D",active,1,/skill0000.webp
4559-spa-big-head,"Hot Spring Illusion","Иллюзия Горячих Источников",active,1,/skill0000.webp
4560-npc-fire-burn,"NPC Fire Burn","NPC: Сожжение",active,12,/skill0000.webp
4561-npc-fire-burn-magic-only,"NPC Fire Burn - Magic","NPC: Сожжение - Магия",active,12,/skill0000.webp
4562-npc-solar-flare,"NPC Solar Flare","NPC: Солнечная Вспышка",active,12,/skill0000.webp
4563-npc-solar-flare-magic-only,"NPC Solar Flare - Magic","NPC: Солнечная Вспышка - Магия",active,12,/skill0000.webp
4564-npc-solar-flare-for-slow,"NPC Solar Flare - Slow","NPC: Солнечная Вспышка - Замедление",active,12,/skill0000.webp
4565-npc-eruption,"NPC Eruption","NPC: Всплеск",active,12,/skill0000.webp
4566-npc-eruption-magic-only,"NPC Eruption - Magic","NPC: Всплеск - Магия",active,12,/skill0000.webp
4567-npc-eruption-for-slow,"NPC Eruption - Slow","NPC: Всплеск - Замедление",active,12,/skill0000.webp
4568-npc-range-solar-flare,"NPC AE Solar Flare","NPC: Купол Солнечной Вспышки",active,12,/skill0000.webp
4569-npc-range-solar-flare-magic-only,"NPC AE Solar Flare - Magic","NPC: Купол Солнечной Вспышки - Магия",active,12,/skill0000.webp
4570-npc-range-solar-flare-for-slow,"NPC AE Solar Flare - Slow","NPC: Купол Солнечной Вспышки - Замедление",active,12,/skill0000.webp
4571-npc-blazing-circle,"NPC Blazing Circle","NPC: Пылающий Диск",active,12,/skill0000.webp
4572-npc-triple-sonic-slash,"NPC Triple Sonic Slash","NPC: Тройной Звуковой Удар",active,12,/skill0000.webp
4573-npc-sonic-blaster,"NPC Sonic Blaster","NPC: Звуковой Взрыв",active,12,/skill0000.webp
4574-npc-sonic-storm,"NPC Sonic Storm","NPC: Звуковой Шторм",active,12,/skill0000.webp
4575-npc-clan-haste,"NPC Clan Buff - Haste","NPC Clan Buff - Haste",active,2,/skill0000.webp
4576-npc-clan-damage-shield,"NPC Clan Buff - Damage Shield","NPC Clan Buff - Damage Shield",active,3,/skill0000.webp
4577-npc-range-hit-down,"Decrease Accuracy","Понижение Точности",active,12,/skill1222.webp
4578-b-k-stone,"Petrification","Окаменение",active,1,/skill4111.webp
4579-npc-bleed-blow,"Bleed","Кровопускание",active,12,/skill0096.webp
4580-npc-weakness-strike,"Decrease P.Atk","Понижение Физ. Атк.",active,12,/skill4037.webp
4581-npc-hold-strike,"Hold","Удержание",active,12,/skill4047.webp
4582-npc-poison-strike,"Poison","Отравление",active,12,/skill4035.webp
4583-npc-slow-shot,"Decrease Speed","Понижение Скорости",active,12,/skill1160.webp
4584-npc-hex-shock,"Reducing P.Def Shock","Понижение Физ. Защ. с Оглушением",active,12,/skill0100.webp
4585-npc-clan-berserker-might,"NPC Clan Buff - Berserk Might","NPC Clan Buff - Berserk Might",active,3,/skill0000.webp
4586-npc-avoid-debuff,"Decrease Evasion","Понижение Уклонения",active,12,/skill1222.webp
4587-range-weakness,"Decrease P.Atk","Понижение Физ. Атк.",active,12,/skill4037.webp
4588-npc-clan-berserker-haste,"NPC Clan Buff - Berserk Haste","NPC Clan Buff - Berserk Haste",active,2,/skill0000.webp
4589-npc-slow-flame,"Decrease Speed","Понижение Скорости",active,12,/skill1160.webp
4590-npc-slow-flame-magic-only,"Decrease Speed","Понижение Скорости",active,12,/skill1160.webp
4591-npc-slow-flame-for-slow,"Decrease Speed","Понижение Скорости",active,12,/skill1160.webp
4592-npc-hex-blaze,"Decrease P.Def","Понижение Физ. Защ.",active,12,/skill0122.webp
4593-npc-hex-blaze-magic-only,"Decrease P.Def","Понижение Физ. Защ.",active,12,/skill0122.webp
4594-npc-hex-blaze-for-slow,"Decrease P.Def","Понижение Физ. Защ.",active,12,/skill0122.webp
4595-npc-clan-acumen-shield,"NPC Clan Buff - Acumen Shield","NPC Clan Buff - Acumen Shield",active,3,/skill0000.webp
4596-npc-bleed-drain,"Bleed","Кровопускание",active,12,/skill0096.webp
4597-npc-bleed-drain-magic-only,"Bleed","Кровопускание",active,12,/skill0096.webp
4598-npc-bleed-drain-for-slow,"Bleed","Кровопускание",active,12,/skill0096.webp
4599-range-slow-strike,"Decrease Speed","Понижение Скорости",active,12,/skill1160.webp
4600-npc-hex-storm,"Reducing P.Def Shock","Понижение Физ. Защ. с Оглушением",active,12,/skill0100.webp
4601-npc-clan-focus-acumen,"NPC Clan Buff - Acumen Focus","NPC Clan Buff - Acumen Focus",active,3,/skill0000.webp
4602-npc-weakness-blaze,"Decrease P.Atk","Понижение Физ. Атк.",active,12,/skill4037.webp
4603-npc-weakness-blaze-magic-only,"Decrease P.Atk","Понижение Физ. Атк.",active,12,/skill4037.webp
4604-npc-weakness-blaze-for-slow,"Decrease P.Atk","Понижение Физ. Атк.",active,12,/skill4037.webp
4605-npc-fire-weak-sweap,"Surrender To Fire","Предать Огню",active,12,/skill4279_new.webp
4606-range-poison-earthquake,"Poison","Отравление",active,12,/skill4035.webp
4607-magma-attack,"Magma Attack","Атака Магмы",active,1,/skill0000.webp
4608-npc-clan-berserker,"NPC Clan Buff - Berserk","NPC Clan Buff - Berserk",active,2,/skill0000.webp
4609-npc-clan-vampiric-rage,"NPC Clan Buff - Vampiric Rage","NPC Clan Buff - Vampiric Rage",active,4,/skill0000.webp
4610-npc-clan-focus,"NPC Clan Buff - Focus","NPC Clan Buff - Focus",active,3,/skill0000.webp
4611-npc-clan-death-whisper,"NPC Clan Buff - Death Whisper","NPC Clan Buff - Death Whisper",active,3,/skill0000.webp
4612-long-range-strike,"NPC Wide Wild Sweep","NPC: Массовая Дикая Оценка",active,12,/skill0000.webp
4613-npc-clan-heal,"NPC Clan Heal","NPC Clan Heal",active,12,/skill0000.webp
4614-dead-explosion,"NPC Death Bomb","NPC: Смертельная Бомба",active,12,/skill0000.webp
4615-range-bleed,"Bleed","Кровопускание",active,12,/skill0096.webp
4616-fake-stone,"Fake Petrificiation","Ложное Окаменение",active,1,/skill0000.webp
4617-dispel-fake-stone,"Dispel Petrification","Снять Окаменение",active,1,/skill0000.webp
4618-cancel-pc-target,"NPC Cancel PC Target","NPC: Отмена цели PC",active,1,/skill0000.webp
4619-dispel-sleep,"NPC Dispel Sleep","NPC: Снять Сон",active,1,/skill0000.webp
4620-npc-short-paralyze,"Paralysis","Паралич",active,12,/skill1170.webp
4621-range-80-hp-drain,"NPC AE - 80% HP Drain","NPC: Купол - 80% Кража HP",active,12,/skill0000.webp
4622-range-80-hp-drain-magic-only,"NPC AE - 80% HP Drain - Magic","NPC: Купол - 80% Кража HP - Магия",active,12,/skill0000.webp
4623-range-80-hp-drain-for-slow,"NPC AE - 80% HP Drain - Slow","NPC: Купол - 80% Кража HP - Замедление",active,12,/skill0000.webp
4624-area-disease,"Decrease HP Regeneration Rate","Понижение Регенерации HP",active,12,/skill1269.webp
4625-area-slow,"Decrease Speed","Понижение Скорости",active,12,/skill1160.webp
4626-npc-physical-barrier,"NPC Buff - Physical Barrier","NPC: Положительный Эффект - Физический Барьер",active,12,/skill0000.webp
4627-npc-magical-barrier,"NPC Buff - Magical Barrier","NPC: Положительный Эффект - Магический Барьер",active,12,/skill0000.webp
4628-mystery-aura,"Mysterious Aura","Мистическая Аура",active,1,/skill0000.webp
4629-middle-range-blood-sucking,"NPC MR - HP Drain","NPC: MR - Кража HP",active,12,/skill0000.webp
4630-middle-range-twister,"NPC MR - Twister","NPC: MR - Вращение",active,12,/skill0000.webp
4631-npc-acumen-shield-wild-magic,"NPC Buff - Acumen Shield WildMagic","NPC: Положительный Эффект - Щит Проницательности Дикой Магии",active,3,/skill0000.webp
4632-npc-acumen-empower-wild-magic,"NPC Buff - Acumen Empower WildMagic","NPC: Положительный Эффект - Воодушевление/Проницательность/Дикая Магия",active,3,/skill0000.webp
4633-npc-acumen-empower-berserker,"NPC Buff - Acumen Empower Berserk","NPC: Положительный Эффект - Воодушевление/Проницательность/Берсерк",active,3,/skill0000.webp
4634-npc-acumen-empower-dmg-shield,"NPC Buff - Acumen Empower DamageShield","NPC: Положительный Эффект - Воодушевление/Проницательность/Повреждение Щита",active,3,/skill0000.webp
4635-npc-acumen-berserker-wild-magic,"NPC Buff - Acumen Berserk WildMagic","NPC: Положительный Эффект - Проницательность Берсерка Дикой Магии",active,3,/skill0000.webp
4636-npc-acumen-berserker-dmg-shield,"NPC Buff - Acumen Berserk DamageShield","NPC: Положительный Эффект - Проницательность Берсерка Повреждение Щита",active,3,/skill0000.webp
4637-npc-acumen-wild-magic-dmg-shield,"NPC Buff - Acumen WildMagic DamageShield","NPC: Положительный Эффект - Проницательность Дикой Магии Повреждение Щита",active,3,/skill0000.webp
4638-npc-clan-acumen-empower-wild-magic,"NPC Clan Buff - Acumen Empower WildMagic","NPC Clan Buff - Acumen Empower WildMagic",active,3,/skill0000.webp
4639-npc-clan-acumen-empower-berserker,"NPC Clan Buff - Acumen Empower Berserk","NPC Clan Buff - Acumen Empower Berserk",active,3,/skill0000.webp
4640-range-sleep,"Sleep","Усыпление",active,12,/skill4046.webp
4641-npc-super-strike,"NPC Super Strike","NPC: Суперудар",active,12,/skill0000.webp
4642-npc-fast-casting,"NPC Fast Spell Casting","NPC: Стремительное Колдовство",passive,3,/skill0000.webp
4643-npc-slow-strike,"Decrease Speed","Понижение Скорости",active,12,/skill1160.webp
4644-area-haste,"Area Buff - Haste","Купол Положительного Эффекта - Ускорение",active,2,/skill0000.webp
4645-area-focus,"Area Buff - Focus","Купол Положительного Эффекта - Фокусировка",active,3,/skill0000.webp
4646-area-death-wisper,"Area Buff - Death Whisper","Area Buff - Death Whisper",active,3,/skill0000.webp
4647-area-might,"Area Buff - Might","Купол Положительного Эффекта - Мощь",active,3,/skill0000.webp
4648-area-shield,"Area Buff - Shield","Купол Положительного Эффекта - Щит",active,3,/skill0000.webp
4649-zombie-poison,"Poison","Отравление",active,12,/skill4036.webp
4650-ae-dispel-hold,"NPC AE - Dispel Hold","NPC: Купол - Снять Удержание",active,1,/skill0000.webp
4651-ae-dispel-slow,"NPC AE - Dispel Slow","NPC: Купол - Снять Замедление",active,3,/skill0000.webp
4652-ae-dispel-silence,"NPC AE - Dispel Silence","NPC: Купол - Снять Безмолвие",active,1,/skill0000.webp
4653-npc-corpse-life-drain,"NPC Corpse Life Drain","NPC: Подпитка от Трупа",active,12,/skill0000.webp
4654-npc-death-link,"NPC Death Link","NPC: Смертельные Узы",active,12,/skill0000.webp
4655-npc-death-link-magic-only,"NPC Death Link - Magic","NPC: Смертельные Узы - Магия",active,12,/skill0000.webp
4656-npc-death-link-for-slow,"NPC Death Link - Slow","NPC: Смертельные Узы - Замедление",active,12,/skill0000.webp
4657-npc-hold-drain,"Hold","Удержание",active,12,/skill4047.webp
4658-npc-hold-drain-magic-only,"Hold","Удержание",active,12,/skill4047.webp
4659-npc-hold-drain-for-slow,"Hold","Удержание",active,12,/skill4047.webp
4660-npc-sleep-drain,"Sleep","Усыпление",active,12,/skill4046.webp
4661-npc-sleep-drain-magic-only,"Sleep","Усыпление",active,12,/skill4046.webp
4662-npc-sleep-drain-for-slow,"Sleep","Усыпление",active,12,/skill4046.webp
4663-npc-hate,"NPC Hate","NPC: Ненависть",active,1,/skill0000.webp
4664-npc-100-hp-drain,"NPC 100% HP Drain","NPC: 100% Кража HP",active,12,/skill0000.webp
4665-npc-100-hp-drain-magic-only,"NPC 100% HP Drain - Magic","NPC: 100% Кража HP - Магия",active,12,/skill0000.webp
4666-npc-100-hp-drain-for-slow,"NPC 100% HP Drain - Slow","NPC: 100% Кража HP - Замедление",active,12,/skill0000.webp
4667-npc-strong-100-hp-drain,"NPC Strong 100% HP Drain","NPC: Мощная Кража HP (100%)",active,12,/skill0000.webp
4668-npc-strong-100-hp-drain-magic-only,"NPC Strong 100% HP Drain - Magic","NPC: Мощная Кража HP (100%) - Магия",active,12,/skill0000.webp
4669-npc-strong-100-hp-drain-for-slow,"NPC Strong 100% HP Drain - Slow","NPC: Мощная Кража HP (100%) - Замедление",active,12,/skill0000.webp
4670-npc-short-shock,"Short Shock","Короткое Оглушение",active,12,/skill0100.webp
4671-av-teleport,"AV - Teleport","AV - Телепорт",active,1,/skill0000.webp
4672-npc-corpse-remove,"NPC Corpse Remove","NPC: Убрать Труп",active,1,/skill0000.webp
4673-npc-dispel-atk,"NPC Dispel Offensive Buff","NPC: Снятие Положительного Эффекта Атаки",active,12,/skill0000.webp
4674-npc-dispel-def,"NPC Dispel Defensive Buff","NPC: Снятие Положительного Эффекта Защиты",active,12,/skill0000.webp
4675-npc-dispel-atk-war,"NPC Dispel Fighter Buff","NPC: Снятие Боевого Положительного Эффекта",active,12,/skill0000.webp
4676-npc-dispel-atk-mag,"NPC Dispel Mage Offensive Buff","NPC: Снятие Магического Положительного Эффекта Атаки",active,12,/skill0000.webp
4677-npc-dispel-def-war,"NPC Dispel Fighter Defensive Buff","NPC: Снятие Боевого Положительного Эффекта Защиты",active,12,/skill0000.webp
4678-npc-dispel-def-mag,"NPC Dispel Mage Defensive Buff","NPC: Снятие Магического Положительного Эффекта Защиты",active,12,/skill0000.webp
4679-valakas-body,"Valakas","Валакас",passive,1,/skillboss.webp
4680-valakas-lava-skin,"Valakas Lava Skin","Кожа из Лавы Валакаса",active,1,/skill0000.webp
4681-valakas-trample-left,"Valakas Trample","Пресс Валакаса",active,1,/skill0000.webp
4682-valakas-trample-right,"Valakas Trample","Пресс Валакаса",active,1,/skill0000.webp
4683-valakas-dragon-breath-low,"Valakas Dragon Breath","Дыхание Дракона Валакаса",active,1,/skill4683.webp
4684-valakas-dragon-breath-high,"Valakas Dragon Breath","Дыхание Дракона Валакаса",active,1,/skill4683.webp
4685-valakas-tail-stomp-a,"Valakas Tail Stomp","Удар Хвостом Валакаса",active,1,/skill0000.webp
4686-valakas-tail-stomp-b,"Valakas Tail Stomp","Удар Хвостом Валакаса",active,1,/skill0000.webp
4687-valakas-tail-stomp-visual,"Valakas Tail Stomp","Удар Хвостом Валакаса",active,1,/skill0000.webp
4688-valakas-tail-lash,"Valakas Shock","Оглушение Валакаса",active,1,/skill4688.webp
4689-valakas-fear,"Valakas Fear","Устрашение Валакаса",active,2,/skill4689.webp
4690-valakas-meteor-storm,"Valakas Meteor Storm","Метеоритный Шторм Валакаса",active,1,/skill0000.webp
4691-valakas-regeneration,"Valakas Regeneration","Регенерация Валакаса",active,4,/skill0000.webp
4692-quest-boss-big-body,"Quest BOSS Big Body","Огромный Размер Квестового Босса",active,1,/skill0000.webp
4693-quest-boss-dispel-big-body,"Quest BOSS Dispel Big Body","Отменить Огромный Размер Квестового Босса",active,1,/skill0000.webp
4694-ultimate-debuff,"Ultimate Debuff","Совершенный Отрицательный Эффект ",active,1,/skill0000.webp
4695-ultimate-debuff-2nd,"Ultimate Debuff","Совершенный Отрицательный Эффект ",active,1,/skill0000.webp
4696-ultimate-debuff-3rd,"Ultimate Debuff","Совершенный Отрицательный Эффект ",active,1,/skill0000.webp
4697-npc-monster-hate,"NPC Monster Hate","NPC: Ненависть Монстра",active,12,/skill0000.webp
4698-area-hp-regeneration,"Area Buff - HP Regeneration","Купол Положительного Эффекта - Регенерация HP",active,12,/skill0000.webp
4699-blessing-of-queen,"Blessing of Queen","Благословение Королевы",active,13,/skill1331.webp
4700-gift-of-queen,"Gift of Queen","Дар Королевы",active,13,/skill1331.webp
4701-cure-of-queen,"Cure of Queen","Исцеление Королевы",active,13,/skill0000.webp
4702-blessing-of-seraphim,"Blessing of Seraphim","Благословение Серафима",active,13,/skill1332.webp
4703-gift-of-seraphim,"Gift of Seraphim","Дар Серафима",active,13,/skill1332.webp
4704-cure-of-seraphim,"Cure of Seraphim","Исцеление Серафима",active,13,/skill0000.webp
4705-curse-of-shade,"Curse of Shade","Проклятие Тени",active,13,/skill1333.webp
4706-mass-curse-of-shade,"Mass Curse of Shade","Массовое Проклятие Тени",active,13,/skill1333.webp
4707-shade-sacrifice,"Shade Sacrifice","Жертва Тени",active,13,/skill0000.webp
4708-cursed-strike,"Cursed Strike","Проклятый Удар",active,10,/skill0100.webp
4709-cursed-blow,"Cursed Blow","Проклятый Импульс",active,10,/skill0000.webp
4710-pet-wild-stun,"Wild Stun","Дикое Оглушение",active,12,/skill0100.webp
4711-pet-wild-defence,"Wild Defense","Дикая Защита",active,12,/skill0110.webp
4714-pet-twilight-dragon-body,"Twilight Dragon","Сумеречный Дракон",passive,1,/skill1373.webp
4715-pet-wind-dragon-body,"Wind Dragon","Дракон Ветра",passive,1,/skill1373.webp
4716-pet-star-dragon-body,"Star Dragon","Звездный Дракон",passive,1,/skill1373.webp
4168-power-strike-boss-a-2a,"BOSS Strike","Босс: Удар",active,12,/skill0000.webp
4719-power-strike-boss-a-2b,"BOSS Strike","Босс: Удар",active,12,/skill0000.webp
4720-power-strike-boss-a-2c,"BOSS Strike","Босс: Удар",active,12,/skill0000.webp
4721-power-strike-boss-a-1a,"BOSS Strike","Босс: Удар",active,12,/skill0000.webp
4722-power-strike-boss-a-1b,"BOSS Strike","Босс: Удар",active,12,/skill0000.webp
4723-power-strike-boss-a-1c,"BOSS Strike","Босс: Удар",active,12,/skill0000.webp
4169-stun-attack-boss-a-2a,"Shock","Оглушение",active,12,/skill0100.webp
4724-stun-attack-boss-a-2b,"Shock","Оглушение",active,12,/skill0100.webp
4725-stun-attack-boss-a-2c,"Shock","Оглушение",active,12,/skill0100.webp
4726-stun-attack-boss-a-1a,"Shock","Оглушение",active,12,/skill0100.webp
4727-stun-attack-boss-a-1b,"Shock","Оглушение",active,12,/skill0100.webp
4728-stun-attack-boss-a-1c,"Shock","Оглушение",active,12,/skill0100.webp
4170-mortal-blow-boss-a-2a,"BOSS Mortal Blow","Босс: Смертельный Импульс",active,12,/skill0000.webp
4729-mortal-blow-boss-a-2b,"BOSS Mortal Blow","Босс: Смертельный Импульс",active,12,/skill0000.webp
4730-mortal-blow-boss-a-2c,"BOSS Mortal Blow","Босс: Смертельный Импульс",active,12,/skill0000.webp
4731-mortal-blow-boss-a-1a,"BOSS Mortal Blow","Босс: Смертельный Импульс",active,12,/skill0000.webp
4732-mortal-blow-boss-a-1b,"BOSS Mortal Blow","Босс: Смертельный Импульс",active,12,/skill0000.webp
4733-mortal-blow-boss-a-1c,"BOSS Mortal Blow","Босс: Смертельный Импульс",active,12,/skill0000.webp
4171-spinning-slasher-boss-a-2a,"BOSS Spinning Slash","Босс: Вихрь",active,12,/skill0000.webp
4734-spinning-slasher-boss-a-2b,"BOSS Spinning Slash","Босс: Вихрь",active,12,/skill0000.webp
4735-spinning-slasher-boss-a-2c,"BOSS Spinning Slash","Босс: Вихрь",active,12,/skill0000.webp
4736-spinning-slasher-boss-a-1a,"BOSS Spinning Slash","Босс: Вихрь",active,12,/skill0000.webp
4737-spinning-slasher-boss-a-1b,"BOSS Spinning Slash","Босс: Вихрь",active,12,/skill0000.webp
4738-spinning-slasher-boss-a-1c,"BOSS Spinning Slash","Босс: Вихрь",active,12,/skill0000.webp
4172-thunder-storm-boss-a,"Shock","Оглушение",active,12,/skill0100.webp
4173-might-boss-a,"BOSS Might","Босс: Мощь",active,12,/skill0000.webp
4174-shield-boss-a,"BOSS Shield","Босс: Щит",active,12,/skill0000.webp
4175-haste-boss-a,"BOSS Haste","Босс: Ускорение",active,12,/skill0000.webp
4176-reflect-damage-boss-a,"BOSS Reflect Damage","Босс: Отражение Урона",active,12,/skill0000.webp
4177-self-range-cancel-boss-a,"BOSS Cancel Magic","Босс: Прерывание Колдовства",active,12,/skill0000.webp
4178-flame-strike-boss-a,"BOSS Flamestrike","Босс: Огненный Удар",active,12,/skill0000.webp
4179-power-strike-boss-b-2a,"BOSS Strike","Босс: Удар",active,12,/skill0000.webp
4739-power-strike-boss-b-2b,"BOSS Strike","Босс: Удар",active,12,/skill0000.webp
4740-power-strike-boss-b-2c,"BOSS Strike","Босс: Удар",active,12,/skill0000.webp
4741-power-strike-boss-b-1a,"BOSS Strike","Босс: Удар",active,12,/skill0000.webp
4742-power-strike-boss-b-1b,"BOSS Strike","Босс: Удар",active,12,/skill0000.webp
4743-power-strike-boss-b-1c,"BOSS Strike","Босс: Удар",active,12,/skill0000.webp
4180-stun-attack-boss-b-2a,"Shock","Оглушение",active,12,/skill0100.webp
4744-stun-attack-boss-b-2b,"Shock","Оглушение",active,12,/skill0100.webp
4745-stun-attack-boss-b-2c,"Shock","Оглушение",active,12,/skill0100.webp
4746-stun-attack-boss-b-1a,"Shock","Оглушение",active,12,/skill0100.webp
4747-stun-attack-boss-b-1b,"Shock","Оглушение",active,12,/skill0100.webp
4748-stun-attack-boss-b-1c,"Shock","Оглушение",active,12,/skill0100.webp
4181-mortal-blow-boss-b-2a,"BOSS Mortal Blow","Босс: Смертельный Импульс",active,12,/skill0000.webp
4749-mortal-blow-boss-b-2b,"BOSS Mortal Blow","Босс: Смертельный Импульс",active,12,/skill0000.webp
4750-mortal-blow-boss-b-2c,"BOSS Mortal Blow","Босс: Смертельный Импульс",active,12,/skill0000.webp
4751-mortal-blow-boss-b-1a,"BOSS Mortal Blow","Босс: Смертельный Импульс",active,12,/skill0000.webp
4752-mortal-blow-boss-b-1b,"BOSS Mortal Blow","Босс: Смертельный Импульс",active,12,/skill0000.webp
4753-mortal-blow-boss-b-1c,"BOSS Mortal Blow","Босс: Смертельный Импульс",active,12,/skill0000.webp
4207-power-shot-boss-a-2a,"BOSS Power Shot","Босс: Мощный Выстрел",active,12,/skill0000.webp
4754-power-shot-boss-a-2b,"BOSS Power Shot","Босс: Мощный Выстрел",active,12,/skill0000.webp
4755-power-shot-boss-a-2c,"BOSS Power Shot","Босс: Мощный Выстрел",active,12,/skill0000.webp
4756-power-shot-boss-a-1a,"BOSS Power Shot","Босс: Мощный Выстрел",active,12,/skill0000.webp
4757-power-shot-boss-a-1b,"BOSS Power Shot","Босс: Мощный Выстрел",active,12,/skill0000.webp
4758-power-shot-boss-a-1c,"BOSS Power Shot","Босс: Мощный Выстрел",active,12,/skill0000.webp
4208-stun-shot-boss-a-2a,"Shock","Оглушение",active,12,/skill0101.webp
4759-stun-shot-boss-a-2b,"Shock","Оглушение",active,12,/skill0101.webp
4760-stun-shot-boss-a-2c,"Shock","Оглушение",active,12,/skill0101.webp
4761-stun-shot-boss-a-1a,"Shock","Оглушение",active,12,/skill0101.webp
4762-stun-shot-boss-a-1b,"Shock","Оглушение",active,12,/skill0101.webp
4763-stun-shot-boss-a-1c,"Shock","Оглушение",active,12,/skill0101.webp
4495-power-shot-boss-a-2-2a,"BOSS Power Shot","Босс: Мощный Выстрел",active,12,/skill0000.webp
4764-power-shot-boss-a-2-2b,"BOSS Power Shot","Босс: Мощный Выстрел",active,12,/skill0000.webp
4765-power-shot-boss-a-2-2c,"BOSS Power Shot","Босс: Мощный Выстрел",active,12,/skill0000.webp
4766-power-shot-boss-a-2-1a,"BOSS Power Shot","Босс: Мощный Выстрел",active,12,/skill0000.webp
4767-power-shot-boss-a-2-1b,"BOSS Power Shot","Босс: Мощный Выстрел",active,12,/skill0000.webp
4768-power-shot-boss-a-2-1c,"BOSS Power Shot","Босс: Мощный Выстрел",active,12,/skill0000.webp
4496-stun-shot-boss-a-2-2a,"Shock","Оглушение",active,12,/skill0101.webp
4769-stun-shot-boss-a-2-2b,"Shock","Оглушение",active,12,/skill0101.webp
4770-stun-shot-boss-a-2-2c,"Shock","Оглушение",active,12,/skill0101.webp
4771-stun-shot-boss-a-2-1a,"Shock","Оглушение",active,12,/skill0101.webp
4772-stun-shot-boss-a-2-1b,"Shock","Оглушение",active,12,/skill0101.webp
4773-stun-shot-boss-a-2-1c,"Shock","Оглушение",active,12,/skill0101.webp
4234-spear-attack-boss-a-2a,"BOSS Spear Attack","Босс: Атака Копьем",active,12,/skill0000.webp
4774-spear-attack-boss-a-2b,"BOSS Spear Attack","Босс: Атака Копьем",active,12,/skill0000.webp
4775-spear-attack-boss-a-2c,"BOSS Spear Attack","Босс: Атака Копьем",active,12,/skill0000.webp
4776-spear-attack-boss-a-1a,"BOSS Spear Attack","Босс: Атака Копьем",active,12,/skill0000.webp
4777-spear-attack-boss-a-1b,"BOSS Spear Attack","Босс: Атака Копьем",active,12,/skill0000.webp
4778-spear-attack-boss-a-1c,"BOSS Spear Attack","Босс: Атака Копьем",active,12,/skill0000.webp
4209-heal-boss-a-2a,"BOSS Heal","Босс: Лечение",active,12,/skill0000.webp
4779-heal-boss-a-2b,"BOSS Heal","Босс: Лечение",active,12,/skill0000.webp
4780-heal-boss-a-2c,"BOSS Heal","Босс: Лечение",active,12,/skill0000.webp
4781-heal-boss-a-1a,"BOSS Heal","Босс: Лечение",active,12,/skill0000.webp
4782-heal-boss-a-1b,"BOSS Heal","Босс: Лечение",active,12,/skill0000.webp
4783-heal-boss-a-1c,"BOSS Heal","Босс: Лечение",active,12,/skill0000.webp
4210-life-chant-boss-a-2a,"BOSS Chant of Life","Босс: Напев Жизни",active,12,/skill0000.webp
4784-life-chant-boss-a-2b,"BOSS Chant of Life","Босс: Напев Жизни",active,12,/skill0000.webp
4785-life-chant-boss-a-2c,"BOSS Chant of Life","Босс: Напев Жизни",active,12,/skill0000.webp
4786-life-chant-boss-a-1a,"BOSS Chant of Life","Босс: Напев Жизни",active,12,/skill0000.webp
4787-life-chant-boss-a-1b,"BOSS Chant of Life","Босс: Напев Жизни",active,12,/skill0000.webp
4788-life-chant-boss-a-1c,"BOSS Chant of Life","Босс: Напев Жизни",active,12,/skill0000.webp
4789-npc-high-level,"NPC High Level","Босс: Высший Уровень",passive,10,/skill0000.webp
4790-raid-boss-greyclaw-kutus,"Raid Boss - Level 23","Рейдовый Босс - Уровень 23",passive,1,/skillraid.webp
4791-raid-boss-turek-mercenary-boss,"Raid Boss - Level 30","Рейдовый Босс - Уровень 30",passive,1,/skillraid.webp
4792-raid-boss-retreat-spider-cletu,"Raid Boss - Level 42","Рейдовый Босс - Уровень 42",passive,1,/skillraid.webp
4793-raid-boss-furious-thieles,"Raid Boss - Level 55","Рейдовый Босс - Уровень 55",passive,1,/skillraid.webp
4794-raid-boss-ghost-of-peasant-leader,"Raid Boss - Level 50","Рейдовый Босс - Уровень 50",passive,1,/skillraid.webp
4795-raid-boss-guardian-3-of-garden,"Raid Boss - Level 60","Рейдовый Босс - Уровень 60",passive,1,/skillraid.webp
4796-raid-boss-pan-draid,"Raid Boss - Level 25","Рейдовый Босс - Уровень 25",passive,1,/skillraid.webp
4797-raid-boss-breka-warlock-pastu,"Raid Boss - Level 34","Рейдовый Босс - Уровень 34",passive,1,/skillraid.webp
4798-raid-boss-jeruna-queen,"Raid Boss - Level 34","Рейдовый Босс - Уровень 34",passive,1,/skillraid.webp
4799-raid-boss-katu-van-atui,"Raid Boss - Level 49","Рейдовый Босс - Уровень 49",passive,1,/skillraid.webp
4800-raid-boss-atraiban,"Raid Boss - Level 53","Рейдовый Босс - Уровень 53",passive,1,/skillraid.webp
4801-raid-boss-eva-guardian-millenu,"Raid Boss - Level 58","Рейдовый Босс - Уровень 58",passive,1,/skillraid.webp
4802-raid-boss-domb-death-cabrio,"Raid Boss - Level 70","Рейдовый Босс - Уровень 70",passive,1,/skillraid.webp
4803-raid-boss-tirak,"Raid Boss - Level 28","Рейдовый Босс - Уровень 28",passive,1,/skillraid.webp
4804-raid-boss-remmel,"Raid Boss - Level 35","Рейдовый Босс - Уровень 35",passive,1,/skillraid.webp
4805-raid-boss-barion,"Raid Boss - Level 47","Рейдовый Босс - Уровень 47",passive,1,/skillraid.webp
4806-raid-boss-karte,"Raid Boss - Level 49","Рейдовый Босс - Уровень 49",passive,1,/skillraid.webp
4807-raid-boss-verfa,"Raid Boss - Level 51","Рейдовый Босс - Уровень 51",passive,1,/skillraid.webp
4808-raid-boss-rahha,"Raid Boss - Level 65","Рейдовый Босс - Уровень 65",passive,1,/skillraid.webp
4809-raid-boss-kernon,"Raid Boss - Level 75","Рейдовый Босс - Уровень 75",passive,1,/skillraid.webp
4810-raid-boss-biconne-of-blue-sky,"Raid Boss - Level 45","Рейдовый Босс - Уровень 45",passive,1,/skillraid.webp
4811-raid-boss-love-reverser-kael,"Raid Boss - Level 24","Рейдовый Босс - Уровень 24",passive,1,/skillraid.webp
4812-raid-boss-grandeur-soul-chertuba,"Raid Boss - Level 35","Рейдовый Босс - Уровень 35",passive,1,/skillraid.webp
4813-raid-boss-wizard-of-storm-teruk,"Raid Boss - Level 40","Рейдовый Босс - Уровень 40",passive,1,/skillraid.webp
4814-raid-boss-master-of-ledflag-shaka,"Raid Boss - Level 52","Рейдовый Босс - Уровень 52",passive,1,/skillraid.webp
4815-raid-boss-fairys-watcher-ruell,"Raid Boss - Level 55","Рейдовый Босс - Уровень 55",passive,1,/skillraid.webp
4816-raid-boss-bloody-priest-rudelto,"Raid Boss - Level 69","Рейдовый Босс - Уровень 69",passive,1,/skillraid.webp
4817-raid-boss-princess-molrang,"Raid Boss - Level 25","Рейдовый Босс - Уровень 25",passive,1,/skillraid.webp
4818-raid-boss-catseye,"Raid Boss - Level 30","Рейдовый Босс - Уровень 30",passive,1,/skillraid.webp
4819-raid-boss-lost-cat-the-cat-a,"Raid Boss - Level 39","Рейдовый Босс - Уровень 39",passive,1,/skillraid.webp
4820-raid-boss-timak-orc-hunter-a,"Raid Boss - Level 44","Рейдовый Босс - Уровень 44",passive,1,/skillraid.webp
4821-raid-boss-crazy-mechanic-golem,"Raid Boss - Level 43","Рейдовый Босс - Уровень 43",passive,1,/skillraid.webp
4822-raid-boss-soulless-wild-boar,"Raid Boss - Level 59","Рейдовый Босс - Уровень 59",passive,1,/skillraid.webp
4823-raid-boss-korim,"Raid Boss - Level 70","Рейдовый Босс - Уровень 70",passive,1,/skillraid.webp
4824-raid-boss-elf-renoa,"Raid Boss - Level 29","Рейдовый Босс - Уровень 29",passive,1,/skillraid.webp
4825-raid-boss-sejarr-s-summoner,"Raid Boss - Level 35","Рейдовый Босс - Уровень 35",passive,1,/skillraid.webp
4826-raid-boss-repiro-rot-tree,"Raid Boss - Level 44","Рейдовый Босс - Уровень 44",passive,1,/skillraid.webp
4827-raid-boss-shacram,"Raid Boss - Level 45","Рейдовый Босс - Уровень 45",passive,1,/skillraid.webp
4828-raid-boss-sorcery-isirr,"Raid Boss - Level 55","Рейдовый Босс - Уровень 55",passive,1,/skillraid.webp
4829-raid-boss-manes-lidia,"Raid Boss - Level 60","Рейдовый Босс - Уровень 60",passive,1,/skillraid.webp
4830-raid-boss-antaras-cloe,"Raid Boss - Level 74","Рейдовый Босс - Уровень 74",passive,1,/skillraid.webp
4831-raid-boss-meana-agent-of-beres,"Raid Boss - Level 30","Рейдовый Босс - Уровень 30",passive,1,/skillraid.webp
4832-raid-boss-icarus-sample,"Raid Boss - Level 40","Рейдовый Босс - Уровень 40",passive,1,/skillraid.webp
4833-raid-boss-warden-guillotine,"Raid Boss - Level 35","Рейдовый Босс - Уровень 35",passive,1,/skillraid.webp
4834-raid-boss-obern-mgr-of-fairyqueen,"Raid Boss - Level 50","Рейдовый Босс - Уровень 50",passive,1,/skillraid.webp
4835-raid-boss-refuge-hoper-leo,"Raid Boss - Level 56","Рейдовый Босс - Уровень 56",passive,1,/skillraid.webp
4836-raid-boss-fiercetiger-king-angel,"Raid Boss - Level 65","Рейдовый Босс - Уровень 65",passive,1,/skillraid.webp
4837-raid-boss-golkonda-longhorn,"Raid Boss - Level 79","Рейдовый Босс - Уровень 79",passive,1,/skillraid.webp
4838-raid-boss-langk-matriarch-rashkos,"Raid Boss - Level 24","Рейдовый Босс - Уровень 24",passive,1,/skillraid.webp
4839-raid-boss-vuku-witchdr-gharmash,"Raid Boss - Level 33","Рейдовый Босс - Уровень 33",passive,1,/skillraid.webp
4840-raid-boss-carnage-lord-gato,"Raid Boss - Level 50","Рейдовый Босс - Уровень 50",passive,1,/skillraid.webp
4841-raid-boss-leto-chief-talkin,"Raid Boss - Level 40","Рейдовый Босс - Уровень 40",passive,1,/skillraid.webp
4842-raid-boss-bereths-seer-sephia,"Raid Boss - Level 55","Рейдовый Босс - Уровень 55",passive,1,/skillraid.webp
4843-raid-boss-hekaton-prime,"Raid Boss - Level 65","Рейдовый Босс - Уровень 65",passive,1,/skillraid.webp
4844-raid-boss-shuriel-fire-of-wrath,"Raid Boss - Level 78","Рейдовый Босс - Уровень 78",passive,1,/skillraid.webp
4845-raid-boss-serpent-demon-bifrons,"Raid Boss - Level 21","Рейдовый Босс - Уровень 21",passive,1,/skillraid.webp
4846-raid-boss-zombie-lord-crowl,"Raid Boss - Level 25","Рейдовый Босс - Уровень 25",passive,1,/skillraid.webp
4847-raid-boss-flamelord-shadar,"Raid Boss - Level 35","Рейдовый Босс - Уровень 35",passive,1,/skillraid.webp
4848-raid-boss-shaman-king-selu,"Raid Boss - Level 40","Рейдовый Босс - Уровень 40",passive,1,/skillraid.webp
4849-raid-boss-king-tarlk,"Raid Boss - Level 48","Рейдовый Босс - Уровень 48",passive,1,/skillraid.webp
4850-raid-boss-unicorn-paniel,"Raid Boss - Level 54","Рейдовый Босс - Уровень 54",passive,1,/skillraid.webp
4851-raid-boss-giant-marpanak,"Raid Boss - Level 60","Рейдовый Босс - Уровень 60",passive,1,/skillraid.webp
4852-raid-boss-roar-skylancer,"Raid Boss - Level 70","Рейдовый Босс - Уровень 70",passive,1,/skillraid.webp
4853-raid-boss-ikuntai,"Raid Boss - Level 25","Рейдовый Босс - Уровень 25",passive,1,/skillraid.webp
4854-raid-boss-ragraman,"Raid Boss - Level 30","Рейдовый Босс - Уровень 30",passive,1,/skillraid.webp
4855-raid-boss-lizardman-leader-hellion,"Raid Boss - Level 38","Рейдовый Босс - Уровень 38",passive,1,/skillraid.webp
4856-raid-boss-king-tiger-karuta,"Raid Boss - Level 45","Рейдовый Босс - Уровень 45",passive,1,/skillraid.webp
4857-raid-boss-witch-wimere,"Raid Boss - Level 55","Рейдовый Босс - Уровень 55",passive,1,/skillraid.webp
4858-raid-boss-hatos,"Raid Boss - Level 60","Рейдовый Босс - Уровень 60",passive,1,/skillraid.webp
4859-raid-boss-kurikups,"Raid Boss - Level 59","Рейдовый Босс - Уровень 59",passive,1,/skillraid.webp
4860-raid-boss-tasaba-patriarch-hellena,"Raid Boss - Level 35","Рейдовый Босс - Уровень 35",passive,1,/skillraid.webp
4861-raid-boss-apepi,"Raid Boss - Level 30","Рейдовый Босс - Уровень 30",passive,1,/skillraid.webp
4862-raid-boss-cronoss-summons-mumu,"Raid Boss - Level 34","Рейдовый Босс - Уровень 34",passive,1,/skillraid.webp
4863-raid-boss-earth-protecter-panathen,"Raid Boss - Level 43","Рейдовый Босс - Уровень 43",passive,1,/skillraid.webp
4864-raid-boss-water-couatl-ateka,"Raid Boss - Level 40","Рейдовый Босс - Уровень 40",passive,1,/skillraid.webp
4865-raid-boss-sebek,"Raid Boss - Level 36","Рейдовый Босс - Уровень 36",passive,1,/skillraid.webp
4866-raid-boss-fafurions-pagehood-sika,"Raid Boss - Level 40","Рейдовый Босс - Уровень 40",passive,1,/skillraid.webp
4867-raid-boss-cursed-clala,"Raid Boss - Level 50","Рейдовый Босс - Уровень 50",passive,1,/skillraid.webp
4868-raid-boss-hallate-the-death-lord,"Raid Boss - Level 73","Рейдовый Босс - Уровень 73",passive,1,/skillraid.webp
4869-raid-boss-soul-collector-acheron,"Raid Boss - Level 35","Рейдовый Босс - Уровень 35",passive,1,/skillraid.webp
4870-raid-boss-roaring-seer-kastor,"Raid Boss - Level 62","Рейдовый Босс - Уровень 62",passive,1,/skillraid.webp
4871-raid-boss-storm-winged-naga,"Raid Boss - Level 75","Рейдовый Босс - Уровень 75",passive,1,/skillraid.webp
4872-raid-boss-timak-seer-ragoth,"Raid Boss - Level 57","Рейдовый Босс - Уровень 57",passive,1,/skillraid.webp
4873-raid-boss-spirit-andras-betrayer,"Raid Boss - Level 69","Рейдовый Босс - Уровень 69",passive,1,/skillraid.webp
4874-raid-boss-ancient-weird-drake,"Raid Boss - Level 60","Рейдовый Босс - Уровень 60",passive,1,/skillraid.webp
4875-raid-boss-vanor-chief-kandra,"Raid Boss - Level 72","Рейдовый Босс - Уровень 72",passive,1,/skillraid.webp
4876-raid-boss-nightmare-drake,"Raid Boss - Level 59","Рейдовый Босс - Уровень 59",passive,1,/skillraid.webp
4877-raid-boss-harit-hero-tamash,"Raid Boss - Level 55","Рейдовый Босс - Уровень 55",passive,1,/skillraid.webp
4878-raid-boss-last-lesser-olkuth,"Raid Boss - Level 75","Рейдовый Босс - Уровень 75",passive,1,/skillraid.webp
4879-raid-boss-last-lesser-glaki,"Raid Boss - Level 78","Рейдовый Босс - Уровень 78",passive,1,/skillraid.webp
4880-raid-boss-doom-blade-tanatos,"Raid Boss - Level 72","Рейдовый Босс - Уровень 72",passive,1,/skillraid.webp
4881-raid-boss-bloody-tree-vermilion,"Raid Boss - Level 75","Рейдовый Босс - Уровень 75",passive,1,/skillraid.webp
4882-raid-boss-palibati-queen-themis,"Raid Boss - Level 70","Рейдовый Босс - Уровень 70",passive,1,/skillraid.webp
4883-raid-boss-gargoyle-lord-tiphon,"Raid Boss - Level 65","Рейдовый Босс - Уровень 65",passive,1,/skillraid.webp
4884-raid-boss-taik-prefect-arak,"Raid Boss - Level 60","Рейдовый Босс - Уровень 60",passive,1,/skillraid.webp
4885-raid-boss-zakens-butcher-krantz,"Raid Boss - Level 55","Рейдовый Босс - Уровень 55",passive,1,/skillraid.webp
4886-raid-boss-iron-giant-totem,"Raid Boss - Level 45","Рейдовый Босс - Уровень 45",passive,1,/skillraid.webp
4887-raid-boss-malruks-oracle-sekina,"Raid Boss - Level 67","Рейдовый Босс - Уровень 67",passive,1,/skillraid.webp
4888-raid-boss-bloody-empress-decarbia,"Raid Boss - Level 75","Рейдовый Босс - Уровень 75",passive,1,/skillraid.webp
4889-raid-boss-beastlord-behemoth,"Raid Boss - Level 70","Рейдовый Босс - Уровень 70",passive,1,/skillraid.webp
4890-raid-boss-partisan-leader-talakin,"Raid Boss - Level 28","Рейдовый Босс - Уровень 28",passive,1,/skillraid.webp
4891-raid-boss-carnamakos,"Raid Boss - Level 50","Рейдовый Босс - Уровень 50",passive,1,/skillraid.webp
4892-raid-boss-ipos-the-death-lord,"Raid Boss - Level 75","Рейдовый Босс - Уровень 75",passive,1,/skillraid.webp
4893-raid-boss-liliths-oracle-marilion,"Raid Boss - Level 50","Рейдовый Босс - Уровень 50",passive,1,/skillraid.webp
4894-raid-boss-pagan-warder-cerberon,"Raid Boss - Level 55","Рейдовый Босс - Уровень 55",passive,1,/skillraid.webp
4895-raid-boss-anakims-nemesis-zakaron,"Raid Boss - Level 70","Рейдовый Босс - Уровень 70",passive,1,/skillraid.webp
4896-raid-boss-shax-the-death-lord,"Raid Boss - Level 75","Рейдовый Босс - Уровень 75",passive,1,/skillraid.webp
4897-raid-boss-lilith,"Raid Boss - Level 80","Рейдовый Босс - Уровень 80",passive,1,/skillraid.webp
4898-raid-boss-anakim,"Raid Boss - Level 80","Рейдовый Босс - Уровень 80",passive,1,/skillraid.webp
4899-raid-boss-zombie-lord-farakelsus,"Raid Boss - Level 20","Рейдовый Босс - Уровень 20",passive,1,/skillraid.webp
4900-raid-boss-daemon-of-hundred-eyes,"Raid Boss - Level 78","Рейдовый Босс - Уровень 78",passive,1,/skillraid.webp
4901-raid-boss-geyser-guardian-hestia,"Raid Boss - Level 78","Рейдовый Босс - Уровень 78",passive,1,/skillraid.webp
4902-raid-boss-icicle-king-umpaloopa,"Raid Boss - Level 74","Рейдовый Босс - Уровень 74",passive,1,/skillraid.webp
4903-raid-boss-ketra-hero-hekaton,"Raid Boss - Level 80","Рейдовый Босс - Уровень 80",passive,1,/skillraid.webp
4904-raid-boss-ketra-commander-tayr,"Raid Boss - Level 84","Рейдовый Босс - Уровень 80",passive,1,/skillraid.webp
4905-raid-boss-ketra-chief-brakki,"Raid Boss - Level 87","Рейдовый Босс - Уровень 80",passive,1,/skillraid.webp
4906-raid-boss-flame-spirit-nastron,"Raid Boss - Level 87","Рейдовый Босс - Уровень 80",passive,1,/skillraid.webp
4907-raid-boss-varka-hero-shadith,"Raid Boss - Level 80","Рейдовый Босс - Уровень 80",passive,1,/skillraid.webp
4908-raid-boss-varka-commnder-mos,"Raid Boss - Level 84","Рейдовый Босс - Уровень 80",passive,1,/skillraid.webp
4909-raid-boss-varka-chief-horuth,"Raid Boss - Level 87","Рейдовый Босс - Уровень 80",passive,1,/skillraid.webp
4910-raid-boss-water-spirit-ashutar,"Raid Boss - Level 87","Рейдовый Босс - Уровень 80",passive,1,/skillraid.webp
4911-raid-boss-amber,"Raid Boss - Level 85","Рейдовый Босс - Уровень 80",passive,1,/skillraid.webp
4912-raid-boss-demonic-agent-falston,"Raid Boss - Level 66","Рейдовый Босс - Уровень 66",passive,1,/skillraid.webp
4913-raid-boss-blinding-fire-barakiel,"Raid Boss - Level 70","Рейдовый Босс - Уровень 70",passive,1,/skillraid.webp
4914-raid-boss-raid-boss-von-helman,"Raid Boss - Level 71","Рейдовый Босс - Уровень 71",passive,1,/skillraid.webp
4915-raid-boss-r08-leader-anakazel,"Raid Boss - Level 28","Рейдовый Босс - Уровень 28",passive,1,/skillraid.webp
4916-raid-boss-r18-leader-anakazel,"Raid Boss - Level 38","Рейдовый Босс - Уровень 38",passive,1,/skillraid.webp
4917-raid-boss-r28-leader-anakazel,"Raid Boss - Level 48","Рейдовый Босс - Уровень 48",passive,1,/skillraid.webp
4918-raid-boss-r38-leader-anakazel,"Raid Boss - Level 58","Рейдовый Босс - Уровень 58",passive,1,/skillraid.webp
4919-raid-boss-r48-leader-anakazel,"Raid Boss - Level 68","Рейдовый Босс - Уровень 68",passive,1,/skillraid.webp
4920-raid-boss-r58-leader-anakazel,"Raid Boss - Level 78","Рейдовый Босс - Уровень 78",passive,1,/skillraid.webp
4921-raid-boss-halisha-alectia,"Raid Boss - Level 81","Рейдовый Босс - Уровень 80",passive,1,/skillraid.webp
4922-raid-boss-halisha-tishas,"Raid Boss - Level 81","Рейдовый Босс - Уровень 80",passive,1,/skillraid.webp
4923-raid-boss-halisha-mekara,"Raid Boss - Level 81","Рейдовый Босс - Уровень 80",passive,1,/skillraid.webp
4924-raid-boss-halisha-morigul,"Raid Boss - Level 81","Рейдовый Босс - Уровень 80",passive,1,/skillraid.webp
4925-raid-boss-giant-wasteland-basil,"Raid Boss - Level 30","Рейдовый Босс - Уровень 30",passive,1,/skillraid.webp
4926-raid-boss-gargoyle-lord-sirocco,"Raid Boss - Level 35","Рейдовый Босс - Уровень 35",passive,1,/skillraid.webp
4927-raid-boss-sukar-wererat-chief,"Raid Boss - Level 21","Рейдовый Босс - Уровень 21",passive,1,/skillraid.webp
4928-raid-boss-tiger-hornet,"Raid Boss - Level 26","Рейдовый Босс - Уровень 26",passive,1,/skillraid.webp
4929-raid-boss-tracker-sharuk,"Raid Boss - Level 23","Рейдовый Босс - Уровень 23",passive,1,/skillraid.webp
4930-raid-boss-patriarch-kuroboros,"Raid Boss - Level 26","Рейдовый Босс - Уровень 26",passive,1,/skillraid.webp
4931-raid-boss-priest-of-kuroboros,"Raid Boss - Level 23","Рейдовый Босс - Уровень 23",passive,1,/skillraid.webp
4932-raid-boss-soul-scavenger,"Raid Boss - Level 25","Рейдовый Босс - Уровень 25",passive,1,/skillraid.webp
4933-raid-boss-discard-guardian,"Raid Boss - Level 20","Рейдовый Босс - Уровень 20",passive,1,/skillraid.webp
4934-raid-boss-malex-herald-of-dagoniel,"Raid Boss - Level 21","Рейдовый Босс - Уровень 21",passive,1,/skillraid.webp
4935-raid-boss-madness-beast,"Raid Boss - Level 20","Рейдовый Босс - Уровень 20",passive,1,/skillraid.webp
4936-raid-boss-kaysha-herald-of-ikaros,"Raid Boss - Level 21","Рейдовый Босс - Уровень 21",passive,1,/skillraid.webp
4937-raid-boss-revenant-of-sir-calibus,"Raid Boss - Level 34","Рейдовый Босс - Уровень 34",passive,1,/skillraid.webp
4938-raid-boss-demon-tempest,"Raid Boss - Level 36","Рейдовый Босс - Уровень 36",passive,1,/skillraid.webp
4939-raid-boss-redeye-leader-trakia,"Raid Boss - Level 35","Рейдовый Босс - Уровень 35",passive,1,/skillraid.webp
4940-raid-boss-nurkas-messenger,"Raid Boss - Level 33","Рейдовый Босс - Уровень 33",passive,1,/skillraid.webp
4941-raid-boss-queens-nobel-leader,"Raid Boss - Level 32","Рейдовый Босс - Уровень 32",passive,1,/skillraid.webp
4942-raid-boss-premo-prime-the-creature,"Raid Boss - Level 38","Рейдовый Босс - Уровень 38",passive,1,/skillraid.webp
4943-raid-boss-archon-susceptor,"Raid Boss - Level 45","Рейдовый Босс - Уровень 45",passive,1,/skillraid.webp
4944-raid-boss-eyes-of-bereth,"Raid Boss - Level 35","Рейдовый Босс - Уровень 35",passive,1,/skillraid.webp
4945-raid-boss-antaras-adherent-skyla,"Raid Boss - Level 32","Рейдовый Босс - Уровень 32",passive,1,/skillraid.webp
4946-raid-boss-corsair-captain-kylon,"Raid Boss - Level 33","Рейдовый Босс - Уровень 33",passive,1,/skillraid.webp
4947-raid-boss-lord-ishka,"Raid Boss - Level 60","Рейдовый Босс - Уровень 60",passive,1,/skillraid.webp
4948-raid-boss-road-scavenger-leader,"Raid Boss - Level 40","Рейдовый Босс - Уровень 40",passive,1,/skillraid.webp
4949-raid-boss-necrosentinel-guard,"Raid Boss - Level 47","Рейдовый Босс - Уровень 47",passive,1,/skillraid.webp
4950-raid-boss-nakondas,"Raid Boss - Level 40","Рейдовый Босс - Уровень 40",passive,1,/skillraid.webp
4951-raid-boss-dread-avenger-kraven,"Raid Boss - Level 44","Рейдовый Босс - Уровень 44",passive,1,/skillraid.webp
4952-raid-boss-handmaiden-of-orfen,"Raid Boss - Level 48","Рейдовый Босс - Уровень 48",passive,1,/skillraid.webp
4953-raid-boss-fairy-queen-timiniel,"Raid Boss - Level 61","Рейдовый Босс - Уровень 61",passive,1,/skillraid.webp
4954-raid-boss-betrayer-of-urutu-freki,"Raid Boss - Level 25","Рейдовый Босс - Уровень 25",passive,1,/skillraid.webp
4955-raid-boss-bandit-leader-barda,"Raid Boss - Level 55","Рейдовый Босс - Уровень 55",passive,1,/skillraid.webp
4956-raid-boss-timak-orc-gosmos,"Raid Boss - Level 45","Рейдовый Босс - Уровень 45",passive,1,/skillraid.webp
4957-raid-boss-kelbar,"Raid Boss - Level 44","Рейдовый Босс - Уровень 44",passive,1,/skillraid.webp
4958-raid-boss-monster-cyrion,"Raid Boss - Level 45","Рейдовый Босс - Уровень 45",passive,1,/skillraid.webp
4959-raid-boss-enmity-ghost-ramdal,"Raid Boss - Level 65","Рейдовый Босс - Уровень 65",passive,1,/skillraid.webp
4960-raid-boss-hope-immortality-mardil,"Raid Boss - Level 71","Рейдовый Босс - Уровень 71",passive,1,/skillraid.webp
4961-raid-boss-cherub-garacsia,"Raid Boss - Level 79","Рейдовый Босс - Уровень 79",passive,1,/skillraid.webp
4962-raid-boss-meanas-anor,"Raid Boss - Level 70","Рейдовый Босс - Уровень 70",passive,1,/skillraid.webp
4963-raid-boss-oblivion-s-mirror,"Raid Boss - Level 49","Рейдовый Босс - Уровень 49",passive,1,/skillraid.webp
4964-raid-boss-ereve-deathman,"Raid Boss - Level 51","Рейдовый Босс - Уровень 51",passive,1,/skillraid.webp
4965-raid-boss-harit-tutelar-garangky,"Raid Boss - Level 56","Рейдовый Босс - Уровень 56",passive,1,/skillraid.webp
4966-raid-boss-gorgolos,"Raid Boss - Level 64","Рейдовый Босс - Уровень 64",passive,1,/skillraid.webp
4967-raid-boss-last-lesser-utenus,"Raid Boss - Level 66","Рейдовый Босс - Уровень 66",passive,1,/skillraid.webp
4968-raid-boss-grave-rabber-khim,"Raid Boss - Level 52","Рейдовый Босс - Уровень 52",passive,1,/skillraid.webp
4969-raid-boss-ghost-kabed,"Raid Boss - Level 55","Рейдовый Босс - Уровень 55",passive,1,/skillraid.webp
4970-raid-boss-priest-hisilrome,"Raid Boss - Level 65","Рейдовый Босс - Уровень 65",passive,1,/skillraid.webp
4971-raid-boss-magician-kenishee,"Raid Boss - Level 53","Рейдовый Босс - Уровень 53",passive,1,/skillraid.webp
4972-raid-boss-chief-mate-tilion,"Raid Boss - Level 50","Рейдовый Босс - Уровень 50",passive,1,/skillraid.webp
4973-raid-boss-water-spirit-lian,"Raid Boss - Level 40","Рейдовый Босс - Уровень 40",passive,1,/skillraid.webp
4974-raid-boss-gwindorr,"Raid Boss - Level 40","Рейдовый Босс - Уровень 40",passive,1,/skillraid.webp
4975-raid-boss-niniel-spirit-eva,"Raid Boss - Level 55","Рейдовый Босс - Уровень 55",passive,1,/skillraid.webp
4976-raid-boss-papurrion-pingolpin,"Raid Boss - Level 52","Рейдовый Босс - Уровень 52",passive,1,/skillraid.webp
4977-raid-boss-istary-papurrion,"Raid Boss - Level 45","Рейдовый Босс - Уровень 45",passive,1,/skillraid.webp
4978-raid-boss-fenril-hound-kerinne,"Raid Boss - Level 81","Рейдовый Босс - Уровень 81",passive,1,/skillraid.webp
4979-raid-boss-fenril-hound-freki,"Raid Boss - Level 82","Рейдовый Босс - Уровень 82",passive,1,/skillraid.webp
4980-raid-boss-fenril-hound-uruz,"Raid Boss - Level 83","Рейдовый Босс - Уровень 83",passive,1,/skillraid.webp
4981-raid-boss-fenril-hound-kinaz,"Raid Boss - Level 84","Рейдовый Босс - Уровень 84",passive,1,/skillraid.webp
4982-raid-boss-valakas-sentinel-ixion,"Raid Boss - Level 85","Рейдовый Босс - Уровень 85",passive,1,/skillraid.webp
4983-raid-boss-mammons-collector-talos,"Raid Boss - Level 25","Рейдовый Босс - Уровень 25",passive,1,/skillraid.webp
4984-raid-boss-flamestone-golem,"Raid Boss - Level 44","Рейдовый Босс - Уровень 44",passive,1,/skillraid.webp
4985-raid-boss-faf-herald-lokness,"Raid Boss - Level 70","Рейдовый Босс - Уровень 70",passive,1,/skillraid.webp
4986-raid-boss-wdragon-priest-sheshark,"Raid Boss - Level 72","Рейдовый Босс - Уровень 72",passive,1,/skillraid.webp
4987-raid-boss-krokian-padisha-sobekk,"Raid Boss - Level 74","Рейдовый Босс - Уровень 74",passive,1,/skillraid.webp
4988-raid-boss-ocean-flame-ashakiel,"Raid Boss - Level 76","Рейдовый Босс - Уровень 76",passive,1,/skillraid.webp
400-tribunal,"Tribunal","Трибунал",active,10,/skill0400.webp
401-judgment-hate,"Judgment","Judgment",active,10,/skill0401.webp
402-arrest,"Arrest","Арест",active,10,/skill0402.webp
403-shackle,"Shackle","Кандалы",active,10,/skill0403.webp
404-mass-shackling,"Mass Shackling","Mass Shackling",active,5,/skill0404.webp
405-banish-undead,"Banish Undead","Изгнать Нежить",active,10,/skill0405.webp
406-angelic-icon,"Angelic Icon","Angelic Icon",active,3,/skill0406.webp
407-psycho-symphony,"Psycho Symphony","Ментальная Симфония",active,10,/skill0407.webp
408-demonic-blade-dance,"Demonic Blade Dance","Demonic Blade Dance",active,10,/skill0408.webp
409-critical-blow,"Critical Blow","Критический Удар",active,10,/skill0409.webp
410-mortal-strike,"Mortal Strike","Mortal Strike",active,3,/skill0410.webp
411-stealth,"Stealth","Скрытность",active,3,/skill0411.webp
412-sand-bomb,"Sand Bomb","Песочная Бомба",active,10,/skill0412.webp
413-rapid-fire,"Rapid Fire","Беглый Огонь",active,8,/skill0413.webp
414-dead-eye,"Dead Eye","Мертвый Глаз",active,8,/skill0414.webp
415-spirit-of-sagittarius,"Spirit of Sagittarius","Дух Стрельца",active,3,/skill0415.webp
416-blessing-of-sagittarius,"Blessing of Sagittarius","Благословение Стрельца",active,3,/skill0416.webp
417-pain-of-sagittarius,"Pain of Sagittarius","Боль Стрельца",active,5,/skill0417.webp
418-quiver-of-holding,"Quiver of Holding","Второй Колчан",passive,3,/skill0418.webp
419-summon-treasure-key,"Summon Treasure Key","Призвать Ключ Сокровищ",active,4,/skill0419.webp
420-zealot,"Zealot","Фанатик",active,3,/skill0420.webp
421-fell-swoop,"Fell Swoop","Fell Swoop",active,5,/skill0421.webp
422-polearm-accuracy,"Polearm Accuracy","Точность Копья",toggle,3,/skill0422.webp
423-infernal-form,"Infernal Form","Infernal Form",active,3,/skill0423.webp
424-war-frenzy,"War Frenzy","Безумие Войны",toggle,3,/skill0424.webp
425-hawk-spirit-totem,"Hawk Spirit Totem","Hawk Spirit Totem",active,1,/skill0425.webp
1380-betray,"Betray","Предательство",active,10,/skill1380.webp
1381-mass-fear,"Mass Fear","Mass Fear",active,5,/skill1381.webp
1382-mass-gloom,"Mass Gloom","Mass Gloom",active,5,/skill1382.webp
1383-mass-surrender-to-fire,"Mass Surrender to Fire","Всеобщее Предание Огню",active,5,/skill1383.webp
1384-mass-surrender-to-water,"Mass Surrender to Water","Всеобщее Предание Воде",active,5,/skill1384.webp
1385-mass-surrender-to-wind,"Mass Surrender to Wind","Всеобщее Предание Воздуху",active,5,/skill1385.webp
1386-arcane-distruption,"Arcane Disruption","Arcane Disruption",active,10,/skill1386.webp
1387-summon-cursed-bones,"Summon Cursed Bones","Summon Cursed Bones",active,3,/skill1387.webp
1388-greater-might,"Greater Might","Великое Могущество",active,3,/skill1388.webp
1389-greater-shield,"Greater Shield","Великий Щит",active,3,/skill1389.webp
1390-war-chant,"War Chant","War Chant",active,3,/skill1390.webp
1391-earth-chant,"Earth Chant","Earth Chant",active,3,/skill1391.webp
1392-holy-resistance,"Holy Resistance","Holy Resistance",active,3,/skill1392.webp
1393-unholy-resistance,"Unholy Resistance","Unholy Resistance",active,3,/skill1393.webp
1394-trance,"Trance","Транс",active,10,/skill1394.webp
1395-erase,"Erase","Изгнание",active,10,/skill1395.webp
1396-magical-backfire,"Magical Backfire","Магический Встречный Пожар",active,10,/skill1396.webp
1397-clarity,"Clarity","Чистота",active,3,/skill1397.webp
1398-mana-burn,"Mana Burn","Горение Маны",active,10,/skill1398.webp
1399-mana-storm,"Mana Storm","Шторм Маны",active,5,/skill1399.webp
1400-turn-undead,"Turn Undead","Испугать Нежить",active,10,/skill1400.webp
1401-major-heal,"Major Heal","Основное Лечение",active,11,/skill1401.webp
1402-major-group-heal,"Major Group Heal","Групповое Основное Лечение",active,5,/skill1402.webp
1403-summon-friends,"Summon Friend","Summon Friend",active,1,/skill1403.webp
2286-scroll-recovery-no-grade,"Scroll: Recovery (No Grade)","Scroll: Recovery (No Grade)",active,6,/skill0000.webp
2287-elixir-of-hp-no,"Elixir of Life (No Grade)","Elixir of Life (No Grade)",active,6,/skill0000.webp
2288-elixir-of-mp-no,"Elixir of Mental Strength (No Grade)","Elixir of Mental Strength (No Grade)",active,6,/skill0000.webp
2289-elixir-of-cp-no,"Elixir of CP (No Grade)","Elixir of CP (No Grade)",active,6,/skill0000.webp
2290-coffer-of-shadows,"Coffer of Shadows","Coffer of Shadows",active,1,/skill0000.webp
3605-oath-heavy,"Clan Oath Heavy Armor Set","Clan Oath Heavy Armor Set",passive,1,/armor_t1001_ul_i00.webp
3606-oath-light,"Clan Oath Light Armor Set","Clan Oath Light Armor Set",passive,1,/armor_t1002_ul_i00.webp
3607-oath-robe,"Clan Oath Robe Set","Clan Oath Robe Set",passive,1,/armor_t1003_ul_i00.webp
3603-zariche-weapon,"Demon Sword Zariche","Demon Sword Zariche",passive,10,/weapon_unique_zariche_i00.webp
3629-akamanah-weapon,"Blood Sword Akamanah","Blood Sword Akamanah",passive,10,/weapon_dual_sword_i00.webp
370-pledge-vitality,"Clan Vitality","Clan Vitality",passive,3,/skill0370.webp
371-pledge-spirituality,"Clan Spirituality","Clan Spirituality",passive,3,/skill0371.webp
372-pledge-essence,"Clan Essence","Clan Essence",passive,3,/skill0372.webp
373-pledge-lifeblood,"Clan Lifeblood","Clan Lifeblood",passive,3,/skill0373.webp
374-pledge-morale,"Clan Morale","Clan Morale",passive,3,/skill0374.webp
375-pledge-clarity,"Clan Clarity","Clan Clarity",passive,3,/skill0375.webp
376-pledge-might,"Clan Might","Clan Might",passive,3,/skill0376.webp
377-pledge-aegis,"Clan Aegis","Clan Aegis",passive,3,/skill0377.webp
378-pledge-empowerment,"Clan Empowerment","Clan Empowerment",passive,3,/skill0378.webp
379-pledge-magic-protection,"Clan Magic Protection","Clan Magic Protection",passive,3,/skill0379.webp
380-pledge-guidance,"Clan Guidance","Clan Guidance",passive,3,/skill0380.webp
381-pledge-agility,"Clan Agility","Clan Agility",passive,3,/skill0381.webp
382-pledge-withstand-attack,"Clan Withstand-Attack","Clan Withstand-Attack",passive,3,/skill0382.webp
383-pledge-shield-boost,"Clan Shield Boost","Clan Shield Boost",passive,3,/skill0383.webp
384-pledge-cyclonic-resistance,"Clan Cyclonic Resistance","Clan Cyclonic Resistance",passive,3,/skill0384.webp
385-pledge-magmatic-resistance,"Clan Magmatic Resistance","Clan Magmatic Resistance",passive,3,/skill0385.webp
386-pledge-fortitude,"Clan Fortitude","Clan Fortitude",passive,3,/skill0386.webp
387-pledge-freedom,"Clan Freedom","Clan Freedom",passive,3,/skill0387.webp
388-pledge-vigilance,"Clan Vigilance","Clan Vigilance",passive,3,/skill0388.webp
389-pledge-march,"Clan March","Clan March",passive,3,/skill0389.webp
390-pledge-luck,"Clan Luck","Clan Luck",passive,3,/skill0390.webp
391-pledge-imperium,"Clan Imperium","Clan Imperium",passive,1,/skill0391.webp
5135-summon-slash,"Slash","Slash",active,1,/skill0000.webp
5136-summon-spin-slash,"Spin Slash","Spin Slash",active,1,/skill0000.webp
5137-summon-hold-of-king,"Hold of King","Hold of King",active,1,/skill1201.webp
5138-summon-whooping,"Whooping","Whooping",active,1,/skill0100.webp
5139-summon-ranging-wave,"Tidal Wave","Tidal Wave",active,1,/skill0000.webp
5140-summon-force-of-curse,"Force Curse","Force Curse",active,1,/skill1160.webp
5141-summon-cutter,"Cutter","Cutter",active,1,/skill0000.webp
5142-summon-corpse-burst,"Corpse Burst","Corpse Burst",active,1,/skill0000.webp
428-inner-rhythm,"Inner Rhythm","Чувство Ритма",passive,1,/skill0428.webp
429-knight-hood,"Knighthood","Knighthood",passive,1,/skill0429.webp
430-master-of-combat,"Master of Combat","Мастер Схватки",passive,1,/skill0430.webp
431-archery,"Archery","Стрельба",passive,1,/skill0431.webp
432-assasination,"Assassination","Assassination",passive,1,/skill0432.webp
433-arcane-lore,"Arcane Roar","Колдовской Рык",passive,1,/skill0433.webp
434-necromancy,"Necromancy","Некромантия",passive,1,/skill0434.webp
435-summon-lore,"Summon Roar","Призыв Знания",passive,1,/skill0435.webp
436-divine-lore,"Divine Roar","Божественное Знание",passive,1,/skill0436.webp
437-song-of-silence,"Song of Silence","Песня Тишины",active,1,/skill0437.webp
438-spirit-of-the-phoenix,"Soul of the Phoenix","Soul of the Phoenix",active,1,/skill0438.webp
439-shield-of-revenge,"Shield of Revenge","Щит Возмездия",active,1,/skill0439.webp
440-braveheart,"Braveheart","Храброе Сердце",active,1,/skill0440.webp
441-force-meditation,"Force Meditation","Силовая Медитация",active,1,/skill0441.webp
442-sonic-barrier,"Sonic Barrier","Звуковой Барьер",active,1,/skill0442.webp
443-force-barrier,"Force Barrier","Силовой Барьер",active,1,/skill0443.webp
444-festive-sweeper,"Festive Sweeper","Festive Sweeper",active,1,/skill0444.webp
5144-mirage-tigger,"Mirage","Mirage",active,1,/skill0000.webp
445-mirage,"Mirage","Мираж",active,1,/skill0445.webp
446-dodge,"Dodge","Dodge",active,1,/skill0446.webp
447-counterattack,"Counterattack","Counterattack",active,1,/skill0447.webp
448-summon-swoop-cannon,"Summon Swoop Cannon","Призвать Штурмовое Орудие",active,1,/skill0448.webp
449-summon-summon-attract-cubic,"Summon Attractive Cubic","Summon Attractive Cubic",active,4,/skill0449.webp
5115-cubic-hate,"Cubic Hate","Сфера Ненависти",active,4,/skill0100.webp
5116-cubic-hold,"Hold","Удержание",active,4,/skill4047.webp
450-banish-seraph,"Banish Seraph","Banish Seraph",active,10,/skill0450.webp
451-sonic-move,"Sonic Move","Звуковое Движение",active,2,/skill0451.webp
452-shock-stomp,"Shock Stomp","Shock Stomp",active,5,/skill0452.webp
453-escape-shackle,"Escape Shackle","Разорвать Оковы",active,1,/skill0453.webp
461-break-duress,"Break Duress","Прервать Заключение",active,2,/skill0461.webp
1405-divine-inspiration,"Divine Inspiration","Divine Inspiration",passive,10,/skill1405.webp
1406-summon-king-of-kat,"Summon Feline King","Summon Feline King",active,1,/skill1406.webp
1407-summon-unicorn-of-magnus,"Summon Magnus the Unicorn","Summon Magnus the Unicorn",active,1,/skill1407.webp
1408-summon-spectral-lord,"Summon Spectral Knight","Призвать Призрачного Лорда",active,1,/skill1408.webp
1409-cleanse,"Cleanse","Искупление",active,1,/skill1409.webp
1410-salvation,"Salvation","Спасение",active,1,/skill1410.webp
1411-mystic-immunity,"Mystic Immunity","Мистический Иммунитет",active,1,/skill1411.webp
1412-spell-turning,"Spell Turning","Отмена Чтения Заклинаний",active,1,/skill1412.webp
1413-chant-of-magnus,"Magnus' Chant","Напев Магнуса",active,1,/skill1413.webp
1414-victories-of-paagrio,"Victories of Pa'agrio","Victories of Pa'agrio",active,1,/skill1414.webp
1415-paagrios-emblem,"Pa'agrio's Emblem","Pa'agrio's Emblem",active,1,/skill1415.webp
1416-paagrios-fist,"Pa'agrio's Fist","Pa'agrio's Fist",active,1,/skill1416.webp
1417-aura-flash,"Aura Flash","Вспышка Ауры",active,5,/skill1417.webp
1418-celestial-shield,"Celestial Shield","Небесный Щит",active,1,/skill1418.webp
1429-gate-chant,"Gate Chant","Gate Chant",active,1,/skill1429.webp
1430-invocation,"Invocation","Медитация",active,5,/skill1430.webp
5109-display-clan-gate,"Production - Clan Gate","Производство - Врата Клана",active,1,/skill0000.webp
5110-swoop-mid-rande-shot,"Swoop Mid-Range Shot","Swoop Mid-Range Shot",active,1,/skill0000.webp
5111-swoop-long-rande-shot,"Swoop Long-Range Shot","Swoop Long-Range Shot",active,1,/skill0000.webp
7035-swoop-shot-display,"Display - Swoop Cannon","Display - Swoop Cannon",active,1,/skill0000.webp
426-battle-force,"Battle Stance","Battle Stance",active,1,/skill0426.webp
427-spell-force,"Spell Stance","Spell Stance",active,1,/skill0427.webp
5104-attach-battle-force,"Battle Force","Battle Force",active,3,/skill0426.webp
5105-attach-spell-force,"Spell Force","Spell Force",active,3,/skill0427.webp
1425-purification-field,"Purification Field","Поле Очищения",active,1,/skill1425.webp
1426-miracle,"Miracle","Miracle",active,1,/skill1426.webp
1427-flames-of-invincibility,"Flames of Invincibility","Flames of Invincibility",active,1,/skill1427.webp
1428-mass-recharge,"Mass Recharge","Массовое Восстановление",active,1,/skill1428.webp
454-symbol-of-defence,"Symbol of Defense","Symbol of Defense",active,1,/skill0454.webp
5123-symbol-of-defence,"Maximum Defense","Maximum Defense",active,1,/skill0454.webp
455-symbol-of-noise,"Symbol of Noise","Символ Шума",active,1,/skill0455.webp
5124-symbol-of-noise,"Anti-Music","Символ Шума",active,1,/skill0000.webp
456-symbol-of-resistance,"Symbol of Resistance","Символ Сопротивления",active,1,/skill0456.webp
5125-symbol-of-resistance,"Maximum Resist Status","Символ Сопротивления",active,1,/skill0456.webp
457-symbol-of-honor,"Symbol of Honor","Symbol of Honor",active,1,/skill0457.webp
5126-symbol-of-honor,"Maximum Recovery","Maximum Recovery",active,1,/skill0457.webp
458-symbol-of-energy,"Symbol of Energy","Символ Энергии",active,1,/skill0458.webp
5127-symbol-of-energy,"Recover Force","Символ Энергии",active,1,/skill0458.webp
459-symbol-of-sniper,"Symbol of the Sniper","Символ Снайпера",active,1,/skill0459.webp
5128-symbol-of-sniper,"Maximum Archery","Символ Снайпера",active,1,/skill0459.webp
460-symbol-of-assassin,"Symbol of the Assassin","Символ Убийцы",active,1,/skill0460.webp
5129-symbol-of-assassin,"Smokescreen","Символ Убийцы",active,1,/skill0460.webp
1419-volcano,"Volcano","Вулкан",active,1,/skill1419.webp
5130-volcano,"Volcano","Вулкан",active,1,/skill0000.webp
1420-cyclone,"Cyclone","Циклон",active,1,/skill1420.webp
5132-cyclone,"Cyclone","Циклон",active,1,/skill0000.webp
1421-raging-waves,"Raging Waves","Raging Waves",active,1,/skill1421.webp
5131-raging-waves,"Tsunami","Tsunami",active,1,/skill0000.webp
1422-day-of-doom,"Day of Doom","Судный День",active,1,/skill1422.webp
5145-day-of-doom,"Day of Doom","Судный День",active,1,/skill1422.webp
1423-gehenna,"Gehenna","Геенна",active,1,/skill1423.webp
5133-gehenna,"Gehenna","Геенна",active,1,/skill0000.webp
1424-anti-summoning-field,"Anti-Summoning Field","Anti-Summoning Field",active,1,/skill1424.webp
5134-anti-summoning-field,"Anti-Summoning Field","Anti-Summoning Field",active,1,/skill0000.webp
3604-necklace-of-frintezza,"Frintezza's Necklace","Frintezza's Necklace",passive,1,/accessory_necklace_of_frintessa_i00.webp
4408-hp-increase,"HP Increase (1x)","HP Increase (1x)",passive,20,/skill0211.webp
4409-mp-increase,"MP Increase (1x)","MP Increase (1x)",passive,20,/skill0213.webp
4410-increase-p-atk,"Extremely Weak P. Atk.","Extremely Weak P. Atk.",passive,22,/skill0141.webp
4411-increase-m-atk,"Extremely Weak M. Atk.","Extremely Weak M. Atk.",passive,22,/skill4411_normal.webp
4412-increase-p-def,"Extremely Weak P. Def.","Extremely Weak P. Def.",passive,22,/skill0142.webp
4413-increase-m-def,"Extremely Weak M. Def.","Extremely Weak M. Def.",passive,22,/skill4413_normal.webp
4414-armor-type,"Heavy Armor Type","Heavy Armor Type",passive,3,/skill4312.webp
4416-race-undeads,"Undead","Undead",passive,24,/skill4290.webp
4417-animals,"Animals","Animals",passive,38,/skill4293.webp
4418-fire-attacks,"Fire Attacks","Fire Attacks",passive,5,/etc_fire_crystal_i00.webp
4419-water-attacks,"Water Attacks","Water Attacks",passive,5,/etc_water_crystal_i00.webp
4420-wind-attacks,"Wind Attacks","Wind Attacks",passive,5,/etc_wind_crystal_i00.webp
4421-earth-attacks,"Earth Attacks","Earth Attacks",passive,5,/etc_earth_crystal_i00.webp
4422-dark-attacks,"Dark Attacks","Dark Attacks",passive,5,/etc_unholy_crystal_i00.webp
4423-sacred-attacks,"Sacred Attacks","Sacred Attacks",passive,5,/etc_holy_crystal_i00.webp
4424-resist-hand-to-hand-weapons,"Resist Hand-to-hand Weapons","Resist Hand-to-hand Weapons",passive,5,/skill4424.webp
4425-resist-blunt-weapons,"Resist Blunt Weapons","Resist Blunt Weapons",passive,5,/skill4425.webp
4426-resist-dual-sword-weapons,"Resist Two-Sword Weapons","Resist Two-Sword Weapons",passive,5,/skill4426.webp
4427-resist-swords,"Resist Swords","Resist Swords",passive,5,/skill4427.webp
4428-resist-two-handed-weapons,"Resist Two-handed Weapons","Resist Two-handed Weapons",passive,5,/skill4428.webp
4429-greater-resist-fire-attacks,"Greater Resist Fire Attacks","Greater Resist Fire Attacks",passive,5,/skill4429.webp
4430-greater-resist-water-attacks,"Greater Resist Water Attacks","Greater Resist Water Attacks",passive,5,/skill4430.webp
4431-greater-resist-wind-attacks,"Greater Resist Wind Attacks","Greater Resist Wind Attacks",passive,5,/skill4431.webp
4432-greater-resist-earth-attacks,"Greater Resist Earth Attacks","Greater Resist Earth Attacks",passive,5,/skill4432.webp
4433-greater-resist-sacred-attacks,"Greater Resist Sacred Attacks","Greater Resist Sacred Attacks",passive,5,/skill4433.webp
4434-greater-resist-dark-attacks,"Greater Resist Dark Attacks","Greater Resist Dark Attacks",passive,5,/skill4434.webp
4435-greater-resist-shock,"Greater Resist Shock","Сопротивление Оглушению",passive,5,/skill4435.webp
4436-greater-resist-poison,"Greater Resist Poison","Сопротивление Яду",passive,5,/skill4436.webp
4437-greater-resist-bleeding,"Greater Resist Bleeding","Greater Resist Bleeding",passive,5,/skill4437.webp
4438-greater-resist-sleep,"Greater Resist Sleep","Greater Resist Sleep",passive,5,/skill4286.webp
4439-greater-resist-hold,"Greater Resist Hold","Greater Resist Hold",passive,5,/skill4288.webp
4440-greater-resist-paralysis,"Greater Resist Paralysis","Greater Resist Paralysis",passive,5,/skill4440.webp
4441-greater-resist-mental-derangement,"Greater Resist Mental Derangement","Greater Resist Mental Derangement",passive,5,/skill4441.webp
4442-greater-resist-hand-to-hand-weapons,"Greater Resist Hand-to-hand Weapons","Greater Resist Hand-to-hand Weapons",passive,5,/skill4442.webp
4443-greater-resist-blunt-weapons,"Greater Resist Blunt Weapons","Greater Resist Blunt Weapons",passive,5,/skill4443.webp
4444-greater-resist-bow-weapons,"Greater Resist Bow Weapons","Greater Resist Bow Weapons",passive,5,/skill4444.webp
4445-greater-resist-spear-weapons,"Greater Resist Spear Weapons","Greater Resist Spear Weapons",passive,5,/skill4445.webp
4446-greater-resist-dual-sword-weapons,"Greater Resist Two-Sword Weapons","Greater Resist Two-Sword Weapons",passive,5,/skill4446.webp
4447-greater-resist-swords,"Greater Resist Swords","Greater Resist Swords",passive,5,/skill4447.webp
4448-greater-resist-daggers,"Greater Resist Daggers","Greater Resist Daggers",passive,5,/skill4448.webp
4449-greater-resist-two-handed-weapons,"Greater Resist Two-handed Weapons","Greater Resist Two-handed Weapons",passive,5,/skill4449.webp
4450-shock-attack-weak-point,"Shock Attack Weak Point","Shock Attack Weak Point",passive,5,/skill4450.webp
4451-poison-attack-weak-point,"Poison Attack Weak Point","Poison Attack Weak Point",passive,5,/skill4451.webp
4452-bleed-attack-weak-point,"Bleed Attack Weak Point","Bleed Attack Weak Point",passive,5,/skill4452.webp
4453-sleep-attack-weak-point,"Sleep Attack Weak Point","Sleep Attack Weak Point",passive,5,/skill4453.webp
4454-hold-attack-weak-point,"Hold Attack Weak Point","Hold Attack Weak Point",passive,5,/skill4454.webp
4455-paralysis-attack-weak-point,"Paralysis Attack Weak Point","Paralysis Attack Weak Point",passive,5,/skill4455.webp
4456-mental-attack-weak-point,"Mental Attack Weak Point","Mental Attack Weak Point",passive,5,/skill4456.webp
4457-hand-to-hand-weapon-weak-point,"Hand-to-hand Weapon Weak Point","Hand-to-hand Weapon Weak Point",passive,5,/skill4457.webp
4458-spear-weapon-weak-point,"Spear Weapon Weak Point","Spear Weapon Weak Point",passive,5,/skill4458.webp
4459-dual-sword-weapon-weak-point,"Two-Sword Weapon Weak Point","Two-Sword Weapon Weak Point",passive,5,/skill4459.webp
4460-sword-weak-point,"Sword Weak Point","Sword Weak Point",passive,5,/skill4460.webp
4461-dagger-weak-point,"Dagger Weak Point","Dagger Weak Point",passive,5,/skill4461.webp
4462-two-handed-weapon-weak-point,"Two-handed Weapon Weak Point","Two-handed Weapon Weak Point",passive,5,/skill4462.webp
4466-npc-surrender-to-unholy,"Surrender To Darkness","Предание Тьме",active,3,/skill4336_new.webp
4467-npc-surrender-to-holy,"Surrender To Light","Предание Свету",active,3,/skill4275_new.webp
4470-npc-spoil,"NPC Spoils","Оценка NPC",active,1,/skill0000.webp
4478-ice-fairy-aqua-splash,"Ice Fairy Aqua Splash","Водяные Брызги Ледяной Феи",active,1,/skill0000.webp
4479-ice-fairy-resist-cold,"Ice Fairy Resist Cold","Ice Fairy Resist Cold",active,1,/skill1182.webp
4480-ice-fairy-curse-gloom,"Ice Fairy Curse Gloom","Проклятие Тумана Ледяной Феи",active,1,/skill0000.webp
4481-ice-fairy-hex,"Ice Fairy Hex","Сглаз Ледяной Феи",active,1,/skill0000.webp
4482-ice-fairy-silence,"Ice Fairy Silence","Безмолвие Ледяной Феи",active,1,/skill1064.webp
4486-decrease-p-def,"Decrease P. Def","Decrease P. Def",active,12,/skill0000.webp
4487-decrease-m-def,"Decrease M. Def.","Decrease M. Def.",active,12,/skill0000.webp
4992-npc-hot-spring-death-mimic,"Shock","Оглушение",active,12,/skill0000.webp
4993-venom-strike,"Venom - Strike","Веном - Удар",active,1,/skill0000.webp
4994-venom-sonic-storm,"Venom - Sonic Storm","Веном - Звуковой Шторм",active,1,/skill0000.webp
4995-venom-teleport-pc,"Venom - Teleport","Веном - Телепорт",active,1,/skill0000.webp
4996-venom-range-teleport-pc,"Venom - Range Teleport","Веном - Дистанционный Телепорт",active,1,/skill0000.webp
4997-lidia-regen,"Lidia - Regen","Лидия - Регенерация",active,1,/skill0000.webp
4998-lidia-twister,"Lidia - Twister","Лидия - Вращение",active,1,/skill0000.webp
4999-lidia-range-life-drain,"Lidia - Range Life Drain","Лидия - Дистанционная Кража Жизни",active,1,/skill0000.webp
5000-alfred-super-strike,"Alfred - Super Strike","Альфред - Супер Удар",active,1,/skill0000.webp
5001-alfred-life-drain,"Alfred - Life Drain","Альфред - Кража Жизни",active,1,/skill0000.webp
5002-giselle-vampiric-rage,"Giselle - Vampiric Rage","Гизель - Ярость Вампира",active,1,/skill0000.webp
5003-giselle-tempest,"Giselle - Tempest","Гизель - Буря",active,1,/skill0000.webp
5004-dimensional-stun,"Dimensional Shock","Dimensional Shock",active,1,/skill0100.webp
5005-frintezzas-ghost-summoning,"Frintezza's Ghost Summoning","Frintezza's Ghost Summoning",active,1,/skill0000.webp
5006-frintezzas-melody,"Frintezza's Melody","Frintezza's Melody",active,1,/skill0000.webp
5007-frintezzas-healing-rhapsody,"Frintezza's Healing Rhapsody","Frintezza's Healing Rhapsody",active,5,/skill0000.webp
5008-frintezzas-concert-hall-melody,"Frintezza's Concert Hall Melody","Frintezza's Concert Hall Melody",active,5,/skill0000.webp
5009-frintezzas-ghostly-fighter,"Frintezza's Ghostly Fighter","Frintezza's Ghostly Fighter",active,1,/skill0000.webp
5010-frintezzas-ghostly-mage,"Frintezza's Ghostly Mage","Frintezza's Ghostly Mage",active,1,/skill0000.webp
5011-frintezzas-bomber-ghost,"Frintezza's Bomber Ghost","Frintezza's Bomber Ghost",active,1,/skill0000.webp
5012-breath-scarlet,"Breath of Scarlet","Breath of Scarlet",active,1,/skill5012.webp
5013-frintezza-ghost-drain,"Frintezza Ghost Drain","Frintezza Ghost Drain",active,1,/skill0000.webp
5014-frintezzas-daemon-attack,"Frintezza's Daemon Attack","Frintezza's Daemon Attack",active,3,/skill0000.webp
5015-frintezzas-daemon-charge,"Frintezza's Daemon Charge","Frintezza's Daemon Charge",active,6,/skill0000.webp
5016-yoke-scarlet,"Yoke of Scarlet","Yoke of Scarlet",active,1,/skill5016.webp
5017-frintezzas-daemon-morph,"Frintezza's Daemon Morph","Frintezza's Daemon Morph",active,1,/skill0000.webp
5018-frintezzas-daemon-field,"Frintezza's Daemon Field","Frintezza's Daemon Field",active,2,/skill0000.webp
5019-frintezzas-daemon-drain,"Frintezza's Daemon Drain","Frintezza's Daemon Drain",active,1,/skill0000.webp
5020-forced-action,"Forced Action","Forced Action",active,1,/skill0000.webp
5025-raid-boss-grave-robber-akata,"Raid Boss - Level 30","Рейдовый Босс - Уровень 30",passive,1,/skillraid.webp
5026-raid-boss-spirits-of-nellis,"Raid Boss - Level 39","Рейдовый Босс - Уровень 39",passive,1,/skillraid.webp
5027-raid-boss-rayito-the-looter,"Raid Boss - Level 37","Рейдовый Босс - Уровень 37",passive,1,/skillraid.webp
5028-raid-boss-darkness-shaman-baranka,"Raid Boss - Level 53","Рейдовый Босс - Уровень 53",passive,1,/skillraid.webp
5029-raid-boss-dr-chaos-gigantic-golem,"Raid Boss - Level 52","Рейдовый Босс - Уровень 52",passive,1,/skillraid.webp
5030-raid-boss-freya-royalguard,"Raid Boss - Level 59","Рейдовый Босс - Уровень 59",passive,1,/skillraid.webp
5031-raid-boss-spike-stakato-qn-shyid,"Raid Boss - Level 80","Рейдовый Босс - Уровень 80",passive,1,/skillraid.webp
5032-raid-boss-master-anays,"Raid Boss - Level 87","Raid Boss - Level 87",passive,1,/skillraid.webp
5033-raid-boss-triolls-priest-andreas,"Raid Boss - Level 87","Рейдовый Босс - Уровень 80",passive,1,/skillraid.webp
5034-raid-boss-degeneration-golem,"Raid Boss - Level 73","Рейдовый Босс - Уровень 73",passive,1,/skillraid.webp
5035-raid-boss-flame-stone-golem,"Raid Boss - Level 76","Рейдовый Босс - Уровень 76",passive,1,/skillraid.webp
5036-raid-boss-ice-fairy-sirr,"Raid Boss - Level 60","Рейдовый Босс - Уровень 60",passive,1,/skillraid.webp
5179-raid-boss-level,"Raid Boss - Level 86","Raid Boss - Level 86",passive,1,/skillraid.webp
5180-raid-boss-level,"Raid Boss - Level 87","Raid Boss - Level 87",passive,1,/skillraid.webp
5181-raid-boss-level,"Raid Boss - Level 87","Raid Boss - Level 87",passive,1,/skillraid.webp
5182-blessing-protection,"Blessing of Protection","Blessing of Protection",active,1,/skill0194.webp
5038-summon-pvp-penalty,"Summon PVP Penalty","Призвать штраф PVP",passive,16,/skill0000.webp
5040-npc-healing-potion,"NPC - Healing Potion","NPC: Целительное Зелье",active,12,/skill0000.webp
5041-charm-of-courage-no-grade,"Charm of Courage","Charm of Courage",active,6,/skill5041.webp
5042-npc-dispel-bomb,"NPC Dispel Bomb","NPC: Бомба Отмены Колдовства",active,12,/skill0000.webp
5043-npc-super-sonic-blaster,"NPC Super Sonic Blaster","NPC: Звуковой Супервзрыв",active,12,/skill0000.webp
5044-npc-ultimate-defense,"NPC Ultimate Defense","NPC Ultimate Defense",active,2,/skill0000.webp
5045-castle-power-strike,"Castle Power Strike","Замок: Мощный Удар",active,12,/skill0000.webp
5046-castle-power-shot,"Castle Power Shot","Замок: Мощный Выстрел",active,12,/skill0000.webp
5047-castle-spinning-slash,"Castle Spinning Slash","Castle Spinning Slash",active,12,/skill0000.webp
5048-castle-burst-shot,"Castle Burst Shot","Замок: Взрывной Выстрел",active,12,/skill0000.webp
5049-castle-blow,"Castle Blow","Замок: Импульс",active,12,/skill0000.webp
5050-castle-m-long-dd-fire,"Castle DD Fire","Замок: Направл. Огонь",active,12,/skill0000.webp
5051-castle-self-ae-fire,"Castle Self AE Fire","Castle Self AE Fire",active,12,/skill0000.webp
5052-castle-long-ae-fire,"Castle Long AE Fire","Castle Long AE Fire",active,12,/skill0000.webp
5053-castle-m-long-dd-water,"Castle DD Water","Замок: Направл. Вода",active,12,/skill0000.webp
5054-castle-self-ae-water,"Castle Self AE Water","Castle Self AE Water",active,12,/skill0000.webp
5055-castle-long-ae-water,"Castle Long AE Water","Castle Long AE Water",active,12,/skill0000.webp
5056-castle-m-long-dd-wind,"Castle DD Wind","Замок: Направл. Ветер",active,12,/skill0000.webp
5057-castle-self-ae-wind,"Castle Self AE Wind","Castle Self AE Wind",active,12,/skill0000.webp
5058-castle-long-ae-wind,"Castle Long AE Wind","Castle Long AE Wind",active,12,/skill0000.webp
5059-castle-m-long-dd-earth,"Castle DD Earth","Замок: Направл. Земля",active,12,/skill0000.webp
5060-castle-self-ae-earth,"Castle Self AE Earth","Castle Self AE Earth",active,12,/skill0000.webp
5061-castle-long-ae-earth,"Castle Long AE Earth","Castle Long AE Earth",active,12,/skill0000.webp
5062-castle-m-long-dd-holy,"Castle DD Holy","Замок: Направл. Святость",active,12,/skill0000.webp
5063-castle-self-ae-holy,"Castle Self AE Holy","Castle Self AE Holy",active,12,/skill0000.webp
5064-castle-long-ae-holy,"Castle Long AE Holy","Castle Long AE Holy",active,12,/skill0000.webp
5065-castle-m-long-dd-unholy,"Castle DD Unholy","Замок: Направл. Порок",active,12,/skill0000.webp
5066-castle-self-ae-unholy,"Castle Self AE Unholy","Castle Self AE Unholy",active,12,/skill0000.webp
5067-castle-long-ae-unholy,"Castle Long AE Unholy","Castle Long AE Unholy",active,12,/skill0000.webp
5074-the-victor-of-war,"The Victor of War","The Victor of War",passive,1,/skill5074.webp
5075-the-vanquished--of-war,"The Vanquished of War","The Vanquished of War",passive,1,/skill5075.webp
5076-death-penalty,"Death Penalty","Штраф Смерти",passive,15,/skill5076_a.webp
5077-npc-remove-death-penalty,"NPC Remove Death Penalty","NPC: Снять Штраф Смерти",active,1,/skill0000.webp
5079-npc-range-haste-focus,"NPC Focused Haste","NPC: Сфокусированное Ускорение",active,1,/skill0100.webp
5080-npc-range-haste-might,"NPC Mighty Haste","NPC: Мощное Ускорение",active,1,/skill0100.webp
5081-npc-blow-silence-physical,"Silence","Безмолвие",active,4,/skill5081.webp
5082-npc-spinning-slasher-trick,"NPC Spinning Slash Trick","NPC: Трюк Кручения и Рассекания",active,4,/skill0000.webp
5083-npc-stun-attack-trick,"Shock","Оглушение",active,4,/skill5083.webp
5084-npc-blinding-blow,"NPC Blinding Blow","NPC: Ослепляющий Порыв",active,4,/skill0000.webp
5085-anesthesia,"Anesthesia","Anesthesia",active,1,/skill5085.webp
5086-deadly-poison,"Deadly Poison","Deadly Poison",active,1,/skill5086.webp
5087-berserk,"Berserk","Berserk",toggle,2,/skill0000.webp
5088-signal,"Signal","Signal",active,1,/skill0000.webp
5098-capture-penalty,"Capture Penalty","Capture Penalty",active,2,/skill0000.webp
5099-cancel-capture-a,"Cancel Capture A","Cancel Capture A",active,1,/skill0000.webp
5100-cancel-capture-b,"Cancel Capture B","Cancel Capture B",active,1,/skill0000.webp
5101-cancel-capture-c,"Cancel Capture C","Cancel Capture C",active,1,/skill0000.webp
5102-cancel-all-capture,"Cancel All Capture","Cancel All Capture",active,1,/skill0000.webp
5103-production-clan---transfer,"Production - Clan / Transfer","Production - Clan / Transfer",active,1,/skill0000.webp
5106-capture-a-state,"Capture A State","Capture A State",active,4,/skill0000.webp
5107-capture-b-state,"Capture B State","Capture B State",active,4,/skill0000.webp
5108-capture-c-state,"Capture C State","Capture C State",active,4,/skill0000.webp
5117-stun,"Stun","Stun",active,1,/skill0100.webp
5118-cancel-sailren-use,"Cancel Siren Use","Cancel Siren Use",active,1,/skill0000.webp
5120-npc-dyno-shock,"Shock","Shock",active,1,/skill0100.webp
5122-sailren-use-might,"Siren Use Might","Siren Use Might",active,1,/skill0000.webp
5143-sailren-use-blow,"Siren Use Blow","Siren Use Blow",active,1,/skill0000.webp
5178-npc-dyno-burn,"NPC Burn","NPC Burn",active,1,/action102.webp
395-heroic-miracle,"Heroic Miracle","Heroic Miracle",active,1,/skill0395.webp
396-heroic-berserker,"Heroic Berserker","Heroic Berserker",active,1,/skill0396.webp
1374-heroic-valor,"Heroic Valor","Heroic Valor",active,1,/skill1374.webp
1375-heroic-grandeur,"Heroic Grandeur","Heroic Grandeur",active,1,/skill1375.webp
1376-heroic-dread,"Heroic Dread","Heroic Dread",active,1,/skill1376.webp
2244--herb-of-life,"Herb of Life","Herb of Life",active,1,/skill0000.webp
2245--herb-of-mana,"Herb of Mana","Herb of Mana",active,1,/skill0000.webp
2246--herb-of-power,"Herb of Power","Herb of Power",active,1,/etc_herb_red_i00.webp
2247--herb-of-magic,"Herb of Magic","Herb of Magic",active,1,/etc_herb_blue_i00.webp
2278-herb-of-life,"Herb of Life","Herb of Life",active,3,/skill0000.webp
2279-herb-of-mana,"Herb of Mana","Herb of Mana",active,3,/skill0000.webp
2280-herb-of-power,"Herb of Power","Herb of Power",active,1,/etc_herb_red_i00.webp
2281-herb-of-magic,"Herb of Magic","Herb of Magic",active,1,/etc_herb_blue_i00.webp
2282-herb-of-attack-speed,"Herb of Atk. Spd.","Herb of Atk. Spd.",active,1,/etc_attack_sp_herb_i00.webp
2283-herb-of-casting-speed,"Herb of Casting Spd.","Herb of Casting Spd.",active,1,/etc_magic_sp_herb_i00.webp
2284-herb-of-critical-attack,"Herb of Critical Attack","Herb of Critical Attack",active,1,/etc_critical_herb_i00.webp
2285-herb-of-speed,"Herb of Speed","Herb of Speed",active,1,/etc_move_herb_i00.webp
3611-enchant-heavy-set-d,"Enchant Heavy Armor (Grade D)","Enchant Heavy Armor (Grade D)",passive,1,/skill0231.webp
3612-enchant-light-set-d,"Enchant Light Armor (Grade D)","Enchant Light Armor (Grade D)",passive,1,/skill0233.webp
3613-enchant-robe-set-d,"Enchant Robe (Grade D)","Enchant Robe (Grade D)",passive,1,/skill0234.webp
3614-enchant-heavy-set-c,"Enchant Heavy Armor (Grade C)","Enchant Heavy Armor (Grade C)",passive,1,/skill0231.webp
3615-enchant-light-set-c,"Enchant Light Armor (Grade C)","Enchant Light Armor (Grade C)",passive,1,/skill0233.webp
3616-enchant-robe-set-c,"Enchant Robe (Grade C)","Enchant Robe (Grade C)",passive,1,/skill0234.webp
3617-enchant-heavy-set-b,"Enchant Heavy Armor (Grade B)","Enchant Heavy Armor (Grade B)",passive,1,/skill0231.webp
3618-enchant-light-set-b,"Enchant Light Armor (Grade B)","Enchant Light Armor (Grade B)",passive,1,/skill0233.webp
3619-enchant-robe-set-b,"Enchant Robe (Grade B)","Enchant Robe (Grade B)",passive,1,/skill0234.webp
3620-enchant-heavy-set-a,"Enchant Heavy Armor (Grade A)","Enchant Heavy Armor (Grade A)",passive,1,/skill0231.webp
3621-enchant-light-set-a,"Enchant Light Armor (Grade A)","Enchant Light Armor (Grade A)",passive,1,/skill0233.webp
3622-enchant-robe-set-a,"Enchant Robe (Grade A)","Enchant Robe (Grade A)",passive,1,/skill0234.webp
3623-enchant-heavy-set-s,"Enchant Heavy Armor (Grade S)","Enchant Heavy Armor (Grade S)",passive,1,/skill0231.webp
3624-enchant-light-set-s,"Enchant Light Armor (Grade S)","Enchant Light Armor (Grade S)",passive,1,/skill0233.webp
3625-enchant-robe-set-s,"Enchant Robe (Grade S)","Enchant Robe (Grade S)",passive,1,/skill0234.webp
2248-bless-of-fire,"Bless of Fire","Bless of Fire",active,1,/etc_fire_crystal_i00.webp
2249-bless-of-water,"Bless of Water","Bless of Water",active,1,/etc_water_crystal_i00.webp
2250-bless-of-wind,"Bless of Wind","Bless of Wind",active,1,/etc_wind_crystal_i00.webp
2251-bless-of-earth,"Bless of Earth","Bless of Earth",active,1,/etc_earth_crystal_i00.webp
2252-bless-of-darkness,"Bless of Darkness","Bless of Darkness",active,1,/etc_unholy_crystal_i00.webp
2253-bless-of-sacredness,"Bless of Sacredness","Bless of Sacredness",active,1,/etc_holy_crystal_i00.webp
2254-crystal-of-fire,"Crystal of Fire","Crystal of Fire",active,3,/skill0000.webp
2255-crystal-of-water,"Crystal of Water","Crystal of Water",active,3,/skill0000.webp
2256-crystal-of-wind,"Crystal of Wind","Crystal of Wind",active,3,/skill0000.webp
2257-crystal-of-earth,"Crystal of Earth","Crystal of Earth",active,3,/skill0000.webp
2258-crystal-of-darkness,"Crystal of Darkness","Crystal of Darkness",active,3,/skill0000.webp
2259-crystal-of-sacredness,"Crystal of Sacredness","Crystal of Sacredness",active,3,/skill0000.webp
3608-apella-heavy,"Apella Heavy Armor Set","Apella Heavy Armor Set",passive,1,/armor_t1004_ul_i00.webp
3609-apella-light,"Apella Light Armor Set","Apella Light Armor Set",passive,1,/armor_t1005_ul_i00.webp
3610-apella-robe,"Apella Robe Set","Apella Robe Set",passive,1,/armor_t1006_ul_i00.webp
3632-clan-gate,"Clan Gate","Clan Gate",active,1,/accessory_crown_i00.webp
3633-residential-shock-immunity,"Residential Shock Immunity","Residential Shock Immunity",active,2,/accessory_pledge_cap1_i05.webp
3626-kabokula,"Kabokula","Kabokula",active,1,/weapon_seize_mace_i00.webp
3627-tapirawa,"Tapirawa","Tapirawa",active,1,/weapon_seize_mace_i00.webp
3628-shabonoba,"Shabonoba","Shabonoba",active,1,/weapon_seize_mace_i00.webp
7037-tyrannosaurus-display,"Display - Tyrannosaurus Capture","Display - Tyrannosaurus Capture",active,1,/skill0000.webp
5094-antharas-subordinate-suicide,"Antharas Subordinate Suicide ","Antharas Subordinate Suicide ",active,1,/skill0000.webp
5095-antharas-subordinate-melee-attack,"Antharas Subordinate Melee Attack","Antharas Subordinate Melee Attack",active,1,/skill0000.webp
5096-antharas-subordinate-remote-attack,"Antharas Subordinate Remote Attack","Antharas Subordinate Remote Attack",active,1,/skill0000.webp
5097-antharas-subordinate-suicide-(narrow-range),"Antharas Subordinate Suicide (Narrow Range)","Antharas Subordinate Suicide (Narrow Range)",active,1,/skill0000.webp
2305-primeval-potion,"Primeval Potion","Primeval Potion",active,1,/skill0000.webp
2306-blue-primeval-crystal,"Blue Primeval Crystal","Blue Primeval Crystal",active,3,/skill0000.webp
2308-event-item,"Event Item","Event Item",active,36,/skill0000.webp
3260-forgiveness,"Heart Shot","Heart Shot",active,1,/skill0000.webp
3261-happiness,"Heart Shot","Heart Shot",active,1,/skill0000.webp
5146-aug-trigger-heal,"Heal","Heal",active,10,/skill3080.webp
5147-aug-trigger-blessed-body,"Blessed Body","Blessed Body",active,10,/skill3080.webp
5148-aug-trigger-prayer,"Prayer","Prayer",active,10,/skill3080.webp
5149-aug-trigger-recharge,"Recharge","Recharge",active,10,/skill3080.webp
5150-aug-trigger-blessed-soul,"Blessed Soul","Blessed Soul",active,10,/skill3080.webp
5151-aug-trigger-mana-gain,"Mana Gain","Mana Gain",active,10,/skill3080.webp
5152-aug-trigger-ritual,"Ritual","Ritual",active,10,/skill3080.webp
5153-aug-trigger-cheer,"Cheer","Cheer",active,10,/skill3080.webp
5154-aug-trigger-might,"Might","Might",active,10,/skill3080.webp
5156-aug-trigger-empower,"Empower","Empower",active,10,/skill3080.webp
5157-aug-trigger-duel-might,"Duel Might","Duel Might",active,10,/skill3080.webp
5158-aug-trigger-shield,"Shield","Shield",active,10,/skill3080.webp
5159-aug-trigger-magic-barrier,"Magic Barrier","Magic Barrier",active,10,/skill3080.webp
5160-aug-trigger-duel-weakness,"Duel Weakness","Duel Weakness",active,10,/skill3080.webp
5161-aug-trigger-agility,"Agility","Agility",active,10,/skill3080.webp
5162-aug-trigger-guidance,"Guidance","Guidance",active,10,/skill3080.webp
5163-aug-trigger-focus,"Focus","Focus",active,10,/skill3080.webp
5164-aug-trigger-wild-magic,"Wild Magic","Wild Magic",active,10,/skill3080.webp
5165-aug-trigger-charm,"Charm","Charm",active,10,/skill3080.webp
5166-aug-trigger-slow,"Slow","Slow",active,10,/skill3080.webp
5167-aug-trigger-winter,"Winter","Winter",active,10,/skill3080.webp
5168-aug-trigger-stun,"Stun","Stun",active,10,/skill3080.webp
5169-aug-trigger-hold,"Hold","Hold",active,10,/skill3080.webp
5170-aug-trigger-sleep,"Sleep","Sleep",active,10,/skill3080.webp
5171-aug-trigger-paralyze,"Paralyze","Paralyze",active,10,/skill3080.webp
5172-aug-trigger-medusa,"Medusa","Medusa",active,10,/skill3080.webp
5173-aug-trigger-fear,"Fear","Fear",active,10,/skill3080.webp
5174-aug-trigger-poison,"Poison","Poison",active,10,/skill3080.webp
5175-aug-trigger-bleed,"Bleed","Bleed",active,10,/skill3080.webp
5176-aug-trigger-silence,"Silence","Silence",active,10,/skill3080.webp
5177-aug-trigger-doom,"Doom","Doom",active,10,/skill3080.webp
3080-aug-on-patk-aggression,"Item Skill: Aggression","Item Skill: Aggression",passive,10,/skill3080.webp
3081-aug-on-patk-charm,"Item Skill: Charm","Item Skill: Charm",passive,10,/skill3080.webp
3082-aug-on-patk-mana-burn,"Item Skill: Mana Burn","Item Skill: Mana Burn",passive,10,/skill3080.webp
3083-aug-on-patk-slow,"Item Skill: Slow","Item Skill: Slow",passive,10,/skill3080.webp
3084-aug-on-patk-winter,"Item Skill: Winter","Item Skill: Winter",passive,10,/skill3080.webp
3085-aug-on-patk-stun,"Item Skill: Stun","Item Skill: Stun",passive,10,/skill3080.webp
3086-aug-on-patk-hold,"Item Skill: Hold","Item Skill: Hold",passive,10,/skill3080.webp
3087-aug-on-patk-sleep,"Item Skill: Sleep","Item Skill: Sleep",passive,10,/skill3080.webp
3088-aug-on-patk-paralyze,"Item Skill: Paralyze","Item Skill: Paralyze",passive,10,/skill3080.webp
3089-aug-on-patk-medusa,"Item Skill: Medusa","Item Skill: Medusa",passive,10,/skill3080.webp
3090-aug-on-patk-fear,"Item Skill: Fear","Item Skill: Fear",passive,10,/skill3080.webp
3091-aug-on-patk-poison,"Item Skill: Poison","Item Skill: Poison",passive,10,/skill3080.webp
3092-aug-on-patk-bleed,"Item Skill: Bleed","Item Skill: Bleed",passive,10,/skill3080.webp
3093-aug-on-patk-silence,"Item Skill: Silence","Item Skill: Silence",passive,10,/skill3080.webp
3094-aug-on-patk-doom,"Item Skill: Doom","Item Skill: Doom",passive,10,/skill3080.webp
3095-aug-on-matk-mana-burn,"Item Skill: Mana Burn","Item Skill: Mana Burn",passive,10,/skill3080.webp
3096-aug-on-matk-slow,"Item Skill: Slow","Item Skill: Slow",passive,10,/skill3080.webp
3097-aug-on-matk-winter,"Item Skill: Winter","Item Skill: Winter",passive,10,/skill3080.webp
3098-aug-on-matk-stun,"Item Skill: Stun","Item Skill: Stun",passive,10,/skill3080.webp
3099-aug-on-matk-hold,"Item Skill: Hold","Item Skill: Hold",passive,10,/skill3080.webp
3100-aug-on-matk-sleep,"Item Skill: Sleep","Item Skill: Sleep",passive,10,/skill3080.webp
3101-aug-on-matk-paralyze,"Item Skill: Paralyze","Item Skill: Paralyze",passive,10,/skill3080.webp
3102-aug-on-matk-medusa,"Item Skill: Medusa","Item Skill: Medusa",passive,10,/skill3080.webp
3103-aug-on-matk-fear,"Item Skill: Fear","Item Skill: Fear",passive,10,/skill3080.webp
3104-aug-on-matk-poison,"Item Skill: Poison","Item Skill: Poison",passive,10,/skill3080.webp
3105-aug-on-matk-bleed,"Item Skill: Bleed","Item Skill: Bleed",passive,10,/skill3080.webp
3106-aug-on-matk-silence,"Item Skill: Silence","Item Skill: Silence",passive,10,/skill3080.webp
3107-aug-on-matk-doom,"Item Skill: Doom","Item Skill: Doom",passive,10,/skill3080.webp
3108-aug-on-crit-aggression-up,"Item Skill: Aggression Up","Item Skill: Aggression Up",passive,10,/skill3080.webp
3109-aug-on-crit-aggression-down,"Item Skill: Aggression Down","Item Skill: Aggression Down",passive,10,/skill3080.webp
3110-aug-on-crit-mana-burn,"Item Skill: Mana Burn","Item Skill: Mana Burn",passive,10,/skill3080.webp
3111-aug-on-crit-slow,"Item Skill: Slow","Item Skill: Slow",passive,10,/skill3080.webp
3112-aug-on-crit-winter,"Item Skill: Winter","Item Skill: Winter",passive,10,/skill3080.webp
3113-aug-on-crit-stun,"Item Skill: Stun","Item Skill: Stun",passive,10,/skill3080.webp
3114-aug-on-crit-hold,"Item Skill: Hold","Item Skill: Hold",passive,10,/skill3080.webp
3115-aug-on-crit-sleep,"Item Skill: Sleep","Item Skill: Sleep",passive,10,/skill3080.webp
3116-aug-on-crit-paralyze,"Item Skill: Paralyze","Item Skill: Paralyze",passive,10,/skill3080.webp
3117-aug-on-crit-medusa,"Item Skill: Medusa","Item Skill: Medusa",passive,10,/skill3080.webp
3118-aug-on-crit-fear,"Item Skill: Fear","Item Skill: Fear",passive,10,/skill3080.webp
3119-aug-on-crit-poison,"Item Skill: Poison","Item Skill: Poison",passive,10,/skill3080.webp
3120-aug-on-crit-bleed,"Item Skill: Bleed","Item Skill: Bleed",passive,10,/skill3080.webp
3121-aug-on-crit-silence,"Item Skill: Silence","Item Skill: Silence",passive,10,/skill3080.webp
3122-aug-on-crit-doom,"Item Skill: Doom","Item Skill: Doom",passive,10,/skill3080.webp
3207-aug-when-attacked-heal,"Item Skill: Heal","Item Skill: Heal",passive,10,/skill3080.webp
3208-aug-when-attacked-blessed-body,"Item Skill: Blessed Body","Item Skill: Blessed Body",passive,10,/skill3080.webp
3209-aug-when-attacked-prayer,"Item Skill: Prayer","Item Skill: Prayer",passive,10,/skill3080.webp
3210-aug-when-attacked-recharge,"Item Skill: Recharge","Item Skill: Recharge",passive,10,/skill3080.webp
3211-aug-when-attacked-blessed-soul,"Item Skill: Blessed Soul","Item Skill: Blessed Soul",passive,10,/skill3080.webp
3212-aug-when-attacked-mana-gain,"Item Skill: Mana Gain","Item Skill: Mana Gain",passive,10,/skill3080.webp
3213-aug-when-attacked-ritual,"Item Skill: Ritual","Item Skill: Ritual",passive,10,/skill3080.webp
3214-aug-when-attacked-cheer,"Item Skill: Cheer","Item Skill: Cheer",passive,10,/skill3080.webp
3215-aug-when-attacked-might,"Item Skill: Might","Item Skill: Might",passive,10,/skill3080.webp
3216-aug-when-attacked-empower,"Item Skill: Empower","Item Skill: Empower",passive,10,/skill3080.webp
3217-aug-when-attacked-duel-might,"Item Skill: Duel Might","Item Skill: Duel Might",passive,10,/skill3080.webp
3218-aug-when-attacked-shield,"Item Skill: Shield","Item Skill: Shield",passive,10,/skill3080.webp
3219-aug-when-attacked-magic-barrier,"Item Skill: Magic Barrier","Item Skill: Magic Barrier",passive,10,/skill3080.webp
3220-aug-when-attacked-duel-weakness,"Item Skill: Duel Weakness","Item Skill: Duel Weakness",passive,10,/skill3080.webp
3221-aug-when-attacked-agility,"Item Skill: Agility","Item Skill: Agility",passive,10,/skill3080.webp
3222-aug-when-attacked-guidance,"Item Skill: Guidance","Item Skill: Guidance",passive,10,/skill3080.webp
3223-aug-when-attacked-focus,"Item Skill: Focus","Item Skill: Focus",passive,10,/skill3080.webp
3224-aug-when-attacked-wild-magic,"Item Skill: Wild Magic","Item Skill: Wild Magic",passive,10,/skill3080.webp
3225-aug-when-attacked-charm,"Item Skill: Charm","Item Skill: Charm",passive,10,/skill3080.webp
3226-aug-when-attacked-slow,"Item Skill: Slow","Item Skill: Slow",passive,10,/skill3080.webp
3227-aug-when-attacked-winter,"Item Skill: Winter","Item Skill: Winter",passive,10,/skill3080.webp
3228-aug-when-attacked-stun,"Item Skill: Stun","Item Skill: Stun",passive,10,/skill3080.webp
3229-aug-when-attacked-hold,"Item Skill: Hold","Item Skill: Hold",passive,10,/skill3080.webp
3230-aug-when-attacked-sleep,"Item Skill: Sleep","Item Skill: Sleep",passive,10,/skill3080.webp
3231-aug-when-attacked-paralyze,"Item Skill: Paralyze","Item Skill: Paralyze",passive,10,/skill3080.webp
3232-aug-when-attacked-medusa,"Item Skill: Medusa","Item Skill: Medusa",passive,10,/skill3080.webp
3233-aug-when-attacked-fear,"Item Skill: Fear","Item Skill: Fear",passive,10,/skill3080.webp
3234-aug-when-attacked-poison,"Item Skill: Poison","Item Skill: Poison",passive,10,/skill3080.webp
3235-aug-when-attacked-bleed,"Item Skill: Bleed","Item Skill: Bleed",passive,10,/skill3080.webp
3236-aug-when-attacked-silence,"Item Skill: Silence","Item Skill: Silence",passive,10,/skill3080.webp
3237-aug-when-attacked-doom,"Item Skill: Doom","Item Skill: Doom",passive,10,/skill3080.webp
3123-aug-active-heal,"Item Skill: Heal","Item Skill: Heal",active,10,/skill3123.webp
3124-aug-active-blessed-body,"Item Skill: Blessed Body","Item Skill: Blessed Body",active,10,/skill3123.webp
3125-aug-active-battle-roar,"Item Skill: Battle Roar","Item Skill: Battle Roar",active,10,/skill3123.webp
3126-aug-active-prayer,"Item Skill: Prayer","Item Skill: Prayer",active,10,/skill3123.webp
3127-aug-active-recharge,"Item Skill: Recharge","Item Skill: Recharge",active,10,/skill3123.webp
3128-aug-active-blessed-soul,"Item Skill: Blessed Soul","Item Skill: Blessed Soul",active,10,/skill3123.webp
3129-aug-active-mana-gain,"Item Skill: Mana Gain","Item Skill: Mana Gain",active,10,/skill3123.webp
3130-aug-active-ritual,"Item Skill: Ritual","Item Skill: Ritual",active,10,/skill3123.webp
3131-aug-active-cheer,"Item Skill: Cheer","Item Skill: Cheer",active,10,/skill3123.webp
3132-aug-active-might,"Item Skill: Might","Item Skill: Might",active,10,/skill3123.webp
3133-aug-active-empower,"Item Skill: Empower","Item Skill: Empower",active,10,/skill3123.webp
3134-aug-active-duel-might,"Item Skill: Duel Might","Item Skill: Duel Might",active,10,/skill3123.webp
3135-aug-active-shield,"Item Skill: Shield","Item Skill: Shield",active,10,/skill3123.webp
3136-aug-active-magic-barrier,"Item Skill: Magic Barrier","Item Skill: Magic Barrier",active,10,/skill3123.webp
3137-aug-active-duel-weakness,"Item Skill: Duel Weakness","Item Skill: Duel Weakness",active,10,/skill3123.webp
3138-aug-active-heal-empower,"Item Skill: Heal Empower","Item Skill: Heal Empower",active,10,/skill3123.webp
3139-aug-active-agility,"Item Skill: Agility","Item Skill: Agility",active,10,/skill3123.webp
3140-aug-active-guidance,"Item Skill: Guidance","Item Skill: Guidance",active,10,/skill3123.webp
3141-aug-active-focus,"Item Skill: Focus","Item Skill: Focus",active,10,/skill3123.webp
3142-aug-active-wild-magic,"Item Skill: Wild Magic","Item Skill: Wild Magic",active,10,/skill3123.webp
3143-aug-active-kiss-eva,"Item Skill: Kiss of Eva","Item Skill: Kiss of Eva",active,10,/skill3123.webp
3144-aug-active-acrobatics,"Item Skill: Acrobatics","Item Skill: Acrobatics",active,10,/skill3123.webp
3145-aug-active-iron-body,"Item Skill: Iron Body","Item Skill: Iron Body",active,10,/skill3123.webp
3146-aug-active-recall,"Item Skill: Recall","Item Skill: Recall",active,1,/skill3123.webp
3147-aug-active-recall,"Item Skill: Recall","Item Skill: Recall",active,1,/skill3123.webp
3148-aug-active-vampiric-rage,"Item Skill: Vampiric Rage","Item Skill: Vampiric Rage",active,10,/skill3123.webp
3149-aug-active-aggression,"Item Skill: Aggression","Item Skill: Aggression",active,10,/skill3123.webp
3150-aug-active-charm,"Item Skill: Charm","Item Skill: Charm",active,10,/skill3123.webp
3151-aug-active-peace,"Item Skill: Peace","Item Skill: Peace",active,10,/skill3123.webp
3152-aug-active-trick,"Item Skill: Trick","Item Skill: Trick",active,10,/skill3123.webp
3153-aug-active-vampiric-touch,"Item Skill: Vampiric Touch","Item Skill: Vampiric Touch",active,10,/skill3123.webp
3154-aug-active-mana-burn,"Item Skill: Mana Burn","Item Skill: Mana Burn",active,10,/skill3123.webp
3155-aug-active-unlock,"Item Skill: Unlock","Item Skill: Unlock",active,10,/skill3123.webp
3156-aug-active-firework,"Item Skill: Firecracker","Item Skill: Firecracker",active,1,/skill3123.webp
3157-aug-active-large-firework,"Item Skill: Large Firecracker","Item Skill: Large Firecracker",active,1,/skill3123.webp
3158-aug-active-celestial-shield,"Item Skill: Celestial Shield","Item Skill: Celestial Shield",active,1,/skill3123.webp
3159-aug-active-stealth,"Item Skill: Stealth","Item Skill: Stealth",active,3,/skill3123.webp
3160-aug-active-resurrection,"Item Skill: Resurrection","Item Skill: Resurrection",active,9,/skill3123.webp
3161-aug-active-skill-clarity,"Item Skill: Skill Clarity","Item Skill: Skill Clarity",active,3,/skill3123.webp
3162-aug-active-spell-clarity,"Item Skill: Spell Clarity","Item Skill: Spell Clarity",active,3,/skill3123.webp
3163-aug-active-music-clarity,"Item Skill: Music Clarity","Item Skill: Music Clarity",active,3,/skill3123.webp
3164-aug-active-clarity,"Item Skill: Clarity","Item Skill: Clarity",active,3,/skill3123.webp
3165-aug-active-prominence-single,"Item Skill: Prominence","Item Skill: Prominence",active,10,/skill3123.webp
3167-aug-active-hydro-blast-single,"Item Skill: Hydro Blast","Item Skill: Hydro Blast",active,10,/skill3123.webp
3168-aug-active-hurricane-single,"Item Skill: Hurricane","Item Skill: Hurricane",active,10,/skill3123.webp
3169-aug-active-stone-single,"Item Skill: Stone","Item Skill: Stone",active,10,/skill3123.webp
3170-aug-active-solar-flare-single,"Item Skill: Solar Flare","Item Skill: Solar Flare",active,10,/skill3123.webp
3171-aug-active-shadow-flare-single,"Item Skill: Shadow Flare","Item Skill: Shadow Flare",active,10,/skill3123.webp
3172-aug-active-aura-flare-single,"Item Skill: Aura Flare","Item Skill: Aura Flare",active,10,/skill3123.webp
3173-aug-active-prominence-range,"Item Skill: Prominence","Item Skill: Prominence",active,10,/skill3123.webp
3174-aug-active-hydro-blast-range,"Item Skill: Hydro Blast","Item Skill: Hydro Blast",active,10,/skill3123.webp
3175-aug-active-hurricane-range,"Item Skill: Hurricane","Item Skill: Hurricane",active,10,/skill3123.webp
3176-aug-active-stone-range,"Item Skill: Stone","Item Skill: Stone",active,10,/skill3123.webp
3177-aug-active-solar-flare-range,"Item Skill: Solar Flare","Item Skill: Solar Flare",active,10,/skill3123.webp
3178-aug-active-shadow-flare-range,"Item Skill: Shadow Flare","Item Skill: Shadow Flare",active,10,/skill3123.webp
3179-aug-active-aura-flare-range,"Item Skill: Aura Flare","Item Skill: Aura Flare",active,10,/skill3123.webp
3180-aug-active-prominence-aoe,"Item Skill: Prominence","Item Skill: Prominence",active,10,/skill3123.webp
3181-aug-active-hydro-blast-aoe,"Item Skill: Hydro Blast","Item Skill: Hydro Blast",active,10,/skill3123.webp
3182-aug-active-hurricane-aoe,"Item Skill: Hurricane","Item Skill: Hurricane",active,10,/skill3123.webp
3183-aug-active-stone-aoe,"Item Skill: Stone","Item Skill: Stone",active,10,/skill3123.webp
3184-aug-active-solar-flare-aoe,"Item Skill: Solar Flare","Item Skill: Solar Flare",active,10,/skill3123.webp
3185-aug-active-shadow-flare-aoe,"Item Skill: Shadow Flare","Item Skill: Shadow Flare",active,10,/skill3123.webp
3186-aug-active-aura-flare-aoe,"Item Skill: Aura Flare","Item Skill: Aura Flare",active,10,/skill3123.webp
3187-aug-active-slow,"Item Skill: Slow","Item Skill: Slow",active,10,/skill3123.webp
3188-aug-active-winter,"Item Skill: Winter","Item Skill: Winter",active,10,/skill3123.webp
3189-aug-active-stun,"Item Skill: Stun","Item Skill: Stun",active,10,/skill3123.webp
3190-aug-active-hold,"Item Skill: Hold","Item Skill: Hold",active,10,/skill3123.webp
3191-aug-active-sleep,"Item Skill: Sleep","Item Skill: Sleep",active,10,/skill3123.webp
3192-aug-active-paralyze,"Item Skill: Paralyze","Item Skill: Paralyze",active,10,/skill3123.webp
3193-aug-active-medusa,"Item Skill: Medusa","Item Skill: Medusa",active,10,/skill3123.webp
3194-aug-active-fear,"Item Skill: Fear","Item Skill: Fear",active,10,/skill3123.webp
3195-aug-active-poison,"Item Skill: Poison","Item Skill: Poison",active,10,/skill3123.webp
3196-aug-active-bleed,"Item Skill: Bleed","Item Skill: Bleed",active,10,/skill3123.webp
3197-aug-active-silence,"Item Skill: Silence","Item Skill: Silence",active,10,/skill3123.webp
3198-aug-active-doom,"Item Skill: Doom","Item Skill: Doom",active,10,/skill3123.webp
3199-aug-active-skill-refresh,"Item Skill: Skill Refresh","Item Skill: Skill Refresh",active,3,/skill3123.webp
3200-aug-active-spell-refresh,"Item Skill: Spell Refresh","Item Skill: Spell Refresh",active,3,/skill3123.webp
3201-aug-active-music-refresh,"Item Skill: Music Refresh","Item Skill: Music Refresh",active,3,/skill3123.webp
3202-aug-active-refresh,"Item Skill: Refresh","Item Skill: Refresh",active,3,/skill3123.webp
3203-aug-active-mystery-skill,"Item Skill: Problem Skill","Item Skill: Problem Skill",active,1,/skill3123.webp
3204-aug-active-reflect-damage,"Item Skill: Reflect Damage","Item Skill: Reflect Damage",active,3,/skill3123.webp
3205-aug-active-party-recall,"Item Skill: Party Recall","Item Skill: Party Recall",active,2,/skill3123.webp
3206-aug-active-music,"Item Skill: Music","Item Skill: Music",active,10,/skill3123.webp
3238-aug-passive-prayer,"Item Skill: Prayer","Item Skill: Prayer",passive,10,/skill3238.webp
3239-aug-passive-mana-gain,"Item Skill: Mana Gain","Item Skill: Mana Gain",passive,10,/skill3238.webp
3240-aug-passive-might,"Item Skill: Might","Item Skill: Might",passive,10,/skill3238.webp
3241-aug-passive-empower,"Item Skill: Empower","Item Skill: Empower",passive,10,/skill3238.webp
3243-aug-passive-duel-might,"Item Skill: Duel Might","Item Skill: Duel Might",passive,10,/skill3238.webp
3244-aug-passive-shield,"Item Skill: Shield","Item Skill: Shield",passive,10,/skill3238.webp
3245-aug-passive-magic-barrier,"Item Skill: Magic Barrier","Item Skill: Magic Barrier",passive,10,/skill3238.webp
3246-aug-passive-heal-empower,"Item Skill: Heal Empower","Item Skill: Heal Empower",passive,10,/skill3238.webp
3247-aug-passive-agility,"Item Skill: Agility","Item Skill: Agility",passive,10,/skill3238.webp
3248-aug-passive-guidance,"Item Skill: Guidance","Item Skill: Guidance",passive,10,/skill3238.webp
3249-aug-passive-focus,"Item Skill: Focus","Item Skill: Focus",passive,10,/skill3238.webp
3250-aug-passive-wild-magic,"Item Skill: Wild Magic","Item Skill: Wild Magic",passive,10,/skill3238.webp
3251-aug-passive-weight-limit,"Item Skill: Weight Limit","Item Skill: Weight Limit",passive,10,/skill3238.webp
3252-aug-passive-kiss-eva,"Item Skill: Kiss of Eva","Item Skill: Kiss of Eva",passive,10,/skill3238.webp
3253-aug-passive-acrobatics,"Item Skill: Acrobatics","Item Skill: Acrobatics",passive,10,/skill3238.webp
3254-aug-passive-iron-body,"Item Skill: Iron Body","Item Skill: Iron Body",passive,10,/skill3238.webp
3255-aug-passive-skill-clarity,"Item Skill: Skill Clarity","Item Skill: Skill Clarity",passive,3,/skill3238.webp
3256-aug-passive-spell-clarity,"Item Skill: Spell Clarity","Item Skill: Spell Clarity",passive,3,/skill3238.webp
3257-aug-passive-music-clarity,"Item Skill: Music Clarity","Item Skill: Music Clarity",passive,3,/skill3238.webp
3258-aug-passive-clarity,"Item Skill: Clarity","Item Skill: Clarity",passive,3,/skill3238.webp
3259-aug-passive-reflect-damage,"Item Skill: Reflect Damage","Item Skill: Reflect Damage",passive,3,/skill3238.webp
2234-disrupting-arrow,"Disrupting Arrow","Поражающая Душу Стрела",active,1,/etc_destory_soul_arrow_i00.webp
2240-hot-spring-nectar,"Hot Spring Nectar","Hot Spring Nectar",active,1,/skill0000.webp
2241-hot-spring-mineral-water,"Hot Spring Mineral Water","Hot Spring Mineral Water",active,1,/skill0000.webp
2242-hot-spring-fountain-water,"Hot Spring Fountain Water","Hot Spring Fountain Water",active,1,/skill0000.webp
2243-hot-spring-sulfur,"Hot Spring Sulfur","Hot Spring Sulfur",active,1,/skill0000.webp
2261-item-hard-green-fish,"Item - Hard Green Fish","Item - Hard Green Fish",active,9,/skill0000.webp
2262-item-hard-jade-fish,"Item - Hard Jade Fish","Item - Hard Jade Fish",active,9,/skill0000.webp
2263-item-hard-blue-fish,"Item - Hard Blue Fish","Item - Hard Blue Fish",active,9,/skill0000.webp
2264-item-hard-yellow-fish,"Item - Hard Yellow Fish","Item - Hard Yellow Fish",active,9,/skill0000.webp
2265-item-hard-orange-fish,"Item - Hard Orange Fish","Item - Hard Orange Fish",active,9,/skill0000.webp
2266-item-hard-violet-fish,"Item - Hard Violet Fish","Item - Hard Violet Fish",active,9,/skill0000.webp
2267-item-hard-red-fish,"Item - Hard Red Fish","Item - Hard Red Fish",active,9,/skill0000.webp
2268-item-hard-white-fish,"Item - Hard White Fish","Item - Hard White Fish",active,9,/skill0000.webp
2269-item-hard-black-fish,"Item - Hard Black Fish","Item - Hard Black Fish",active,9,/skill0000.webp
2270-item-adventurer-box,"Item - Adventurer Box","Item - Adventurer Box",active,7,/skill0000.webp
2271-item-hot-spring-fish,"Item - Hot Spring Fish","Item - Hot Spring Fish",active,1,/skill0000.webp
2272-item-fight-song-crystal,"Item - Fight Song Crystal","Item - Fight Song Crystal",active,1,/skill0000.webp
2273-item-red-devil-support-box,"Item - Red Devil Support Box","Item - Red Devil Support Box",active,1,/skill0000.webp
2274-fishermans-potion-green,"Fisherman's Potion – Green","Fisherman's Potion – Green",active,8,/etc_oblivion_green_i00.webp
2275-fishermans-recovery-potion,"Fisherman's Recovery Potion","Fisherman's Recovery Potion",active,1,/etc_oblivion_black_i00.webp
2235-anteroom-door-key,"Anteroom Door Key","Anteroom Door Key",active,1,/skill0000.webp
2236-chapel-door-key,"Chapel Door Key","Chapel Door Key",active,1,/skill0000.webp
2237-altar-door-key,"Altar Door Key","Altar Door Key",active,1,/skill0000.webp
3630-void-burst,"Void Burst","Void Burst",active,1,/skill3630.webp
3631-void-flow,"Void Flow","Void Flow",active,1,/skill3631.webp