Category,Subtype,ID,Name_EN,Name_RU,Grade,PAtk,MAtk,PDef,MDef,Icon,Description_EN
weapons,dagger,10,"Dagger","Кинжал",NG,5,5,,,/weapon_dagger_i00.webp,"No description for this item"
weapons,dagger,11,"Bone Dagger","Костяной Кинжал",NG,7,6,,,/weapon_bone_dagger_i00.webp,"No description for this item"
weapons,dagger,12,"Knife","Нож",NG,10,9,,,/weapon_knife_i00.webp,"No description for this item"
weapons,dagger,215,"Doom Dagger","Кинжал Рока",NG,10,9,,,/weapon_doomed_dagger_i00.webp,"No description for this item"
weapons,dagger,3471,"Cybellin's Dagger","Кинжал Сибелин",NG,10,9,,,/weapon_doomed_dagger_i00.webp,"Dagger used in ceremony to raise the purity of blood crystal."
weapons,dagger,4665,"Pipette Knife","Нож с Кровостоком",NG,10,9,,,/weapon_knife_i00.webp,"An instrument used to collect the blood of living creatures. Use it to cut Baium and obtain a blood sample."
weapons,dagger,989,"Eldritch Dagger","Пугающий Кинжал",NG,11,10,,,/weapon_knife_i00.webp,"A steel dagger engraved with the runes of Shilen and Gran Kain."
weapons,dagger,216,"Dirk","Кортик",NG,15,12,,,/weapon_dirk_i00.webp,"No description for this item"
weapons,dagger,1182,"Neti's Dagger","Кинжал Нети",NG,19,16,,,/weapon_knife_i00.webp,"Neti used this dagger when she was a Treasure Hunter. Use it when hunting the skeletons and spartoi of the Ruins of Agony to gather bone pieces."
weapons,dagger,217,"Shining Knife","Сверкающий Нож",NG,21,17,,,/weapon_shining_knife_i00.webp,"No description for this item"
weapons,dagger,218,"Throwing Knife","Метательный Нож",NG,21,17,,,/weapon_throw_knife_i00.webp,"No description for this item"
weapons,dagger,219,"Sword Breaker","Мечелом",NG,27,21,,,/weapon_sword_breaker_i00.webp,"No description for this item"
weapons,dagger,220,"Crafted Dagger","Кованый Кинжал",D,35,26,,,/weapon_handiwork_dagger_i00.webp,"No description for this item"
weapons,dagger,221,"Assassin Knife","Нож Ассасина",D,35,26,,,/weapon_assassin_knife_i00.webp,"No description for this item"
weapons,dagger,222,"Poniard Dagger","Трехгранный Кинжал",D,45,32,,,/weapon_dirk_i00.webp,"No description for this item"
weapons,dagger,223,"Kukuri","Кукри",D,56,39,,,/weapon_kukuri_i00.webp,"No description for this item"
weapons,dagger,1660,"Cursed Maingauche","Проклятая Дага",D,62,42,,,/weapon_maingauche_i01.webp,"Although its attack power is weak, it gives bleeding effect with a certain rate during critical attacks."
weapons,dagger,224,"Maingauche","Дага",D,69,47,,,/weapon_maingauche_i00.webp,"No description for this item"
weapons,dagger,225,"Mithril Dagger","Мифриловый Кинжал",D,80,54,,,/weapon_mithril_dagger_i00.webp,"No description for this item"
weapons,dagger,226,"Cursed Dagger","Проклятый Кинжал",C,94,61,,,/weapon_cursed_dagger_i00.webp,"Bestows Critical Bleed, Critical Poison or Rsk. Haste."
weapons,dagger,232,"Dark Elven Dagger","Кинжал Темных Эльфов",C,94,61,,,/weapon_darkelven_dagger_i00.webp,"Bestows one of the following functions: Focus or Back Blow."
weapons,dagger,227,"Stiletto","Стилет",C,107,68,,,/weapon_stiletto_i00.webp,"Bestows either Critical Bleed or Critical Poison."
weapons,dagger,231,"Grace Dagger","Изящный Кинжал",C,122,76,,,/weapon_grace_dagger_i00.webp,"Bestows one of the following functions: Evasion, Focus, or Back Blow."
weapons,dagger,233,"Dark Screamer","Кинжал Тьмы",C,122,76,,,/weapon_dark_screamer_i00.webp,"Bestows one of the following functions: Evasion, Focus, or Critical Bleed."
weapons,dagger,228,"Crystal Dagger","Кристальный Кинжал",C,136,83,,,/weapon_crystal_dagger_i00.webp,"Bestows Critical Bleed, Critical Damage or Critical Poison."
weapons,dagger,229,"Kris","Крис",B,153,91,,,/weapon_kris_i00.webp,"Bestows one of the following functions: Evasion, Focus, or Back Blow."
weapons,dagger,234,"Demon Dagger","Кинжал Демона",B,170,99,,,/weapon_demons_sword_i00.webp,"Bestows Critical Bleed, Critical Damage or Critical Poison."
weapons,dagger,235,"Bloody Orchid","Кровавая Орхидея",A,186,107,,,/weapon_bloody_orchid_i00.webp,"Bestows one of the following functions: Focus, Back Blow, or Critical Bleed."
weapons,dagger,236,"Soul Separator","Душегуб",A,203,114,,,/weapon_soul_separator_i00.webp,"Bestows one of the following functions: Guidance, Critical Damage, or Rsk. Haste."
weapons,dagger,8682,"Naga Storm","Буря Наги",A,220,121,,,/weapon_naga_storm_i00.webp,"Bestows Focus, Critical Damage, or Back Blow."
weapons,dagger,6367,"Angel Slayer","Убийца Ангелов",S,246,132,,,/weapon_angel_slayer_i00.webp,"Bestows one of the following functions: Crt. Damage, HP Drain or Haste."
weapons,dagger,9446,"Dynasty Knife","Нож Династии",S80,291,151,,,/weapon_dynasty_dagger_i00.webp,"Bestows one of the following functions: Focus, Evasion, or Critical Damage."
weapons,dagger,10216,"Icarus Disperser","Распылитель Икара",S80,318,163,,,/weapon_icarus_disperser_i00.webp,"Bestows one of the following functions: Focus, Evasion or Crit. Damage."
weapons,dagger,13460,"Vesper Shaper","Острие Венеры",S84,346,176,,,/weapon_vesper_shaper_i00.webp,"It can bestow one of the following functions: Critical Damage, HP Drain, or Haste."
weapons,sword,2369,"Squire's Sword","Меч Оруженосца",NG,6,5,,,/weapon_squires_sword_i00.webp,"No description for this item"
weapons,sword,1,"Short Sword","Короткий Меч",NG,8,6,,,/weapon_small_sword_i00.webp,"No description for this item"
weapons,sword,3,"Broadsword","Широкий Меч",NG,11,9,,,/weapon_broad_sword_i00.webp,"No description for this item"
weapons,sword,738,"Sword of Solidarity","Меч Единства",NG,12,9,,,/weapon_long_sword_i00.webp,"A bronze sword crafted long ago in memory of the union between the Humans and the Elves."
weapons,sword,1510,"Butcher's Sword","Меч Мясника",NG,13,10,,,/weapon_orcish_sword_i00.webp,"A sword granted to young Orc Fighters who distinguished themselves at war."
weapons,sword,743,"Sword of Sentinel","Меч Стража",NG,14,11,,,/weapon_broad_sword_i00.webp,"A steel blade issued to those fighters that have been acknowledged as protectors of the woods."
weapons,sword,975,"Blood Saber","Кровавая Сабля",NG,14,11,,,/weapon_broad_sword_i00.webp,"An Oriharukon sword crafted in the Abella style of the east."
weapons,sword,66,"Gladius","Гладиус",NG,17,12,,,/weapon_gladius_i00.webp,"No description for this item"
weapons,sword,67,"Orcish Sword","Меч Орков",NG,17,12,,,/weapon_orcish_sword_i00.webp,"No description for this item"
weapons,sword,122,"Handmade Sword","Кованый Меч",NG,17,12,,,/weapon_handmade_sword_i00.webp,"No description for this item"
weapons,sword,3029,"Sword of Binding","Меч Оков",NG,17,12,,,/weapon_gladius_i00.webp,"Use this sword to deliver the final blow to Zeruel."
weapons,sword,1142,"Rusted Bronze Sword","Ржавый Меч",NG,18,21,,,/weapon_broad_sword_i00.webp,"An old and rusty bronze sword called the 'Sword of Trial'. Use this to hunt poison spiders and arachnid trackers."
weapons,sword,2,"Long Sword","Длинный Меч",NG,24,17,,,/weapon_long_sword_i00.webp,"No description for this item"
weapons,sword,120,"Sword of Reflection","Меч Отражения",NG,24,17,,,/weapon_sword_of_watershadow_i00.webp,"No description for this item"
weapons,sword,121,"Sword of Watershadow","Меч Темной Воды",NG,24,17,,,/weapon_sword_of_watershadow_i00.webp,"No description for this item"
weapons,sword,68,"Falchion","Фальшион",NG,31,21,,,/weapon_falchion_i00.webp,"No description for this item"
weapons,sword,123,"Saber","Сабля",D,40,26,,,/weapon_saber_i00.webp,"No description for this item"
weapons,sword,69,"Bastard Sword","Полуторный Меч",D,51,32,,,/weapon_bastard_sword_i00.webp,"No description for this item"
weapons,sword,125,"Spinebone Sword","Хребетный Меч",D,51,32,,,/weapon_spinebone_sword_i00.webp,"No description for this item"
weapons,sword,126,"Artisan's Sword","Меч Ремесленника",D,51,32,,,/weapon_artisans_sword_i00.webp,"No description for this item"
weapons,sword,128,"Knight's Sword","Меч Рыцаря",D,51,32,,,/weapon_knights_sword_i00.webp,"No description for this item"
weapons,sword,127,"Crimson Sword","Багровый Меч",D,64,39,,,/weapon_crimson_sword_i00.webp,"No description for this item"
weapons,sword,130,"Elven Sword","Меч Эльфов",D,64,39,,,/weapon_elven_sword_i00.webp,"No description for this item"
weapons,sword,129,"Sword of Revolution","Меч Революции",D,79,47,,,/weapon_sword_of_revolution_i00.webp,"No description for this item"
weapons,sword,2499,"Elven Long Sword","Длинный Меч Эльфов",D,92,54,,,/weapon_elven_long_sword_i00.webp,"No description for this item"
weapons,sword,72,"Stormbringer","Громовержец",C,107,61,,,/weapon_stormbringer_i00.webp,"Bestows one of the following functions: Critical Anger, Focus or Light."
weapons,sword,73,"Shamshir","Шамшир",C,122,68,,,/weapon_shamshir_i00.webp,"Bestows one of the following functions: Guidance, Back Blow, Rsk. Or Evasion."
weapons,sword,74,"Katana","Катана",C,122,68,,,/weapon_katana_i00.webp,"Bestows one of the following functions: Focus, Critical Damage or Haste."
weapons,sword,131,"Spirit Sword","Меч Духов",C,122,68,,,/weapon_spirits_sword_i00.webp,"Bestows either Critical Damage, Critical Poison or Haste"
weapons,sword,133,"Raid Sword","Меч Налетчика",C,122,68,,,/weapon_raid_sword_i00.webp,"Bestows either Focus, Critical Drain or Critical Poison"
weapons,sword,75,"Caliburs","Экскалибур",C,139,76,,,/weapon_caliburs_i00.webp,"Bestows either Guidance, Focus or Critical Damage."
weapons,sword,76,"Sword of Delusion","Меч Иллюзий",C,139,76,,,/weapon_sword_of_delusion_i00.webp,"Bestows one of the following functions: Focus, Health, or Rsk. Haste."
weapons,sword,77,"Tsurugi","Цуруги",C,139,76,,,/weapon_tsurugi_i00.webp,"Bestows one of the following functions: Focus, Critical Damage or Haste."
weapons,sword,132,"Sword of Limit","Меч Рубежа",C,139,76,,,/weapon_sword_of_limit_i00.webp,"Bestows one of the following functions: Guidance, Critical Drain, or Health."
weapons,sword,134,"Sword of Nightmare","Меч Кошмаров",C,139,76,,,/weapon_sword_of_nightmare_i00.webp,"Bestows one of the following functions: Health, Focus, or Light."
weapons,sword,135,"Samurai Longsword","Длинный Меч Самурая",C,156,83,,,/weapon_samurai_longsword_i00.webp,"Bestows one of the following functions: Focus, Critical Damage or Haste."
weapons,sword,142,"Keshanberk","Кешанберк",B,175,91,,,/weapon_kshanberk_i00.webp,"Bestows one of the following functions: Guidance, Focus or Back Blow"
weapons,sword,79,"Sword of Damascus","Дамаскус",B,194,99,,,/weapon_sword_of_damascus_i00.webp,"Bestows one of the following functions: Focus, Critical Damage or Haste."
weapons,sword,80,"Tallum Blade","Клинок Таллума",A,213,107,,,/weapon_tallum_blade_i00.webp,"Bestows one of the following functions: Critical Poison, Haste or Anger."
weapons,sword,2500,"Dark Legion's Edge","Темный Легион",A,232,114,,,/weapon_dark_legions_edge_i00.webp,"Bestows one of the following functions: Critical Damage, Health, or Rsk. Focus."
weapons,sword,8678,"Sirra's Blade","Клинок Сирры",A,251,121,,,/weapon_sirr_blade_i00.webp,"Bestows Haste, Health, or Critical Poison."
weapons,sword,6364,"Forgotten Blade","Забытый Клинок",S,281,132,,,/weapon_forgotten_blade_i00.webp,"Bestows one of the following functions: Haste, Health or Focus."
weapons,sword,9442,"Dynasty Sword","Меч Династии",S80,333,151,,,/weapon_dynasty_blade_i00.webp,"Bestows one of the following functions: Focus, Health, or Light."
weapons,sword,10215,"Icarus Sawsword","Зазубренный Меч Икара",S80,363,163,,,/weapon_icarus_sowsword_i00.webp,"Bestows one of the following functions: Focus, Health or Light."
weapons,sword,13457,"Vesper Cutter","Резак Венеры",S84,396,176,,,/weapon_vesper_cutter_i00.webp,"It can bestow one of the following functions: Haste, Focus, or Health."
weapons,two_hand_sword,981,"Red Sunset Sword","Меч Багрового Заката",NG,16,10,,,/weapon_brandish_i00.webp,"A sword used by warriors belonging to the Red Sunset clan."
weapons,two_hand_sword,1333,"Brandish","Тренировочный Двуручный Меч",NG,21,12,,,/weapon_brandish_i00.webp,"A two-handed sword for beginners."
weapons,two_hand_sword,3027,"Old Knight's Sword","Меч Старого Рыцаря",NG,29,17,,,/weapon_brandish_i00.webp,"Use this sword to deliver the final blow to the spirit of Sir Herod."
weapons,two_hand_sword,5284,"Zweihander","Цвайхандэр",NG,38,21,,,/weapon_zweihander_i00.webp,"No description for this item"
weapons,two_hand_sword,5285,"Heavy Sword","Тяжелый Меч",D,49,26,,,/weapon_heavy_sword_i00.webp,"No description for this item"
weapons,two_hand_sword,7880,"Steel Sword","Стальной Меч",D,49,26,,,/weapon_iron_sword_i00.webp,"No description for this item"
weapons,two_hand_sword,124,"Two-Handed Sword","Двуручный Меч",D,78,39,,,/weapon_two_handed_sword_i00.webp,"No description for this item"
weapons,two_hand_sword,7881,"Titan Sword","Меч Титана",D,96,47,,,/weapon_giants_sword_i00.webp,"No description for this item"
weapons,two_hand_sword,70,"Claymore","Клеймор",D,112,54,,,/weapon_claymore_i00.webp,"No description for this item"
weapons,two_hand_sword,71,"Flamberge","Фламберг",C,130,61,,,/weapon_flamberge_i00.webp,"Bestows one of the following functions: Critical Damage, Focus or Light."
weapons,two_hand_sword,7882,"Pa'agrian Sword","Меч Паагрио",C,169,76,,,/weapon_sword_of_paagrio_i00.webp,"Bestows one of the following functions: Focus, Health or Critical Drain."
weapons,two_hand_sword,5286,"Berserker Blade","Клинок Берсерка",C,190,83,,,/weapon_berserker_blade_i00.webp,"Bestows one of the following functions: Focus Critical Damage, Focus or Haste."
weapons,two_hand_sword,78,"Great Sword","Большой Меч",B,213,91,,,/weapon_great_sword_i00.webp,"Bestows one of the following functions: Health, Critical Damage or Focus."
weapons,two_hand_sword,7883,"Guardian Sword","Меч Стража",B,236,99,,,/weapon_guardians_sword_i00.webp,"Bestows one of the following functions: Critical Drain, Health or Critical Bleed."
weapons,two_hand_sword,7884,"Infernal Master","Мастер Инферно",A,259,107,,,/weapon_inferno_master_i00.webp,"Bestows either Haste, Critical Damage, or Focus."
weapons,two_hand_sword,81,"Dragon Slayer","Убийца Драконов",A,282,114,,,/weapon_dragon_slayer_i00.webp,"Bestows one of the following functions: Health, Critical Bleed or Critical Drain."
weapons,two_hand_sword,8679,"Sword of Ipos","Меч Ипоса",A,305,121,,,/weapon_sword_of_ipos_i00.webp,"Bestows Focus, Haste, or Health."
weapons,two_hand_sword,6372,"Heaven's Divider","Разделитель Небес",S,342,132,,,/weapon_heavens_divider_i00.webp,"Bestows one of the following functions: Haste, Health or Focus."
weapons,two_hand_sword,9443,"Dynasty Blade","Клинок Династии",S80,405,151,,,/weapon_dynasty_twohand_sword_i00.webp,"Bestows one of the following functions: Focus, Health, or Light."
weapons,two_hand_sword,10218,"Icarus Heavy Arms","Тяжелые Руки Икара",S80,442,163,,,/weapon_icarus_heavy_arms_i00.webp,"Bestows one of the following functions: Focus, Health or Light."
weapons,two_hand_sword,13458,"Vesper Slasher","Эспадон Венеры",S84,482,176,,,/weapon_vesper_slasher_i00.webp,"It can bestow one of the following functions: Haste, Focus, or Health."
weapons,bow,13,"Short Bow","Короткий Лук",NG,16,6,,,/weapon_short_bow_i00.webp,"No description for this item"
weapons,bow,14,"Bow","Лук",NG,23,9,,,/weapon_bow_i00.webp,"No description for this item"
weapons,bow,271,"Hunting Bow","Охотничий Лук",NG,34,12,,,/weapon_hunting_bow_i00.webp,"No description for this item"
weapons,bow,3028,"Crescent Moon Bow","Лук Полумесяца",NG,34,12,,,/weapon_short_bow_i00.webp,"Use this bow to deliver the final blow to Commander Kadesh."
weapons,bow,1181,"Neti's Bow","Лук Нети",NG,45,16,,,/weapon_bow_i00.webp,"A favorite bow used by Neti, who was once a Treasure Hunter. Use it when hunting the skeletons and spartoi of the Ruins of Agony to gather bone pieces."
weapons,bow,272,"Forest Bow","Лесной Лук",NG,49,17,,,/weapon_short_bow_i00.webp,"No description for this item"
weapons,bow,273,"Composition Bow","Композитный Лук",NG,64,21,,,/weapon_composition_bow_i00.webp,"No description for this item"
weapons,bow,274,"Strengthened Bow","Усиленный Лук",D,82,26,,,/weapon_strengthening_bow_i00.webp,"No description for this item"
weapons,bow,276,"Elven Bow","Эльфийский Лук",D,105,32,,,/weapon_elven_bow_i00.webp,"No description for this item"
weapons,bow,277,"Dark Elven Bow","Лук Темных Эльфов",D,105,32,,,/weapon_dark_elven_bow_i00.webp,"No description for this item"
weapons,bow,275,"Long Bow","Длинный Лук",D,114,35,,,/weapon_long_bow_i00.webp,"No description for this item"
weapons,bow,278,"Gastraphetes","Гастрафет",D,132,39,,,/weapon_gastraphetes_i00.webp,"No description for this item"
weapons,bow,279,"Strengthened Long Bow","Усиленный Длинный Лук",D,179,51,,,/weapon_strengthening_long_bow_i00.webp,"No description for this item"
weapons,bow,280,"Light Crossbow","Легкий Лук",D,191,54,,,/weapon_cyclone_bow_i00.webp,"No description for this item"
weapons,bow,281,"Crystallized Ice Bow","Ледяной Лук",C,220,61,,,/weapon_crystallized_ice_bow_i00.webp,"Bestows one of the following functions: Guidance, Evasion, or Quick Recovery."
weapons,bow,285,"Noble Elven Bow","Элитный Эльфийский Лук",C,252,68,,,/weapon_noble_elven_bow_i00.webp,"Bestows either Evasion, Miser or Cheap Shot."
weapons,bow,282,"Elemental Bow","Лук Стихии",C,277,75,,,/weapon_elemental_bow_i00.webp,"Bestows either Guidance, Miser or Quick Recovery."
weapons,bow,283,"Akat Long Bow","Длинный Лук Аката",C,316,84,,,/weapon_akat_long_bow_i00.webp,"Bestows either Guidance, Evasion or Miser."
weapons,bow,286,"Eminence Bow","Лук Превосходства",C,323,83,,,/weapon_eminence_bow_i00.webp,"Bestows either Guidance, Miser or Cheap Shot."
weapons,bow,284,"Dark Elven Long Bow","Длинный Лук Темных Эльфов",B,397,100,,,/weapon_dark_elven_long_bow_i00.webp,"Bestows either Evasion, Critical Bleed or Miser."
weapons,bow,287,"Bow of Peril","Лук Угрозы",B,400,99,,,/weapon_hazard_bow_i00.webp,"Bestows either Guidance, Quick Recovery or Cheap Shot."
weapons,bow,288,"Carnage Bow","Кровавый Лук",A,440,107,,,/weapon_carnium_bow_i00.webp,"Bestows either Light, Critical Bleed, or Mana Up."
weapons,bow,289,"Soul Bow","Пронзатель Душ",A,528,125,,,/weapon_soul_bow_i00.webp,"Bestows one of the following functions: Cheap Shot, Quick Recovery, or Critical Poison."
weapons,bow,8684,"Shyeed's Bow","Лук Шиид",A,570,133,,,/weapon_shyid_bow_i00.webp,"Bestows Cheap Shot, Focus, or Quick Recovery."
weapons,bow,7575,"Draconic Bow","Лук Дракона",S,581,132,,,/weapon_draconic_bow_i00.webp,"It can bestow one of the following functions: Cheap Shot, Focus, or Critical Slow."
weapons,bow,9445,"Dynasty Bow","Лук Династии",S80,654,151,,,/weapon_dynasty_bow_i00.webp,"Bestows one of the following functions: Cheap Shot, Guidance, or Focus."
weapons,bow,10223,"Icarus Spitter","Лук Икара",S80,689,163,,,/weapon_icarus_spiter_i00.webp,"Bestows one of the following functions: Cheap Shot, Guidance or Focus."
weapons,bow,13467,"Vesper Thrower","Бросок Венеры",S84,724,176,,,/weapon_vesper_thrower_i00.webp,"It can bestow one of the following functions: Cheap Shot, Critical Slow, or Focus."
weapons,blunt,2370,"Guild Member's Club","Дубина Гильдии",NG,6,5,,,/weapon_club_i00.webp,"No description for this item"
weapons,blunt,4,"Club","Дубина",NG,8,6,,,/weapon_club_i00.webp,"No description for this item"
weapons,blunt,152,"Heavy Chisel","Тяжелое Зубило",NG,10,8,,,/weapon_heavy_chisel_i00.webp,"No description for this item"
weapons,blunt,5,"Mace","Булава",NG,11,9,,,/weapon_mace_i00.webp,"No description for this item"
weapons,blunt,153,"Sickle","Серп",NG,12,9,,,/weapon_sickle_i00.webp,"No description for this item"
weapons,blunt,1511,"Silversmith Hammer","Молот Кузнеца",NG,13,10,,,/weapon_iron_hammer_i00.webp,"A hammer silversmiths of the ancient Elmoreden used."
weapons,blunt,154,"Dwarven Mace","Булава Гномов",NG,17,12,,,/weapon_dwarven_mace_i00.webp,"No description for this item"
weapons,blunt,2501,"Bone Club","Костяная Дубина",NG,24,17,,,/weapon_club_i00.webp,"No description for this item"
weapons,blunt,87,"Iron Hammer","Железный Молот",NG,31,21,,,/weapon_iron_hammer_i00.webp,"No description for this item"
weapons,blunt,155,"Buzdygan","Палица",NG,31,21,,,/weapon_buzdygan_i00.webp,"No description for this item"
weapons,blunt,156,"Hand Axe","Тесак",D,40,26,,,/weapon_hand_axe_i00.webp,"No description for this item"
weapons,blunt,166,"Heavy Mace","Тяжелая Булава",D,40,26,,,/weapon_heavy_mace_i00.webp,"No description for this item"
weapons,blunt,167,"Scalpel","Кирка",D,40,26,,,/weapon_scalpel_i00.webp,"No description for this item"
weapons,blunt,168,"Work Hammer","Кузнечный Молот",D,40,26,,,/weapon_work_hammer_i00.webp,"No description for this item"
weapons,blunt,86,"Tomahawk","Томагавк",D,51,32,,,/weapon_tomahawk_i00.webp,"No description for this item"
weapons,blunt,157,"Spiked Club","Шипованная Дубина",D,64,39,,,/weapon_spike_club_i00.webp,"No description for this item"
weapons,blunt,88,"Morning Star","Моргенштерн",D,79,47,,,/weapon_morning_star_i00.webp,"No description for this item"
weapons,blunt,158,"Tarbar","Тарбар",D,79,47,,,/weapon_tarbar_i00.webp,"No description for this item"
weapons,blunt,169,"Skull Breaker","Череполом",D,79,47,,,/weapon_skull_breaker_i00.webp,"No description for this item"
weapons,blunt,172,"Heavy Bone Club","Тяжелая Костяная Дубина",D,79,47,,,/weapon_heavy_bone_club_i00.webp,"No description for this item"
weapons,blunt,159,"Bonebreaker","Костолом",D,92,54,,,/weapon_bonebreaker_i00.webp,"No description for this item"
weapons,blunt,89,"Big Hammer","Большой Молот",C,107,61,,,/weapon_big_hammer_i00.webp,"Bestows either Health, Rsk. Focus or Haste."
weapons,blunt,160,"Battle Axe","Боевой Топор",C,107,61,,,/weapon_battle_axe_i00.webp,"Bestows either Anger, Rsk. Focus or Haste."
weapons,blunt,161,"Silver Axe","Серебряный Топор",C,107,61,,,/weapon_war_pick_i00.webp,"Bestows either Anger, Rsk. Focus or Haste."
weapons,blunt,173,"Skull Graver","Череподав",C,107,61,,,/weapon_skull_graver_i00.webp,"Bestows one of the following functions: Anger, Health, or Rsk. Focus."
weapons,blunt,2502,"Dwarven War Hammer","Боевой Молот Гномов",C,122,68,,,/weapon_dwarven_warhammer_i00.webp,"Bestows either Anger, Health or Haste."
weapons,blunt,162,"War Axe","Топор Войны",C,139,76,,,/weapon_war_axe_i00.webp,"Bestows either Anger, Health or Haste."
weapons,blunt,2503,"Yaksa Mace","Булава Якса",C,156,83,,,/weapon_yaksa_mace_i00.webp,"Bestows one of the following functions: Anger, Health, or Rsk. Focus."
weapons,blunt,91,"Heavy War Axe","Тяжелый Топор Войны",B,175,91,,,/weapon_heavy_war_axe_i00.webp,"Bestows either Anger, Health, or Rsk. Focus."
weapons,blunt,175,"Art of Battle Axe","Топор Искусства Войны",B,194,99,,,/weapon_art_of_battle_axe_i00.webp,"Bestows either Health, Rsk. Focus or Haste."
weapons,blunt,2504,"Meteor Shower","Метеоритный Дождь",A,213,107,,,/weapon_meteor_shower_i00.webp,"Bestows one of the following functions: Focus, Critical Bleed, or Rsk. Haste."
weapons,blunt,164,"Elysian","Элизиум",A,232,114,,,/weapon_elysian_i00.webp,"Bestows one of the following functions: Health, Anger, or a Critical Drain."
weapons,blunt,8680,"Barakiel's Axe","Топор Баракиэля",A,251,121,,,/weapon_barakiel_axe_i00.webp,"Bestows Health, Haste, or Focus."
weapons,blunt,6365,"Basalt Battlehammer","Базальтовый Боевой Молот",S,281,132,,,/weapon_basalt_battlehammer_i00.webp,"Bestows one of the following functions: HP Drain, Health or HP Regeneration."
weapons,blunt,9448,"Dynasty Cudgel","Дубина Династии",S80,333,151,,,/weapon_dynasty_hammer_i00.webp,"Bestows one of the following functions: Anger, Health, or Rsk. Focus."
weapons,blunt,10220,"Icarus Hammer","Молот Икара",S80,363,163,,,/weapon_icarus_hammer_i00.webp,"Bestows one of the following functions: Anger, Health or Rsk. Focus."
weapons,blunt,13463,"Vesper Avenger","Мститель Венеры",S84,396,176,,,/weapon_vesper_avenger_i00.webp,"It can bestow one of the following functions: HP Regeneration, HP Drain, or Health."
weapons,two_hand_blunt,7896,"Titan Hammer","Молот Титанов",D,96,47,,,/weapon_giants_hammer_i00.webp,"No description for this item"
weapons,two_hand_blunt,7898,"Karik Horn","Рог Карика",C,169,76,,,/weapon_horn_of_karik_i00.webp,"Bestows either Focus, Haste, or Critical Drain."
weapons,two_hand_blunt,7897,"Dwarven Hammer","Молот Гномов",C,190,83,,,/weapon_dwarven_hammer_i00.webp,"Bestows either Health, Anger, or Critical Bleed."
weapons,two_hand_blunt,7900,"Ice Storm Hammer","Молот Ледяной Бури",B,213,91,,,/weapon_ice_storm_hammer_i00.webp,"Bestows either Focus, Anger, or Critical Bleed."
weapons,two_hand_blunt,7901,"Star Buster","Звезда Боли",B,236,99,,,/weapon_star_buster_i00.webp,"Bestows either Health, Haste, or Rsk. Focus."
weapons,two_hand_blunt,7899,"Destroyer Hammer","Молот Разрушителя",A,259,107,,,/weapon_hammer_of_destroyer_i00.webp,"Bestows either Health, Haste, or Critical Drain."
weapons,two_hand_blunt,7902,"Doom Crusher","Крушитель Рока",A,282,114,,,/weapon_doom_crusher_i00.webp,"Bestows one of the following functions: Health, Anger or Rsk. Haste."
weapons,two_hand_blunt,8681,"Behemoth's Tuning Fork","Трезубец Чудовища",A,305,121,,,/weapon_tuning_fork_of_behemoth_i00.webp,"Bestows Focus, Health, or Anger."
weapons,two_hand_blunt,6369,"Dragon Hunter Axe","Топор Охотника на Драконов",S,342,132,,,/weapon_dragon_hunter_axe_i00.webp,"Bestows one of the following functions: HP Regeneration, Health or HP Drain."
weapons,two_hand_blunt,10253,"Dynasty Crusher","Крушитель Династии",S80,405,151,,,/weapon_dynasty_crusher_i00.webp,"Bestows one of the following functions: Anger, Health or Rsk. Focus."
weapons,two_hand_blunt,13464,"Vesper Retributer","Возмездие Венеры",S84,482,176,,,/weapon_vesper_retributer_i00.webp,"It can bestow one of the following functions: HP Regeneration, HP Drain, or Health."
weapons,spear,15,"Short Spear","Короткое Копье",NG,24,17,,,/weapon_short_spear_i00.webp,"No description for this item"
weapons,spear,3026,"Talins Spear","Копье Талина",NG,24,17,,,/weapon_short_spear_i00.webp,"Use this spear to deliver the final blow to Eva's unicorn."
weapons,spear,16,"Long Spear","Копье",NG,31,21,,,/weapon_long_spear_i00.webp,"No description for this item"
weapons,spear,291,"Trident","Трезубец",D,40,26,,,/weapon_trident_i00.webp,"No description for this item"
weapons,spear,292,"Pike","Гизарма",D,51,32,,,/weapon_pike_i00.webp,"No description for this item"
weapons,spear,295,"Dwarven Trident","Трезубец Гномов",D,51,32,,,/weapon_dwarven_trident_i00.webp,"No description for this item"
weapons,spear,293,"War Hammer","Молот Войны",D,64,39,,,/weapon_war_hammer_i00.webp,"No description for this item"
weapons,spear,296,"Dwarven Pike","Гизарма Гномов",D,64,39,,,/weapon_dwarven_pike_i00.webp,"No description for this item"
weapons,spear,93,"Winged Spear","Крылатое Копье",D,79,47,,,/weapon_winged_spear_i00.webp,"No description for this item"
weapons,spear,294,"War Pick","Молот Смерти",D,79,47,,,/weapon_hammer_in_flames_i00.webp,"No description for this item"
weapons,spear,297,"Glaive","Глефа",D,92,54,,,/weapon_glaive_i00.webp,"No description for this item"
weapons,spear,96,"Scythe","Боевая Коса",C,107,61,,,/weapon_scythe_i00.webp,"Bestows either Anger, Critical Stun or Light."
weapons,spear,298,"Orcish Glaive","Глефа Орков",C,107,61,,,/weapon_orcish_glaive_i00.webp,"Bestows either Anger, Critical Stun or Towering Blow."
weapons,spear,302,"Body Slasher","Кромсатель",C,107,61,,,/weapon_body_slasher_i00.webp,"Bestows either Critical Stun, Towering Blow or Wide Blow."
weapons,spear,94,"Bec de Corbin","Бердыш",C,122,68,,,/weapon_bech_de_corbin_i00.webp,"Bestows either Critical Stun, Towering Blow or Light."
weapons,spear,95,"Poleaxe","Секира",C,139,76,,,/weapon_poleaxe_i00.webp,"Bestows one of the following functions: Wide Blow, Towering Blow or Critical Stun."
weapons,spear,301,"Scorpion","Скорпион",C,144,78,,,/weapon_scorpion_i00.webp,"Bestows either Anger, Critical Stun or Wide Blow."
weapons,spear,303,"Widow Maker","Селекционер",C,144,78,,,/weapon_widow_maker_i00.webp,"Bestows either Critical Stun, Towering Blow or Wide Blow."
weapons,spear,299,"Orcish Poleaxe","Секира Орков",C,156,83,,,/weapon_orcish_poleaxe_i00.webp,"Bestows either Critical Stun, Towering Blow or Wide Blow."
weapons,spear,300,"Great Axe","Двуручный Топор",B,175,91,,,/weapon_great_axe_i00.webp,"Bestows either Anger, Critical Stun or Light."
weapons,spear,97,"Lance","Пика",B,194,99,,,/weapon_lancia_i00.webp,"Bestows either Anger, Critical Stun or Towering Blow."
weapons,spear,98,"Halberd","Алебарда",A,213,107,,,/weapon_halbard_i00.webp,"Bestows one of the following functions: Haste, Critical Stun or Wide Blow."
weapons,spear,305,"Tallum Glaive","Глефа Таллума",A,232,114,,,/weapon_tallum_glaive_i00.webp,"Bestows one of the following functions: Guidance, Health, or Wide Blow."
weapons,spear,8683,"Tiphon's Spear","Копье Тифона",A,251,121,,,/weapon_tiphon_spear_i00.webp,"Bestows either Critical Stun, Towering Blow or Wide Blow."
weapons,spear,6370,"Saint Spear","Святое Копье",S,281,132,,,/weapon_saint_spear_i00.webp,"Bestows one of the following functions: Health, Guidance or Haste."
weapons,spear,9447,"Dynasty Halberd","Алебарда Династии",S80,333,151,,,/weapon_dynasty_spear_i00.webp,"Bestows one of the following functions: Anger, Critical Stun, or Light."
weapons,spear,10219,"Icarus Trident","Трезубец Икара",S80,363,163,,,/weapon_icarus_trident_i00.webp,"Bestows one of the following functions: Anger, Critical Stun or Light."
weapons,spear,13462,"Vesper Stormer","Буревестник Венеры",S84,396,176,,,/weapon_vesper_stormer_i00.webp,"It can bestow one of the following functions: Health, Guidance, or Haste."
weapons,fist,2368,"Training Gloves","Тренировочный Кастет",NG,7,5,,,/weapon_training_gloves_i00.webp,"No description for this item"
weapons,fist,253,"Spiked Gloves","Шипованные Перчатки",NG,10,6,,,/weapon_spike_glove_i00.webp,"No description for this item"
weapons,fist,254,"Iron Gloves","Железные Перчатки",NG,13,9,,,/weapon_iron_glove_i00.webp,"No description for this item"
weapons,fist,2371,"Fist of Butcher","Кастет Мясника",NG,16,10,,,/weapon_iron_glove_i00.webp,"No description for this item"
weapons,fist,255,"Fox Claw Gloves","Кастет Лисы",NG,21,12,,,/weapon_foxs_nail_i00.webp,"No description for this item"
weapons,fist,256,"Cestus","Цестус",NG,29,17,,,/weapon_vipers_canine_i00.webp,"No description for this item"
weapons,fist,257,"Viper's Fang","Клык Гадюки",NG,38,21,,,/weapon_vipers_canine_i00.webp,"No description for this item"
weapons,fist,258,"Bagh-Nakh","Коготь Тигра",D,49,26,,,/weapon_baghnakh_i00.webp,"No description for this item"
weapons,fist,259,"Single-Edged Jamadhr","Джамадхар",D,62,32,,,/weapon_single-edged_jamadhr_i00.webp,"No description for this item"
weapons,fist,260,"Triple-Edged Jamadhr","Трехгранный Джамадхар",D,78,39,,,/weapon_triple-edged_jamadhr_i00.webp,"No description for this item"
weapons,fist,261,"Bich'Hwa","Бичхва",D,96,47,,,/weapon_bichhwa_i00.webp,"No description for this item"
weapons,fist,262,"Scallop Jamadhr","Шипованный Джамадхар",D,112,54,,,/weapon_scallop_jamadhr_i00.webp,"No description for this item"
weapons,fist,263,"Chakram","Чакра",C,130,61,,,/weapon_chakram_i00.webp,"Bestows either Critical Drain, Critical Poison or Rsk. Haste."
weapons,fist,4233,"Knuckle Duster","Кастет",C,148,68,,,/weapon_knuckle_dust_i00.webp,"Bestows one of the following functions, Rsk. Evasion, Rsk. Haste or Haste."
weapons,fist,265,"Fisted Blade","Кастетные Клинки",C,169,76,,,/weapon_fist_blade_i00.webp,"Bestows one of the following functions: Rsk. Evasion, Rsk. Haste or Haste."
weapons,fist,266,"Great Pata","Большая Пата",C,190,83,,,/weapon_great_pata_i00.webp,"Bestows either Critical Drain, Critical Poison or Rsk. Haste."
weapons,fist,267,"Arthro Nail","Коготь Артро",B,213,91,,,/weapon_arthro_nail_i00.webp,"Bestows either Critical Poison, Rsk. Evasion or Rsk. Haste."
weapons,fist,268,"Bellion Cestus","Цестус Беллиона",B,236,99,,,/weapon_bellion_cestus_i00.webp,"Bestows either Critical Drain, Critical Poison or Rsk. Haste."
weapons,fist,269,"Blood Tornado","Кровавое Торнадо",A,259,107,,,/weapon_blood_tornado_i00.webp,"Bestows one of the following functions: Haste, Focus, or Anger."
weapons,fist,270,"Dragon Grinder","Погибель Дракона",A,282,114,,,/weapon_dragon_grinder_i00.webp,"Bestows one of the following functions: Rsk. Evasion, Guidance, or Health."
weapons,fist,8685,"Sobekk's Hurricane","Ураган Собекка",A,305,121,,,/weapon_sobekk_hurricane_i00.webp,"Bestows Rsk. Haste, Haste, or Critical Drain."
weapons,fist,6371,"Demon Splinter","Демон Одиночка",S,342,132,,,/weapon_demon_splinter_i00.webp,"Bestows one of the following functions: Focus, Health or Crt. Stun."
weapons,fist,9450,"Dynasty Bagh-Nakh","Коготь Тигра Династии",S80,405,151,,,/weapon_dynasty_jamadhr_i00.webp,"Bestows one of the following functions: Rsk. Evasion, Focus, or Haste."
weapons,fist,10221,"Icarus Hand","Рука Икара",S80,442,163,,,/weapon_icarus_knuckle_i00.webp,"Bestows one of the following functions: Rsk. Evasion, Focus, or Haste."
weapons,fist,13461,"Vesper Fighter","Воитель Венеры",S84,482,176,,,/weapon_vesper_fighter_i00.webp,"It can bestow one of the following functions: Focus, Health, or Critical Stun."
weapons,one_hand_magic,6,"Apprentice's Wand","Скипетр Новичка",NG,5,7,,,/weapon_apprentices_wand_i00.webp,"No description for this item"
weapons,one_hand_magic,7,"Apprentice's Rod","Жезл Новичка",NG,6,8,,,/weapon_apprentices_rod_i00.webp,"No description for this item"
weapons,one_hand_magic,308,"Buffalo's Horn","Рог Буйвола",NG,6,8,,,/weapon_buffalo_horn_i00.webp,"No description for this item"
weapons,one_hand_magic,99,"Apprentice's Spellbook","Книга Ученика",NG,9,12,,,/weapon_apprentices_spellbook_i00.webp,"No description for this item"
weapons,one_hand_magic,748,"Gallint's Oak Wand","Посох Галлинта",NG,10,10,,,/weapon_club_i00.webp,"An oak wand enchanted by Gallint's spell. This will capture and seal the spirit of mirrors."
weapons,one_hand_magic,747,"Wand of Adept","Скипетр Адепта",NG,11,13,,,/weapon_apprentices_wand_i00.webp,"The wand presented to those who have finished their studies at the school of magic."
weapons,one_hand_magic,310,"Relic of The Saints","Реликвия Святых",NG,19,22,,,/weapon_apprentices_spellbook_i00.webp,"No description for this item"
weapons,one_hand_magic,309,"Tears of Eva","Слезы Евы",NG,19,22,,,/weapon_tears_of_eva_i00.webp,"No description for this item"
weapons,one_hand_magic,100,"Voodoo Doll","Кукла Вуду",NG,25,28,,,/weapon_voodoo_doll_i00.webp,"No description for this item"
weapons,one_hand_magic,311,"Crucifix of Blessing","Благословляющее Распятие",NG,25,28,,,/weapon_crucifix_of_blessing_i00.webp,"No description for this item"
weapons,one_hand_magic,313,"Temptation of Abyss","Искушение Бездны",D,32,35,,,/weapon_temptation_of_abyss_i00.webp,"No description for this item"
weapons,one_hand_magic,314,"Proof of Revenge","Доказательство Возмездия",D,32,35,,,/weapon_proof_of_revenge_i00.webp,"No description for this item"
weapons,one_hand_magic,7885,"Priest Sword","Меч Жреца",D,32,35,,,/weapon_sword_of_priest_i00.webp,"No description for this item"
weapons,one_hand_magic,312,"Branch of Life","Ветвь Жизни",D,32,35,,,/weapon_branch_of_life_i00.webp,"No description for this item"
weapons,one_hand_magic,101,"Scroll of Wisdom","Свиток Мудрости",D,32,35,,,/weapon_scroll_of_wisdom_i00.webp,"No description for this item"
weapons,one_hand_magic,180,"Mace of Judgment","Булава Правосудия",D,41,43,,,/weapon_mace_of_judgment_i00.webp,"No description for this item"
weapons,one_hand_magic,181,"Mace of Miracle","Булава Мага",D,41,43,,,/weapon_mace_of_miracle_i00.webp,"No description for this item"
weapons,one_hand_magic,182,"Doom Hammer","Молот Рока",D,41,43,,,/weapon_doom_hammer_i00.webp,"No description for this item"
weapons,one_hand_magic,315,"Divine Tome","Божественный Жезл",D,41,43,,,/weapon_divine_tome_i00.webp,"No description for this item"
weapons,one_hand_magic,179,"Mace of Prayer","Булава Послушника",D,41,43,,,/weapon_mace_of_prayer_i00.webp,"No description for this item"
weapons,one_hand_magic,144,"Sword of Occult","Меч Оккультиста",D,43,45,,,/weapon_sword_of_occult_i00.webp,"No description for this item"
weapons,one_hand_magic,143,"Sword of Mystic","Меч Мистика",D,43,45,,,/weapon_sword_of_mystic_i00.webp,"No description for this item"
weapons,one_hand_magic,83,"Sword of Magic","Меч Магии",D,43,45,,,/weapon_sword_of_magic_i00.webp,"No description for this item"
weapons,one_hand_magic,238,"Dagger of Mana","Кинжал Маны",D,45,52,,,/weapon_dagger_of_mana_i00.webp,"No description for this item"
weapons,one_hand_magic,239,"Mystic Knife","Нож Мистика",D,45,52,,,/weapon_mystic_knife_i00.webp,"No description for this item"
weapons,one_hand_magic,240,"Conjurer's Knife","Нож Заклинателя",D,45,52,,,/weapon_conjure_knife_i00.webp,"No description for this item"
weapons,one_hand_magic,241,"Shilen Knife","Нож Шилен",D,45,52,,,/weapon_knife_o_silenus_i00.webp,"No description for this item"
weapons,one_hand_magic,317,"Tome of Blood","Книга Крови",D,51,52,,,/weapon_tome_of_blood_i00.webp,"No description for this item"
weapons,one_hand_magic,316,"Blood of Saints","Кровь Святых",D,51,52,,,/weapon_blood_of_saints_i00.webp,"No description for this item"
weapons,one_hand_magic,318,"Crucifix of Blood","Кровавое Распятие",D,63,63,,,/weapon_crucifix_of_blood_i00.webp,"No description for this item"
weapons,one_hand_magic,7886,"Sword of Magic Fog","Меч Магического Тумана",D,63,63,,,/weapon_sword_of_magic_fog_i00.webp,"No description for this item"
weapons,one_hand_magic,7890,"Priest Mace","Булава Жреца",D,63,63,,,/weapon_mace_of_priest_i00.webp,"No description for this item"
weapons,one_hand_magic,321,"Demon Fangs","Клыки Демона",D,67,66,,,/weapon_demon_fangs_i00.webp,"No description for this item"
weapons,one_hand_magic,189,"Staff of Life","Посох Жизни",D,74,72,,,/weapon_life_stick_i00.webp,"No description for this item"
weapons,one_hand_magic,193,"Stick of Faith","Жезл Веры",C,85,81,,,/weapon_stick_of_faith_i00.webp,"Bestows one of the following functions: Mana Up, Magic Hold or Mental Shield."
weapons,one_hand_magic,7887,"Mysterious Sword","Мистический Меч",C,85,81,,,/weapon_mystery_sword_i00.webp,"Bestows either Acumen, Magic Power, or Magic Weakness."
weapons,one_hand_magic,242,"Soulfire Dirk","Кортик Духовного Пламени",C,86,91,,,/weapon_dagger_of_magicflame_i00.webp,"Bestows one of the following functions: Magic Hold, Magic Silence or Mana Up."
weapons,one_hand_magic,84,"Homunkulus's Sword","Меч Гомункула",C,111,101,,,/weapon_homunkuluss_sword_i00.webp,"Bestows one of the following functions: Acumen, Conversion or Paralyze."
weapons,one_hand_magic,145,"Sword of Whispering Death","Меч Шепчущей Смерти",C,111,101,,,/weapon_deathbreath_sword_i00.webp,"Bestows one of the following functions: Empower, M. Atk. or Magic Silence."
weapons,one_hand_magic,196,"Stick of Eternity","Жезл Избавления",C,111,101,,,/weapon_stick_of_eternity_i00.webp,"Bestows one of the following functions: Empower, Rsk., Evasion, or Blessed Body."
weapons,one_hand_magic,201,"Club of Nature","Дубина Природы",C,111,101,,,/weapon_club_of_nature_i00.webp,"Bestows one of the following functions: Magic Mental Shield, Magic Hold or Acumen."
weapons,one_hand_magic,202,"Mace of The Underworld","Булава Преисподней",C,111,101,,,/weapon_mace_of_underworld_i00.webp,"Bestows one of the following functions: Mana Up, Magic Silence or Conversion."
weapons,one_hand_magic,174,"Nirvana Axe","Топор Нирваны",C,111,101,,,/weapon_nirvana_axe_i00.webp,"Bestows one of the following functions: Magic Poison, Magic Power or Magic Weakness."
weapons,one_hand_magic,7891,"Ecliptic Axe","Топор Затмения",C,125,111,,,/weapon_eclipse_axe_i00.webp,"Bestows one of the following functions:  Conversion, Magic Power or Magic Hold."
weapons,one_hand_magic,7888,"Ecliptic Sword","Меч Затмения",C,125,111,,,/weapon_sword_of_eclipse_i00.webp,"Bestows either Empower, Magic Power, or Magic Silence."
weapons,one_hand_magic,243,"Hell Knife","Нож Ада",B,122,122,,,/weapon_hell_knife_i00.webp,"Bestows one of the following functions: Mental Shield, Magic Weakness or Magic Regeneration."
weapons,one_hand_magic,148,"Sword of Valhalla","Меч Вальхаллы",B,140,122,,,/weapon_sword_of_valhalla_i00.webp,"Bestows one of the following functions: Acumen, Magic Weakness or Magic Regeneration."
weapons,one_hand_magic,7892,"Spell Breaker","Рассеиватель Заклинания",B,140,122,,,/weapon_spell_breaker_i00.webp,"Bestows either Acumen, Magic Mental Shield or Magic Hold."
weapons,one_hand_magic,7893,"Kaim Vanul's Bones","Кости Каим Ванула",B,155,132,,,/weapon_bone_of_kaim_vanul_i00.webp,"Bestows either Mana Up, Magic Silence, or Conversion."
weapons,one_hand_magic,7889,"Wizard's Tear","Слезы Чародея",B,155,132,,,/weapon_tears_of_wizard_i00.webp,"Bestows either Acumen, Magic Power, or Conversion."
weapons,one_hand_magic,150,"Elemental Sword","Меч Стихий",A,170,143,,,/weapon_elemental_sword_i00.webp,"Bestows one of the following functions: Magic Power, Magic Paralyze or Empower."
weapons,one_hand_magic,7894,"Spiritual Eye","Глаз Духа",A,170,143,,,/weapon_eye_of_soul_i00.webp,"Bestows either Mana Up, Magic Poison, or Acumen."
weapons,one_hand_magic,151,"Sword of Miracles","Легендарный Меч",A,186,152,,,/weapon_sword_of_miracle_i00.webp,"Bestows one of the following functions: Magic Power, Magic Silence or Acumen."
weapons,one_hand_magic,7895,"Flaming Dragon Skull","Пылающий Череп Дракона",A,186,152,,,/weapon_dragon_flame_head_i00.webp,"Bestows one of the following functions: Acumen, Magic Power or Magic Silence."
weapons,one_hand_magic,8686,"Themis' Tongue","Язык Темиса",A,202,161,,,/weapon_tongue_of_themis_i00.webp,"Bestows Mana Up, Magic Mental Shield, or Magic Focus."
weapons,one_hand_magic,8687,"Cabrio's Hand","Рука Кабрио",A,202,161,,,/weapon_hand_of_cabrio_i00.webp,"Bestows Conversion, Mana Up, or Magic Silence."
weapons,one_hand_magic,6579,"Arcana Mace","Посох Тайн",S,225,175,,,/weapon_arcana_mace_i00.webp,"Bestows one of the following functions: Acumen, MP Regeneration or Mana Up."
weapons,one_hand_magic,9449,"Dynasty Mace","Булава Династии",S80,267,202,,,/weapon_dynasty_staff_i00.webp,"Bestows one of the following functions: Mana Up, Conversion, or Acumen."
weapons,one_hand_magic,9444,"Dynasty Phantom","Фантом Династии",S80,267,202,,,/weapon_dynasty_magic_sword_i00.webp,"Bestows one of the following functions: Acumen, Mana Up, or Conversion."
weapons,one_hand_magic,10222,"Icarus Hall","Холл Икара",S80,290,217,,,/weapon_icarus_stick_i00.webp,"It can bestow one of the follow three functions, Mana Up, Conversion or Acumen."
weapons,one_hand_magic,10217,"Icarus Spirit","Дух Икара",S80,290,217,,,/weapon_icarus_spirits_i00.webp,"Bestows one of the following functions: Acumen, Mana Up or Conversion."
weapons,one_hand_magic,13459,"Vesper Buster","Расчленитель Венеры",S84,317,234,,,/weapon_vesper_burster_i00.webp,"It can bestow one of the following functions: Acumen, Mana Up, or Magic Hold."
weapons,one_hand_magic,13465,"Vesper Caster","Заклинатель Венеры",S84,317,234,,,/weapon_vesper_caster_i00.webp,"It can bestow one of the following functions: Acumen, MP Regeneration, or Mana Up."
weapons,two_hand_magic,8,"Willow Staff","Ивовый Посох",NG,11,12,,,/weapon_willow_staff_i00.webp,"No description for this item"
weapons,two_hand_magic,744,"Staff of Sentinel","Посох Стража",NG,13,14,,,/weapon_cedar_staff_i00.webp,"A staff issued to those magicians that have been acknowledged as protectors of the woods."
weapons,two_hand_magic,754,"Red Sunset Staff","Посох Багрового Заката",NG,13,13,,,/weapon_cedar_staff_i00.webp,"A staff used by warriors belonging to the Red Sunset clan."
weapons,two_hand_magic,9,"Cedar Staff","Кедровый Посох",NG,16,16,,,/weapon_cedar_staff_i00.webp,"No description for this item"
weapons,two_hand_magic,176,"Journeyman's Staff","Посох Наемника",NG,23,22,,,/weapon_apprentices_staff_i00.webp,"No description for this item"
weapons,two_hand_magic,177,"Mage Staff","Магический Посох",NG,30,28,,,/weapon_apprentices_staff_i00.webp,"No description for this item"
weapons,two_hand_magic,178,"Bone Staff","Костяной Посох",D,39,35,,,/weapon_apprentices_staff_i00.webp,"No description for this item"
weapons,two_hand_magic,183,"Mystic Staff","Посох Мистика",D,50,43,,,/weapon_mystic_staff_i00.webp,"No description for this item"
weapons,two_hand_magic,184,"Conjuror's Staff","Посох Заклинателя",D,50,43,,,/weapon_conjure_staff_i00.webp,"No description for this item"
weapons,two_hand_magic,185,"Staff of Mana","Посох Маны",D,50,43,,,/weapon_staff_of_mana_i00.webp,"No description for this item"
weapons,two_hand_magic,186,"Staff of Magic","Посох Магии",D,62,52,,,/weapon_staff_of_magicpower_i00.webp,"No description for this item"
weapons,two_hand_magic,90,"Goat Head Staff","Рогатый Посох",D,77,63,,,/weapon_goathead_staff_i00.webp,"No description for this item"
weapons,two_hand_magic,187,"Atuba Hammer","Молот Атубы",D,90,72,,,/weapon_atuba_hammer_i00.webp,"No description for this item"
weapons,two_hand_magic,188,"Ghost Staff","Посох Призрака",D,90,72,,,/weapon_ghost_staff_i00.webp,"No description for this item"
weapons,two_hand_magic,190,"Atuba Mace","Булава Атубы",D,90,72,,,/weapon_atuba_mace_i00.webp,"No description for this item"
weapons,two_hand_magic,191,"Heavy Doom Hammer","Тяжелый Молот Рока",C,103,81,,,/weapon_heavy_doom_hammer_i00.webp,"Bestows either Regeneration, Mental Shield or Hold."
weapons,two_hand_magic,192,"Crystal Staff","Кристальный Посох",C,103,81,,,/weapon_crystal_staff_i00.webp,"Bestows either Rsk. Evasion, Mana Up, or Blessed Body."
weapons,two_hand_magic,194,"Heavy Doom Axe","Тяжелый Топор Рока",C,103,81,,,/weapon_heavy_doom_axe_i00.webp,"Bestows one of the following functions: Magic Poison, Magic Weakness, or Magic Chaos."
weapons,two_hand_magic,195,"Cursed Staff","Проклятый Посох",C,119,91,,,/weapon_cursed_staff_i00.webp,"Bestows one of the following functions: Magic Hold, Magic Poison, or Magic Weakness."
weapons,two_hand_magic,197,"Paradia Staff","Посох Парадии",C,135,101,,,/weapon_paradia_staff_i00.webp,"Bestows either Regeneration, Mental Shield or Hold."
weapons,two_hand_magic,198,"Inferno Staff","Посох Инферно",C,135,101,,,/weapon_inferno_staff_i00.webp,"Bestows one of the following functions: Magic Silence, Acumen or Magic Paralyze."
weapons,two_hand_magic,199,"Pa'agrian Hammer","Молот Паагрио",C,135,101,,,/weapon_paagrio_hammer_i00.webp,"Bestows one of the following functions: Rsk. Evasion, Magic Poison, or Magic Weakness."
weapons,two_hand_magic,200,"Sage's Staff","Посох Мудреца",C,135,101,,,/weapon_sages_staff_i00.webp,"Bestows one of the following functions: Magic Hold, Magic Poison, or Magic Weakness."
weapons,two_hand_magic,203,"Pa'agrian Axe","Топор Паагрио",C,141,104,,,/weapon_paagrio_axe_i00.webp,"Bestows one of the following functions: Mana Up, Magic Weakness, or Magic Chaos."
weapons,two_hand_magic,204,"Deadman's Staff","Посох Мертвеца",C,152,111,,,/weapon_deadmans_staff_i00.webp,"Bestows either Regeneration, Mental Shield or Hold."
weapons,two_hand_magic,205,"Ghoul's Staff","Посох Вурдалака",C,152,111,,,/weapon_ghouls_staff_i00.webp,"Bestows either Rsk. Evasion, Mana Up or Blessed Body."
weapons,two_hand_magic,206,"Demon's Staff","Посох Демона",C,152,111,,,/weapon_demons_staff_i00.webp,"Bestows one of the following functions: Magic Poison, Magic Weakness, or Magic Chaos."
weapons,two_hand_magic,210,"Staff of Evil Spirits","Посох Злых Духов",B,189,132,,,/weapon_staff_of_evil_sprit_i00.webp,"Bestows either Focus, Blessed Body or Poison."
weapons,two_hand_magic,212,"Dasparion's Staff","Посох Даспариона",A,207,143,,,/weapon_dasparions_staff_i00.webp,"Bestows one of the following functions: Mana Up, Conversion, or Acumen."
weapons,two_hand_magic,213,"Branch of The Mother Tree","Ветвь Древа Жизни",A,226,152,,,/weapon_worldtrees_branch_i00.webp,"Bestows one of the following functions: Conversion, Magic Damage, or Acumen."
weapons,two_hand_magic,8688,"Daimon Crystal","Кристалл Дэймона",A,245,161,,,/weapon_crystal_of_deamon_i00.webp,"Bestows Mana Up, Acumen, or Magic Mental Shield."
weapons,two_hand_magic,6366,"Imperial Staff","Имперский Посох",S,274,175,,,/weapon_imperial_staff_i00.webp,"Bestows one of the following functions: Empower, MP Regeneration or Magic Hold."
weapons,two_hand_magic,10252,"Dynasty Staff","Посох Династии",S80,325,222,,,/weapon_dynasty_twohand_staff_i00.webp,"Bestows one of the following functions: Acumen, Mana Up or Conversion."
weapons,two_hand_magic,13466,"Vesper Singer","Певец Венеры",S84,386,257,,,/weapon_vesper_singer_i00.webp,"It can bestow one of the following functions: Empower, MP Regeneration, or Magic Hold."
weapons,dual_swords,2516,"Saber*Saber","Сабля*Сабля",D,73,37,,,/weapon_dual_sword_i00.webp,""
weapons,dual_swords,2520,"Saber*Knight's Sword","Сабля*Меч Рыцаря",D,83,41,,,/weapon_dual_sword_i00.webp,""
weapons,dual_swords,2519,"Saber*Artisan's Sword","Сабля*Меч Ремесленника",D,83,41,,,/weapon_dual_sword_i00.webp,""
weapons,dual_swords,2518,"Saber*Spinebone Sword","Сабля*Хребетный Меч",D,83,41,,,/weapon_dual_sword_i00.webp,""
weapons,dual_swords,2517,"Saber*Bastard Sword","Сабля*Полуторный Меч",D,83,41,,,/weapon_dual_sword_i00.webp,""
weapons,dual_swords,2533,"Spinebone Sword*Spinebone Sword","Хребетный Меч*Хребетный Меч",D,96,47,,,/weapon_dual_sword_i00.webp,""
weapons,dual_swords,2526,"Bastard Sword*Spinebone Sword","Полуторный Меч*Хребетный Меч",D,96,47,,,/weapon_dual_sword_i00.webp,""
weapons,dual_swords,2525,"Bastard Sword*Bastard Sword","Полуторный Меч*Полуторный Меч",D,96,47,,,/weapon_dual_sword_i00.webp,""
weapons,dual_swords,2540,"Artisan's Sword*Artisan's Sword","Меч Ремесленника*Меч Ремесленника",D,96,47,,,/weapon_dual_sword_i00.webp,""
weapons,dual_swords,2528,"Bastard Sword*Knight's Sword","Полуторный Меч*Меч Рыцаря",D,96,47,,,/weapon_dual_sword_i00.webp,""
weapons,dual_swords,2535,"Spinebone Sword*Knight's Sword","Хребетный Меч*Меч Рыцаря",D,96,47,,,/weapon_dual_sword_i00.webp,""
weapons,dual_swords,2534,"Spinebone Sword*Artisan's Sword","Хребетный Меч*Меч Ремесленника",D,96,47,,,/weapon_dual_sword_i00.webp,""
weapons,dual_swords,2527,"Bastard Sword*Artisan's Sword","Полуторный Меч*Меч Ремесленника",D,96,47,,,/weapon_dual_sword_i00.webp,""
weapons,dual_swords,2521,"Saber*Crimson Sword","Сабля*Багровый Меч",D,96,47,,,/weapon_dual_sword_i00.webp,""
weapons,dual_swords,2541,"Artisan's Sword*Knight's Sword","Меч Ремесленника*Меч Рыцаря",D,96,47,,,/weapon_dual_sword_i00.webp,""
weapons,dual_swords,2522,"Saber*Elven Sword","Сабля*Меч Эльфов",D,96,47,,,/weapon_dual_sword_i00.webp,""
weapons,dual_swords,2546,"Knight's Sword*Knight's Sword","Меч Рыцаря*Меч Рыцаря",D,96,47,,,/weapon_dual_sword_i00.webp,""
weapons,dual_swords,2536,"Spinebone Sword*Crimson Sword","Хребетный Меч*Багровый Меч",D,107,51,,,/weapon_dual_sword_i00.webp,""
weapons,dual_swords,2542,"Artisan's Sword*Crimson Sword","Меч Ремесленника*Багровый Меч",D,107,51,,,/weapon_dual_sword_i00.webp,""
weapons,dual_swords,2547,"Knight's Sword*Crimson Sword","Меч Рыцаря*Багровый Меч",D,107,51,,,/weapon_dual_sword_i00.webp,""
weapons,dual_swords,2530,"Bastard Sword*Elven Sword","Полуторный Меч*Меч Эльфов",D,107,51,,,/weapon_dual_sword_i00.webp,""
weapons,dual_swords,2529,"Bastard Sword*Crimson Sword","Полуторный Меч*Багровый Меч",D,107,51,,,/weapon_dual_sword_i00.webp,""
weapons,dual_swords,2548,"Knight's Sword*Elven Sword","Меч Рыцаря*Меч Эльфов",D,107,51,,,/weapon_dual_sword_i00.webp,""
weapons,dual_swords,2543,"Artisan's Sword*Elven Sword","Меч Ремесленника*Меч Эльфов",D,107,51,,,/weapon_dual_sword_i00.webp,""
weapons,dual_swords,2537,"Spinebone Sword*Elven Sword","Хребетный Меч*Меч Эльфов",D,107,51,,,/weapon_dual_sword_i00.webp,""
weapons,dual_swords,2523,"Saber*Sword of Revolution","Сабля*Меч Революции",C,118,56,,,/weapon_dual_sword_i00.webp,""
weapons,dual_swords,2551,"Crimson Sword*Crimson Sword","Багровый Меч*Багровый Меч",C,118,56,,,/weapon_dual_sword_i00.webp,""
weapons,dual_swords,2552,"Crimson Sword*Elven Sword","Багровый Меч*Меч Эльфов",C,118,56,,,/weapon_dual_sword_i00.webp,""
weapons,dual_swords,2555,"Elven Sword*Elven Sword","Меч Эльфов*Меч Эльфов",C,118,56,,,/weapon_dual_sword_i00.webp," "
weapons,dual_swords,2531,"Bastard Sword*Sword of Revolution","Полуторный Меч*Меч Революции",C,124,58,,,/weapon_dual_sword_i00.webp,""
weapons,dual_swords,2549,"Knight's Sword*Sword of Revolution","Меч Рыцаря*Меч Революции",C,124,58,,,/weapon_dual_sword_i00.webp,""
weapons,dual_swords,2538,"Spinebone Sword*Sword of Revolution","Хребетный Меч*Меч Революции",C,124,58,,,/weapon_dual_sword_i00.webp,""
weapons,dual_swords,2544,"Artisan's Sword*Sword of Revolution","Меч Ремесленника*Меч Революции",C,124,58,,,/weapon_dual_sword_i00.webp,""
weapons,dual_swords,2524,"Saber*Elven Long Sword","Сабля*Длинный Меч Эльфов",C,130,61,,,/weapon_dual_sword_i00.webp,""
weapons,dual_swords,2532,"Bastard Sword*Elven Long Sword","Полуторный Меч*Длинный Меч Эльфов",C,136,63,,,/weapon_dual_sword_i00.webp,""
weapons,dual_swords,2550,"Knight's Sword*Elven Long Sword","Меч Рыцаря*Длинный Меч Эльфов",C,136,63,,,/weapon_dual_sword_i00.webp,""
weapons,dual_swords,2553,"Crimson Sword*Sword of Revolution","Багровый Меч*Меч Революции",C,136,63,,,/weapon_dual_sword_i00.webp,""
weapons,dual_swords,2556,"Elven Sword*Sword of Revolution","Меч Эльфов*Меч Революции",C,136,63,,,/weapon_dual_sword_i00.webp," "
weapons,dual_swords,2539,"Spinebone Sword*Elven Long Sword","Хребетный Меч*Длинный Меч Эльфов",C,136,63,,,/weapon_dual_sword_i00.webp,""
weapons,dual_swords,2545,"Artisan's Sword*Elven Long Sword","Меч Ремесленника*Длинный Меч Эльфов",C,136,63,,,/weapon_dual_sword_i00.webp,""
weapons,dual_swords,2554,"Crimson Sword*Elven Long Sword","Багровый Меч*Длинный Меч Эльфов",C,148,68,,,/weapon_dual_sword_i00.webp,"When enchanted, the P.Atk of a dualsword will increase more significantly than that of one-handed or fist weapon. When enchanted by 4 or more, its Accuracy will increase by 2."
weapons,dual_swords,2557,"Elven Sword*Elven Long Sword","Меч Эльфов*Длинный Меч Эльфов",C,148,68,,,/weapon_dual_sword_i00.webp,"When enchanted, the P.Atk of a dualsword will increase more significantly than that of one-handed or fist weapon. When enchanted by 4 or more, its P. Atk will increase by 61 during a critical attack."
weapons,dual_swords,2558,"Sword of Revolution*Sword of Revolution","Меч Революции*Меч Революции",C,148,68,,,/weapon_dual_sword_i00.webp,"When enchanted, the P.Atk of a dualsword will increase more significantly than that of one-handed or fist weapon. When enchanted by 4 or more, its maximum HP will increase by 25%."
weapons,dual_swords,2559,"Sword of Revolution*Elven Long Sword","Меч Революции*Длинный Меч Эльфов",C,155,70,,,/weapon_dual_sword_i00.webp,"When enchanted, the P.Atk of a dualsword will increase more significantly than that of one-handed or fist weapon. When enchanted by 4 or more, its Critical Attack will increase by 50."
weapons,dual_swords,2560,"Elven Long Sword*Elven Long Sword","Длинный Меч Эльфов*Длинный Меч Эльфов",C,162,73,,,/weapon_dual_sword_i00.webp,"When enchanted, the P.Atk of a dualsword will increase more significantly than that of one-handed or fist weapon. When enchanted by 4 or more, its Atk. Spd. will increase by 4%."
weapons,dual_swords,2561,"Stormbringer*Stormbringer","Громовержец*Громовержец",C,175,78,,,/weapon_dual_sword_i00.webp,"When enchanted, the P.Atk of a dualsword will increase more significantly than that of one-handed or fist weapon. When enchanted by 4 or more, its Accuracy will increase by 2."
weapons,dual_swords,2562,"Stormbringer*Shamshir","Громовержец*Шамшир",C,183,81,,,/weapon_dual_sword_i00.webp,"When enchanted, the P.Atk of a dualsword will increase more significantly than that of one-handed or fist weapon. When enchanted by 4 or more, its P. Atk. will increase by 49 during a critical attack."
weapons,dual_swords,2563,"Stormbringer*Katana","Громовержец*Катана",C,183,81,,,/weapon_dual_sword_i00.webp,"When enchanted, the P.Atk of a dualsword will increase more significantly than that of one-handed or fist weapon. When enchanted by 4 or more, its maximum HP will increase by 25%."
weapons,dual_swords,2564,"Stormbringer*Spirit Sword","Громовержец*Меч Духов",C,183,81,,,/weapon_dual_sword_i00.webp,"When enchanted, the P.Atk of a dualsword will increase more significantly than that of one-handed or fist weapon. When enchanted by 4 or more, its critical attack will increase by 24."
weapons,dual_swords,2565,"Stormbringer*Raid Sword","Громовержец*Меч Налетчика",C,183,81,,,/weapon_dual_sword_i00.webp,"When enchanted, the P.Atk of a dualsword will increase more significantly than that of one-handed or fist weapon. When enchanted by 4 or more, its Atk. Spd. will increase by 2%."
weapons,dual_swords,2544,"Artisan's Sword*Sword of Revolution","Меч Ремесленника*Меч Революции",C,124,58,,,/weapon_dual_sword_i00.webp,""
weapons,dual_swords,2539,"Spinebone Sword*Elven Long Sword","Хребетный Меч*Длинный Меч Эльфов",C,136,63,,,/weapon_dual_sword_i00.webp,""
weapons,dual_swords,2545,"Artisan's Sword*Elven Long Sword","Меч Ремесленника*Длинный Меч Эльфов",C,136,63,,,/weapon_dual_sword_i00.webp,""
weapons,dual_swords,2559,"Sword of Revolution*Elven Long Sword","Меч Революции*Длинный Меч Эльфов",C,155,70,,,/weapon_dual_sword_i00.webp,"When enchanted, the P.Atk of a dualsword will increase more significantly than that of one-handed or fist weapon. When enchanted by 4 or more, its Critical Attack will increase by 50."
weapons,dual_swords,9000,"Shadow Item: Stormbringer*Stormbringer","Теневой Предмет: Громовержец*Громовержец",C,175,78,,,/weapon_dual_sword_i00.webp,"This Shadow Item contains the mirrored power of a Stormbringer*Stormbringer. It cannot be traded, dropped, crystallized, or given other functions. If one's PK count is 1 or more, it cannot be used."
weapons,dual_swords,2563,"Stormbringer*Katana","Громовержец*Катана",C,183,81,,,/weapon_dual_sword_i00.webp,"When enchanted, the P.Atk of a dualsword will increase more significantly than that of one-handed or fist weapon. When enchanted by 4 or more, its maximum HP will increase by 25%."
weapons,dual_swords,2564,"Stormbringer*Spirit Sword","Громовержец*Меч Духов",C,183,81,,,/weapon_dual_sword_i00.webp,"When enchanted, the P.Atk of a dualsword will increase more significantly than that of one-handed or fist weapon. When enchanted by 4 or more, its critical attack will increase by 24."
weapons,dual_swords,2572,"Shamshir*Shamshir","Шамшир*Шамшир",C,190,83,,,/weapon_dual_sword_i00.webp,"When enchanted, the P.Atk of a dualsword will increase more significantly than that of one-handed or fist weapon. When enchanted by 4 or more, its Accuracy will increase by 2."
weapons,dual_swords,2573,"Shamshir*Katana","Шамшир*Катана",C,190,83,,,/weapon_dual_sword_i00.webp,"When enchanted, the P.Atk of a dualsword will increase more significantly than that of one-handed or fist weapon. When enchanted by 4 or more, its P. Atk. will increase by 84 during a critical attack."
weapons,dual_swords,2574,"Shamshir*Spirit Sword","Шамшир*Меч Духов",C,190,83,,,/weapon_dual_sword_i00.webp,"When enchanted, the P.Atk of a dualsword will increase more significantly than that of one-handed or fist weapon. When enchanted by 4 or more, its maximum HP will increase by 25%."
weapons,dual_swords,2575,"Shamshir*Raid Sword","Шамшир*Меч Налетчика",C,190,83,,,/weapon_dual_sword_i00.webp,"When enchanted, the P.Atk of a dualsword will increase more significantly than that of one-handed or fist weapon. When enchanted by 4 or more, its critical will increase by 40."
weapons,dual_swords,2566,"Stormbringer*Caliburs","Громовержец*Экскалибур",B,197,86,,,/weapon_dual_sword_i00.webp,"When enchanted, the P.Atk of a dualsword will increase more significantly than that of one-handed or fist weapon. When enchanted by 4 or more, its Accuracy will increase by 5."
weapons,dual_swords,2567,"Stormbringer*Sword of Limit","Громовержец*Меч Рубежа",B,197,86,,,/weapon_dual_sword_i00.webp,"When enchanted, the P.Atk of a dualsword will increase more significantly than that of one-handed or fist weapon. When enchanted by 4 or more, its P. Atk will increase by 166 during a critical attack."
weapons,dual_swords,2568,"Stormbringer*Sword of Delusion","Громовержец*Меч Иллюзий",B,197,86,,,/weapon_dual_sword_i00.webp,"When enchanted, the P.Atk of a dualsword will increase more significantly than that of one-handed or fist weapon. When enchanted by 4 or more, its maximum HP will increase by 25%."
weapons,dual_swords,2569,"Stormbringer*Sword of Nightmare","Громовержец*Меч Кошмаров",B,197,86,,,/weapon_dual_sword_i00.webp,"When enchanted, the P.Atk of a dualsword will increase more significantly than that of one-handed or fist weapon. When enchanted by 4 or more, its critical will increase by 76."
weapons,dual_swords,2570,"Stormbringer*Tsurugi","Громовержец*Цуруги",B,197,86,,,/weapon_dual_sword_i00.webp,"When enchanted, the P.Atk of a dualsword will increase more significantly than that of one-handed or fist weapon. When enchanted by 4 or more, its Atk. Spd. will increase by 7%."
weapons,dual_swords,2579,"Shamshir*Sword of Nightmare","Шамшир*Меч Кошмаров",B,204,89,,,/weapon_dual_sword_i00.webp,"When enchanted, the P.Atk of a dualsword will increase more significantly than that of one-handed or fist weapon. When enchanted by 4 or more, its critical will increase by 65."
weapons,dual_swords,2580,"Shamshir*Tsurugi","Шамшир*Цуруги",B,204,89,,,/weapon_dual_sword_i00.webp,"When enchanted, the P.Atk of a dualsword will increase more significantly than that of one-handed or fist weapon. When enchanted by 4 or more, its Atk. Spd. will increase by 6%."
weapons,dual_swords,2585,"Katana*Caliburs","Катана*Экскалибур",B,204,89,,,/weapon_dual_sword_i00.webp,"When enchanted, the P.Atk of a dualsword will increase more significantly than that of one-handed or fist weapon. When enchanted by 4 or more, Accuracy will increase by 4."
weapons,dual_swords,2586,"Katana*Sword of Limit","Катана*Меч Рубежа",B,204,89,,,/weapon_dual_sword_i00.webp,"When enchanted, the P.Atk of a dualsword will increase more significantly than that of one-handed or fist weapon. When enchanted by 4 or more, P. Atk. will increase by 146 during a critical attack."
weapons,dual_swords,2587,"Katana*Sword of Delusion","Катана*Меч Иллюзий",B,204,89,,,/weapon_dual_sword_i00.webp,"When enchanted, the P.Atk of a dualsword will increase more significantly than that of one-handed or fist weapon. When enchanted by 4 or more, maximum HP will increase by 25%."
weapons,dual_swords,2588,"Katana*Sword of Nightmare","Катана*Меч Кошмаров",B,204,89,,,/weapon_dual_sword_i00.webp,"When enchanted, the P.Atk of a dualsword will increase more significantly than that of one-handed or fist weapon. When enchanted by 4 or more, critical will increase by 65."
weapons,dual_swords,2589,"Katana*Tsurugi","Катана*Цуруги",B,204,89,,,/weapon_dual_sword_i00.webp,"When enchanted, the P.Atk of a dualsword will increase more significantly than that of one-handed or fist weapon. When enchanted by 4 or more, Atk. Spd. will increase by 6%."
weapons,dual_swords,2593,"Spirit Sword*Caliburs","Меч Духов*Экскалибур",B,204,89,,,/weapon_dual_sword_i00.webp,"When enchanted, the P.Atk of a dualsword will increase more significantly than that of one-handed or fist weapon. When enchanted by 4 or more, Accuracy will increase by 4."
weapons,dual_swords,2594,"Spirit Sword*Sword of Limit","Меч Духов*Меч Рубежа",B,204,89,,,/weapon_dual_sword_i00.webp,"When enchanted, the P.Atk of a dualsword will increase more significantly than that of one-handed or fist weapon. When enchanted by 4 or more, P. Atk. will increase by 146 during a critical attack."
weapons,dual_swords,2596,"Spirit Sword*Sword of Nightmare","Меч Духов*Меч Кошмаров",B,204,89,,,/weapon_dual_sword_i00.webp,"When enchanted, the P.Atk of a dualsword will increase more significantly than that of one-handed or fist weapon. When enchanted by 4 or more, critical will increase by 65."
weapons,dual_swords,2595,"Spirit Sword*Sword of Delusion","Меч Духов*Меч Иллюзий",B,204,89,,,/weapon_dual_sword_i00.webp,"When enchanted, the P.Atk of a dualsword will increase more significantly than that of one-handed or fist weapon. When enchanted by 4 or more, maximum HP will increase by 25%."
weapons,dual_swords,2597,"Spirit Sword*Tsurugi","Меч Духов*Цуруги",B,204,89,,,/weapon_dual_sword_i00.webp,"When enchanted, the P.Atk of a dualsword will increase more significantly than that of one-handed or fist weapon. When enchanted by 4 or more, Atk. Spd. will increase by 6%."
weapons,dual_swords,2600,"Raid Sword*Caliburs","Меч Налетчика*Экскалибур",B,204,89,,,/weapon_dual_sword_i00.webp,"When enchanted, the P.Atk of a dualsword will increase more significantly than that of one-handed or fist weapon. When enchanted by 4 or more, Accuracy will increase by 4."
weapons,dual_swords,2601,"Raid Sword*Sword of Limit","Меч Налетчика*Меч Рубежа",B,204,89,,,/weapon_dual_sword_i00.webp,"When enchanted, the P.Atk of a dualsword will increase more significantly than that of one-handed or fist weapon. When enchanted by 4 or more, P. Atk. will increase by 146 during a critical attack."
weapons,dual_swords,2602,"Raid Sword*Sword of Delusion","Меч Налетчика*Меч Иллюзий",B,204,89,,,/weapon_dual_sword_i00.webp,"When enchanted, the P.Atk of a dualsword will increase more significantly than that of one-handed or fist weapon. When enchanted by 4 or more, maximum HP will increase by 25%."
weapons,dual_swords,2604,"Raid Sword*Tsurugi","Меч Налетчика*Цуруги",B,204,89,,,/weapon_dual_sword_i00.webp,"When enchanted, the P.Atk of a dualsword will increase more significantly than that of one-handed or fist weapon. When enchanted by 4 or more, Atk. Spd. will increase by 6%."
weapons,dual_swords,2603,"Raid Sword*Sword of Nightmare","Меч Налетчика*Меч Кошмаров",B,204,89,,,/weapon_dual_sword_i00.webp,"When enchanted, the P.Atk of a dualsword will increase more significantly than that of one-handed or fist weapon. When enchanted by 4 or more, critical will increase by 65."
weapons,dual_swords,2576,"Shamshir*Caliburs","Шамшир*Экскалибур",B,204,89,,,/weapon_dual_sword_i00.webp,"When enchanted, the P.Atk of a dualsword will increase more significantly than that of one-handed or fist weapon. When enchanted by 4 or more, its Accuracy will increase by 4."
weapons,dual_swords,2577,"Shamshir*Sword of Limit","Шамшир*Меч Рубежа",B,204,89,,,/weapon_dual_sword_i00.webp,"When enchanted, the P.Atk of a dualsword will increase more significantly than that of one-handed or fist weapon. When enchanted by 4 or more, P. Atk. will increase by 146 during a critical attack."
weapons,dual_swords,2606,"Caliburs*Caliburs","Экскалибур*Экскалибур",B,213,91,,,/weapon_dual_sword_i00.webp,"When enchanted, the P.Atk of a dualsword will increase more significantly than that of one-handed or fist weapon. When enchanted by 4 or more, P. Atk. will increase by 127 during a critical attack."
weapons,dual_swords,2607,"Caliburs*Sword of Limit","Экскалибур*Меч Рубежа",B,213,91,,,/weapon_dual_sword_i00.webp,"When enchanted, the P.Atk of a dualsword will increase more significantly than that of one-handed or fist weapon. When enchanted by 4 or more, maximum HP will increase by 25%."
weapons,dual_swords,2608,"Caliburs*Sword of Delusion","Экскалибур*Меч Иллюзий",B,213,91,,,/weapon_dual_sword_i00.webp,"When enchanted, the P.Atk of a dualsword will increase more significantly than that of one-handed or fist weapon. When enchanted by 4 or more, critical will increase by 54."
weapons,dual_swords,2609,"Caliburs*Sword of Nightmare","Экскалибур*Меч Кошмаров",B,213,91,,,/weapon_dual_sword_i00.webp,"When enchanted, the P.Atk of a dualsword will increase more significantly than that of one-handed or fist weapon. When enchanted by 4 or more, Atk. Spd. will increase by 5%."
weapons,dual_swords,2610,"Caliburs*Tsurugi","Экскалибур*Цуруги",B,213,91,,,/weapon_dual_sword_i00.webp,"When enchanted, the P.Atk of a dualsword will increase more significantly than that of one-handed or fist weapon. When enchanted by 4 or more, Accuracy will increase by 4."
weapons,dual_swords,2612,"Sword of Limit*Sword of Limit","Меч Рубежа*Меч Рубежа",B,213,91,,,/weapon_dual_sword_i00.webp,"When enchanted, the P.Atk of a dualsword will increase more significantly than that of one-handed or fist weapon. When enchanted by 4 or more, P. Atk. will increase by 127 during a critical attack."
weapons,dual_swords,2613,"Sword of Limit*Sword of Delusion","Меч Рубежа*Меч Иллюзий",B,213,91,,,/weapon_dual_sword_i00.webp,"When enchanted, the P.Atk of a dualsword will increase more significantly than that of one-handed or fist weapon. When enchanted by 4 or more, maximum HP will increase by 25%."
weapons,dual_swords,2614,"Sword of Limit*Sword of Nightmare","Меч Рубежа*Меч Кошмаров",B,213,91,,,/weapon_dual_sword_i00.webp,"When enchanted, the P.Atk of a dualsword will increase more significantly than that of one-handed or fist weapon. When enchanted by 4 or more, critical will increase by 54."
weapons,dual_swords,2615,"Sword of Limit*Tsurugi","Меч Рубежа*Цуруги",B,213,91,,,/weapon_dual_sword_i00.webp,"When enchanted, the P.Atk of a dualsword will increase more significantly than that of one-handed or fist weapon. When enchanted by 4 or more, Atk. Spd. will increase by 5%."
weapons,dual_swords,2571,"Stormbringer*Samurai Long sword","Громовержец*Длинный Меч Самурая",B,213,91,,,/weapon_dual_sword_i00.webp,"When enchanted, the P.Atk of a dualsword will increase more significantly than that of one-handed or fist weapon. When enchanted by 4 or more, its Accuracy will increase by 4."
weapons,dual_swords,2581,"Shamshir*Samurai Long Sword","Шамшир*Длинный Меч Самурая",B,220,94,,,/weapon_dual_sword_i00.webp,"When enchanted, the P.Atk of a dualsword will increase more significantly than that of one-handed or fist weapon. When enchanted by 4 or more, its Accuracy will increase by 3."
weapons,dual_swords,2590,"Katana*Samurai Long Sword","Катана*Длинный Меч Самурая",B,220,94,,,/weapon_dual_sword_i00.webp,"When enchanted, the P.Atk of a dualsword will increase more significantly than that of one-handed or fist weapon. When enchanted by 4 or more, P. Atk. will increase by 106 during a critical attack."
weapons,dual_swords,2598,"Spirit Sword*Samurai Long Sword","Меч Духов*Длинный Меч Самурая",B,220,94,,,/weapon_dual_sword_i00.webp,"When enchanted, the P.Atk of a dualsword will increase more significantly than that of one-handed or fist weapon. When enchanted by 4 or more, maximum HP will increase by 25%."
weapons,dual_swords,2605,"Raid Sword*Samurai Long Sword","Меч Налетчика*Длинный Меч Самурая",B,220,94,,,/weapon_dual_sword_i00.webp,"When enchanted, the P.Atk of a dualsword will increase more significantly than that of one-handed or fist weapon. When enchanted by 4 or more, critical will increase by 43."
weapons,dual_swords,2611,"Caliburs*Samurai Long Sword","Экскалибур*Длинный Меч Самурая",B,228,97,,,/weapon_dual_sword_i00.webp,"When enchanted, the P.Atk of a dualsword will increase more significantly than that of one-handed or fist weapon. When enchanted by 4 or more, Atk. Spd. will increase by 5%."
weapons,dual_swords,2615,"Sword of Limit*Tsurugi","Меч Рубежа*Цуруги",B,213,91,,,/weapon_dual_sword_i00.webp,"When enchanted, the P.Atk of a dualsword will increase more significantly than that of one-handed or fist weapon. When enchanted by 4 or more, Atk. Spd. will increase by 5%."
weapons,dual_swords,2617,"Sword of Delusion*Sword of Delusion","Меч Иллюзий*Меч Иллюзий",B,213,91,,,/weapon_dual_sword_i00.webp,"When enchanted, the P.Atk of a dualsword will increase more significantly than that of one-handed or fist weapon. When enchanted by 4 or more, Accuracy will increase by 4."
weapons,dual_swords,2618,"Sword of Delusion*Sword of Nightmare","Меч Иллюзий*Меч Кошмаров",B,213,91,,,/weapon_dual_sword_i00.webp,"When enchanted, the P.Atk of a dualsword will increase more significantly than that of one-handed or fist weapon. When enchanted by 4 or more, P. Atk. will increase by 127 during a critical attack."
weapons,dual_swords,2619,"Sword of Delusion*Tsurugi","Меч Иллюзий*Цуруги",B,213,91,,,/weapon_dual_sword_i00.webp,"When enchanted, the P.Atk of a dualsword will increase more significantly than that of one-handed or fist weapon. When enchanted by 4 or more, maximum HP will increase by 25%."
weapons,dual_swords,2621,"Sword of Nightmare*Sword of Nightmare","Меч Кошмаров*Меч Кошмаров",B,213,91,,,/weapon_dual_sword_i00.webp,"When enchanted, the P.Atk of a dualsword will increase more significantly than that of one-handed or fist weapon. When enchanted by 4 or more, critical will increase by 54."
weapons,dual_swords,2622,"Sword of Nightmare*Tsurugi","Меч Кошмаров*Цуруги",B,213,91,,,/weapon_dual_sword_i00.webp,"When enchanted, the P.Atk of a dualsword will increase more significantly than that of one-handed or fist weapon. When enchanted by 4 or more, Atk. Spd. will increase by 5%."
weapons,dual_swords,2624,"Tsurugi*Tsurugi","Цуруги*Цуруги",B,213,91,,,/weapon_dual_sword_i00.webp,"When enchanted, the P.Atk of a dualsword will increase more significantly than that of one-handed or fist weapon. When enchanted by 4 or more, critical will increase by 54."
weapons,dual_swords,9009,"Shadow Item: Sword of Delusion*Sword of Delusion","Теневой Предмет: Меч Иллюзий*Меч Иллюзий",B,213,91,,,/weapon_dual_sword_i00.webp,"This Shadow Item contains the mirrored power of a Sword of Delusion*Sword of Delusion. It cannot be traded, dropped, crystallized, or given other functions. If one's PK count is 1 or more, it cannot be used."
weapons,dual_swords,2616,"Sword of Limit*Samurai Long Sword","Меч Рубежа*Длинный Меч Самурая",B,228,97,,,/weapon_dual_sword_i00.webp,"When enchanted, the P.Atk of a dualsword will increase more significantly than that of one-handed or fist weapon. When enchanted by 4 or more, Accuracy will increase by 3."
weapons,dual_swords,2620,"Sword of Delusion*Samurai Long Sword","Меч Иллюзий*Длинный Меч Самурая",B,228,97,,,/weapon_dual_sword_i00.webp,"When enchanted, the P.Atk of a dualsword will increase more significantly than that of one-handed or fist weapon. When enchanted by 4 or more, P. Atk. will increase by 133 during a critical attack."
weapons,dual_swords,2623,"Sword of Nightmare*Samurai Long Sword","Меч Кошмаров*Длинный Меч Самурая",B,228,97,,,/weapon_dual_sword_i00.webp,"When enchanted, the P.Atk of a dualsword will increase more significantly than that of one-handed or fist weapon. When enchanted by 4 or more, maximum HP will increase by 25%."
weapons,dual_swords,2625,"Tsurugi*Samurai Long Sword","Цуруги*Длинный Меч Самурая",B,228,97,,,/weapon_dual_sword_i00.webp,"When enchanted, the P.Atk of a dualsword will increase more significantly than that of one-handed or fist weapon. When enchanted by 4 or more, critical will increase by 52."
weapons,dual_swords,2626,"Samurai Long Sword*Samurai Long Sword","Длинный Меч Самурая*Длинный Меч Самурая",B,236,99,,,/weapon_dual_sword_i00.webp,"When enchanted, the P.Atk of a dualsword will increase more significantly than that of one-handed or fist weapon. When enchanted by 4 or more, Atk. Spd. will increase by 4%."
weapons,dual_swords,5233,"Keshanberk*Keshanberk","Кешанберк*Кешанберк",A,259,107,,,/weapon_dual_sword_i00.webp,"When enchanted, the P.Atk of a dualsword will increase more significantly than that of one-handed or fist weapon. When enchanted by 4 or more, Atk. Spd. will increase by 8%. Inflicts additional damage to target during PvP."
weapons,dual_swords,5704,"Keshanberk*Keshanberk","Кешанберк*Кешанберк",A,259,107,,,/weapon_dual_sword_i00.webp,""
weapons,dual_swords,9017,"Shadow Item: Keshanberk*Keshanberk","Теневой Предмет: Кешанберк*Кешанберк",A,259,107,,,/weapon_dual_sword_i00.webp,"This Shadow Item contains the mirrored power of a Keshanberk*Keshanberk. It cannot be traded, dropped, crystallized, or given other functions. If one's PK count is 1 or more, it cannot be used."
weapons,dual_swords,5705,"Keshanberk*Damascus","Кешанберк*Дамаскус",A,275,112,,,/weapon_dual_sword_i00.webp,"When enchanted, the P.Atk of a dualsword will increase more significantly than that of one-handed or fist weapon. When enchanted by 4 or more, maximum HP will increase by 25% as well. Enhances damage to target during PvP."
weapons,dual_swords,9020,"Shadow Item: Keshanberk*Damascus","Теневой Предмет: Кешанберк*Дамаскус",A,275,112,,,/weapon_dual_sword_i00.webp,"This Shadow Item contains the mirrored power of a Keshanberk*Damascus. It cannot be traded, dropped, crystallized, or given other functions. If one's PK count is 1 or more, it cannot be used."
weapons,dual_swords,5706,"Damascus*Damascus","Дамаскус*Дамаскус",A,282,114,,,/weapon_dual_sword_i00.webp,"When enchanted, the P.Atk of a dualsword will increase more significantly than that of one-handed or fist weapon. When enchanted by 4 or more, Accuracy will increase by 6. Enhances damage to target during PvP."
weapons,dual_swords,8938,"Damascus * Tallum Blade","Дамаскус*Клинок Таллума",A,305,121,,,/weapon_dual_sword_i00.webp,"When enchanted, the P.Atk. of a dualsword will increase more significantly than that of a one-handed or fist weapon. When enchanted by 4 or more, Atk. Spd. will increase by 8%. Inflicts additional damage to target during PvP."
weapons,dual_swords,6580,"Tallum Blade*Dark Legion's Edge","Клинок Таллума*Темный Легион",S,342,132,,,/weapon_dual_sword_i00.webp,"P.Atk of dual swords will increase more than one-handed type weapon when enchanted. Max HP +15%, Max MP +20%, Max CP +30% when enchanted by 4 or more. Enhances damage to target during PvP."
weapons,dual_swords,6620,"Infinity Wing","Крыло Вечности",S,361,137,,,/weapon_the_dualsword_of_hero_i00.webp,"When a critical attack occurs, increases Max HP, Max MP, Max CP and critical chance. Silences the target and has possibility of reflecting the skill back on the target. Enhances damage to target during PvP."
armors,heavy_armor,32,"Piece Bone Gaiters","Составные Костяные Набедренники",NG,,,39,,/armor_t33_l_i00.webp,"No description for this item"
armors,heavy_armor,34,"Bronze Gaiters","Бронзовые Набедренники",NG,,,43,,/armor_t34_l_i00.webp,"No description for this item"
armors,heavy_armor,25,"Piece Bone Breastplate","Составная Костяная Кираса",NG,,,62,,/armor_t33_u_i00.webp,"No description for this item"
armors,heavy_armor,26,"Bronze Breastplate","Бронзовая Кираса",NG,,,68,,/armor_t34_u_i00.webp,"No description for this item"
armors,heavy_armor,376,"Iron Plate Gaiters","Железные Латные Набедренники",D,,,48,,/armor_t12_l_i00.webp,"No description for this item"
armors,heavy_armor,377,"Scale Gaiters","Чешуйчатые Набедренники",D,,,54,,/armor_t08_l_i00.webp,"No description for this item"
armors,heavy_armor,378,"Compound Scale Gaiters","Составные Чешуйчатые Набедренники",D,,,61,,/armor_t20_l_i00.webp,"No description for this item"
armors,heavy_armor,379,"Dwarven Scale Gaiters","Чешуйчатые Набедренники Гномов",D,,,61,,/armor_t15_l_i00.webp,"No description for this item"
armors,heavy_armor,59,"Mithril Gaiters","Мифриловые Набедренники",D,,,61,,/armor_t19_l_i00.webp,"No description for this item"
armors,heavy_armor,2378,"Brigandine Gaiters","Панцирные Набедренники",D,,,64,,/armor_t43_l_i00.webp,"No description for this item"
armors,heavy_armor,2377,"Mithril Scale Gaiters","Мифриловые Чешуйчатые Набедренники",D,,,64,,/armor_t40_l_i00.webp,"No description for this item"
armors,heavy_armor,380,"Plate Gaiters","Латные Набедренники",D,,,70,,/armor_t46_l_i00.webp,"No description for this item"
armors,heavy_armor,347,"Ring Mail Breastplate","Кольчужная Кираса",D,,,77,,/armor_t12_u_i00.webp,"No description for this item"
armors,heavy_armor,348,"Scale Mail","Чешуйчатая Броня",D,,,87,,/armor_t08_u_i00.webp,"No description for this item"
armors,heavy_armor,58,"Mithril Breastplate","Мифриловая Кираса",D,,,95,,/armor_t19_u_i00.webp,"No description for this item"
armors,heavy_armor,350,"Dwarven Scale Mail","Чешуйчатая Броня Гномов",D,,,95,,/armor_t15_u_i00.webp,"No description for this item"
armors,heavy_armor,349,"Compound Scale Mail","Составная Чешуйчатая Броня",D,,,95,,/armor_t20_u_i00.webp,"No description for this item"
armors,heavy_armor,351,"Blast Plate","Закаленный Доспех",D,,,97,,/armor_t40_u_i00.webp,"No description for this item"
armors,heavy_armor,352,"Brigandine Tunic","Панцирная Туника",D,,,103,,/armor_t43_u_i00.webp,"No description for this item"
armors,heavy_armor,353,"Half Plate Armor","Полулаты",D,,,111,,/armor_t46_u_i00.webp,"No description for this item"
armors,heavy_armor,7851,"Clan Oath Armor","Доспех Клятвы",D,,,158,,/armor_t1001_ul_i00.webp,"Full body armor."
armors,heavy_armor,381,"Chain Gaiters","Кольчужные Набедренники",C,,,75,,/armor_t48_l_i00.webp,"No description for this item"
armors,heavy_armor,382,"Dwarven Chain Gaiters","Кольчужные Набедренники Гномов",C,,,80,,/armor_t60_l_i00.webp,"No description for this item"
armors,heavy_armor,354,"Chain Mail Shirt","Кольчужная Рубаха",C,,,120,,/armor_t48_u_i00.webp,"No description for this item"
armors,heavy_armor,355,"Dwarven Chain Mail Shirt","Кольчужная Рубаха Гномов",C,,,129,,/armor_t60_u_i00.webp,"No description for this item"
armors,heavy_armor,60,"Composite Armor","Композитный Доспех",C,,,224,,/armor_t61_ul_i00.webp,"Full body armor."
armors,heavy_armor,356,"Full Plate Armor","Полный Латный Доспех",C,,,239,,/armor_t62_ul_i00.webp,"Full body armor."
armors,heavy_armor,383,"Zubei's Gaiters","Набедренники Зубея",B,,,98,,/armor_t64_l_i00.webp,"No description for this item"
armors,heavy_armor,2379,"Avadon Gaiters","Набедренники Авадона",B,,,98,,/armor_t66_l_i00.webp,"No description for this item"
armors,heavy_armor,2380,"Blue Wolf Gaiters","Набедренники Синего Волка",B,,,104,,/armor_t68_l_i00.webp,"No description for this item"
armors,heavy_armor,357,"Zubei's Breastplate","Кираса Зубея",B,,,157,,/armor_t64_u_i00.webp,"No description for this item"
armors,heavy_armor,2376,"Avadon Breastplate","Кираса Авадона",B,,,157,,/armor_t66_u_i00.webp,"No description for this item"
armors,heavy_armor,358,"Blue Wolf Breastplate","Кираса Синего Волка",B,,,166,,/armor_t68_u_i00.webp,"No description for this item"
armors,heavy_armor,2381,"Doom Plate Armor","Латный Доспех Рока",B,,,270,,/armor_t71_ul_i00.webp,"Full body armor."
armors,heavy_armor,5288,"Sealed Dark Crystal Gaiters","Запечатанные Набедренники Кристалла Тьмы",A,,,107,,/armor_t74_l_i02.webp,"Its seal can be broken with the help of the Blacksmith of Mammon."
armors,heavy_armor,5287,"Sealed Dark Crystal Breastplate","Запечатанная Кираса Кристалла Тьмы",A,,,171,,/armor_t74_u_i02.webp,"Sealed Dark Crystal Breastplate. Its seal can be broken with the help of the Blacksmith of Mammon."
armors,heavy_armor,5293,"Sealed Tallum Plate Armor","Запечатанный Латный Доспех Таллума",A,,,278,,/armor_t77_ul_i02.webp,"Its seal can be broken with the help of the Blacksmith of Mammon."
armors,heavy_armor,7871,"Sealed Apella Plate Armor","Запечатанный Латный Доспех Апеллы",A,,,278,,/armor_t1004_ul_i02.webp,"It can be opened with the help of the Blacksmith of Mammon."
armors,heavy_armor,5311,"Sealed Armor of Nightmare","Запечатанный Доспех Кошмаров",A,,,293,,/armor_t80_ul_i02.webp,"Its seal can be broken with the help of the Blacksmith of Mammon."
armors,heavy_armor,5316,"Sealed Majestic Plate Armor","Запечатанный Латный Доспех Величия",A,,,293,,/armor_t83_ul_i02.webp,"Its seal can be broken with the help of the Blacksmith of Mammon."
armors,heavy_armor,6675,"Sealed Imperial Crusader Gaiters","Запечатанные Набедренники Имперского Крестоносца",S,,,121,,/armor_t88_l_i02.webp,"Its seal can be broken with the help of the Blacksmith of Mammon."
armors,heavy_armor,6674,"Sealed Imperial Crusader Breastplate","Запечатанная Кираса Имперского Крестоносца",S,,,193,,/armor_t88_u_i02.webp,"Its seal can be broken with the help of the Blacksmith of Mammon."
armors,heavy_armor,9515,"Sealed Dynasty Gaiter","Запечатанные Набедренники Династии",S80,,,134,,/armor_t91_l_i02.webp,"Sealed Dynasty Gaiters Seal can be removed by the Blacksmith of Mammon or Maestro Ishuma."
armors,heavy_armor,15700,"Sealed Moirai Gaiter","Запечатанные Набедренники Дестино",S80,,,141,,/armor_t94_l_i02.webp,"Sealed Moirai Gaiters. Seal can be removed by the Blacksmith of Mammon or Maestro Ishuma."
armors,heavy_armor,9514,"Sealed Dynasty Breast Plate","Запечатанная Кираса Династии",S80,,,214,,/armor_t91_u_i02.webp,"Sealed Dynasty Breastplate. Seal can be removed by the Blacksmith of Mammon or Maestro Ishuma."
armors,heavy_armor,15697,"Sealed Moirai Breastplate","Запечатанная Кираса Дестино",S80,,,225,,/armor_t94_u_i02.webp,"Sealed Moirai Breastplate. Seal can be removed by the Blacksmith of Mammon or Maestro Ishuma."
armors,heavy_armor,14105,"Sealed Vesper Breastplate","Запечатанная Кираса Венеры",S84,,,236,,/armor_t94_u_i02.webp,"Sealed Vesper Breastplate. Seal can be removed by the blacksmith of Mammon or Maestro Ishuma."
armors,heavy_armor,17006,"Sealed Vesper Noble Breastplate","Запечатанная Красивая Кираса Венеры",S84,,,236,,/armor_t94_u_i02.webp,"Seal can be removed by the Blacksmith of Mammon or Maestro Ishuma."
armors,heavy_armor,15746,"Sealed Vorpal Breastplate","Запечатанная Кираса Верпеса",S84,,,249,,/armor_t94_u_i02.webp,"Sealed Vorpal Breastplate. Seal can be removed by the Blacksmith of Mammon or Maestro Ishuma."
armors,heavy_armor,15729,"Sealed Elegia Breastplate","Запечатанная Кираса Элегии",S84,,,257,,/armor_t91_u_i02.webp,"Sealed Elegia Breastplate. Seal can be removed by the Blacksmith of Mammon or Maestro Ishuma."
armors,heavy_armor,14108,"Sealed Vesper Gaiters","Запечатанные Набедренники Венеры",S84,,,148,,/armor_t94_l_i02.webp,"Sealed Vesper Gaiters. Seal can be removed by the blacksmith of Mammon or Maestro Ishuma."
armors,heavy_armor,17009,"Sealed Vesper Noble Gaiters","Запечатанные Красивые Набедренники Венеры",S84,,,148,,/armor_t94_l_i02.webp,"Sealed Vesper Noble Gaiter. Seal can be removed by the Blacksmith of Mammon or Maestro Ishuma."
armors,heavy_armor,15749,"Sealed Vorpal Gaiter","Запечатанные Набедренники Верпеса",S84,,,156,,/armor_t94_l_i02.webp,"Sealed Vorpal Gaiters. Seal can be removed by the Blacksmith of Mammon or Maestro Ishuma."
armors,heavy_armor,15732,"Sealed Elegia Gaiter","Запечатанные Набедренники Элегии",S84,,,161,,/armor_t91_l_i02.webp,"Sealed Elegia Gaiters. Seal can be removed by the Blacksmith of Mammon or Maestro Ishuma."
armors,light_armor,1147,"Squire's Pants","Бриджи Оруженосца",NG,,,20,,/armor_t01_l_i00.webp,"No description for this item"
armors,light_armor,28,"Pants","Бриджи",NG,,,22,,/armor_t02_l_i00.webp,"No description for this item"
armors,light_armor,29,"Leather Pants","Кожаные Бриджи",NG,,,27,,/armor_t04_l_i00.webp,"No description for this item"
armors,light_armor,2386,"Wooden Gaiters","Деревянные Набедренники",NG,,,29,,/armor_t06_l_i00.webp,"No description for this item"
armors,light_armor,30,"Hard Leather Pants","Бриджи из Толстой Кожи",NG,,,29,,/armor_t06_l_i00.webp,"No description for this item"
armors,light_armor,412,"Cotton Pants","Хлопковые Бриджи",NG,,,32,,/armor_t07_l_i00.webp,"No description for this item"
armors,light_armor,31,"Bone Gaiters","Костяные Набедренники",NG,,,32,,/armor_t32_l_i00.webp,"No description for this item"
armors,light_armor,33,"Hard Leather Gaiters","Набедренники из Толстой Кожи",NG,,,33,,/armor_t30_l_i00.webp,"No description for this item"
armors,light_armor,1146,"Squire's Shirt","Рубаха Оруженосца",NG,,,33,,/armor_t01_u_i00.webp,"No description for this item"
armors,light_armor,21,"Shirt","Рубаха",NG,,,36,,/armor_t02_u_i00.webp,"No description for this item"
armors,light_armor,22,"Leather Shirt","Кожаная Рубаха",NG,,,43,,/armor_t04_u_i00.webp,"No description for this item"
armors,light_armor,23,"Wooden Breastplate","Деревянная Кираса",NG,,,47,,/armor_t06_u_i00.webp,"No description for this item"
armors,light_armor,24,"Bone Breastplate","Костяная Кираса",NG,,,50,,/armor_t32_u_i00.webp,"No description for this item"
armors,light_armor,390,"Cotton Shirt","Хлопковая Рубаха",NG,,,50,,/armor_t07_u_i00.webp,"No description for this item"
armors,light_armor,27,"Hard Leather Shirt","Рубаха из Толстой Кожи",NG,,,53,,/armor_t30_u_i00.webp,"No description for this item"
armors,light_armor,413,"Puma Skin Gaiters","Набедренники из Шкуры Пумы",D,,,36,,/armor_t09_l_i00.webp,"No description for this item"
armors,light_armor,414,"Lion Skin Gaiters","Набедренники из Шкуры Льва",D,,,41,,/armor_t18_l_i00.webp,"No description for this item"
armors,light_armor,415,"Mithril Banded Gaiters","Усиленные Мифрилом Набедренники",D,,,46,,/armor_t10_l_i00.webp,"No description for this item"
armors,light_armor,416,"Reinforced Leather Gaiters","Укрепленные Кожаные Набедренники",D,,,46,,/armor_t13_l_i00.webp,"No description for this item"
armors,light_armor,417,"Manticore Skin Gaiters","Набедренники из Шкуры Мантикоры",D,,,48,,/armor_t42_l_i00.webp,"No description for this item"
armors,light_armor,391,"Puma Skin Shirt","Рубаха из Шкуры Пумы",D,,,58,,/armor_t09_u_i00.webp,"No description for this item"
armors,light_armor,392,"Lion Skin Shirt","Рубаха из Шкуры Льва",D,,,65,,/armor_t18_u_i00.webp,"No description for this item"
armors,light_armor,393,"Mithril Banded Mail","Усиленная Мифрилом Броня",D,,,73,,/armor_t10_u_i00.webp,"No description for this item"
armors,light_armor,394,"Reinforced Leather Shirt","Укрепленная Кожаная Рубаха",D,,,73,,/armor_t13_u_i00.webp,"No description for this item"
armors,light_armor,395,"Manticore Skin Shirt","Рубаха из Шкуры Мантикоры",D,,,77,,/armor_t42_u_i00.webp,"No description for this item"
armors,light_armor,7854,"Clan Oath Brigandine","Панцирь Клятвы",D,,,119,,/armor_t1002_ul_i00.webp,"Full body armor."
armors,light_armor,396,"Salamander Skin Mail","Рубаха из Кожи Саламандры",D,,,136,,/armor_t45_ul_i00.webp,"One-piece upper and lower body armor. Additional lower body armor cannot be worn while wearing this."
armors,light_armor,2387,"Tempered Mithril Gaiters","Укрепленные Мифриловые Набедренники",C,,,56,,/armor_t47_l_i00.webp,"No description for this item"
armors,light_armor,418,"Plated Leather Gaiters","Латные Кожаные Набедренники",C,,,59,,/armor_t47_l_i00.webp,"No description for this item"
armors,light_armor,419,"Rind Leather Gaiters","Набедренники из Грубой Кожи",C,,,60,,/armor_t49_l_i00.webp,"No description for this item"
armors,light_armor,420,"Theca Leather Gaiters","Кожаные Набедренники Тека",C,,,66,,/armor_t63_l_i00.webp,"No description for this item"
armors,light_armor,397,"Mithril Shirt","Укрепленная Мифриловая Рубаха",C,,,90,,/armor_t47_u_i00.webp,"No description for this item"
armors,light_armor,398,"Plated Leather","Латный Кожаный Доспех",C,,,94,,/armor_t47_u_i00.webp,"No description for this item"
armors,light_armor,399,"Rind Leather Armor","Доспех из Грубой Кожи",C,,,97,,/armor_t49_u_i00.webp,"No description for this item"
armors,light_armor,400,"Theca Leather Armor","Кожаный Доспех Тека",C,,,106,,/armor_t63_u_i00.webp,"No description for this item"
armors,light_armor,401,"Drake Leather Armor","Кожаный Доспех Дрейка",C,,,179,,/armor_t21_ul_i00.webp,"Full body armor."
armors,light_armor,2388,"Zubei's Leather Gaiters","Кожаные Набедренники Зубея",B,,,73,,/armor_t65_l_i00.webp,"No description for this item"
armors,light_armor,2384,"Zubei's Leather Shirt","Кожаная Рубаха Зубея",B,,,117,,/armor_t65_u_i00.webp,"No description for this item"
armors,light_armor,2390,"Avadon Leather Armor","Кожаный Доспех Авадона",B,,,191,,/armor_t67_ul_i00.webp,"Full body armor."
armors,light_armor,2391,"Blue Wolf Leather Armor","Кожаный Доспех Синего Волка",B,,,202,,/armor_t69_ul_i00.webp,"Full body armor."
armors,light_armor,2392,"Leather Armor of Doom","Кожаный Доспех Рока",B,,,202,,/armor_t72_ul_i00.webp,"Full body armor."
armors,light_armor,5298,"Sealed Dark Crystal Leggings","Запечатанные Поножи Кристалла Тьмы",A,,,80,,/armor_t75_l_i02.webp,"Its seal can be broken with the help of the Blacksmith of Mammon."
armors,light_armor,5297,"Sealed Dark Crystal Leather Armor","Запечатанный Кожаный Доспех Кристалла Тьмы",A,,,128,,/armor_t75_u_i02.webp,"Its seal can be broken with the help of the Blacksmith of Mammon."
armors,light_armor,5301,"Sealed Tallum Leather Armor","Запечатанный Кожаный Доспех Таллума",A,,,209,,/armor_t78_ul_i02.webp,"Its seal can be broken with the help of the Blacksmith of Mammon."
armors,light_armor,7874,"Sealed Apella Brigandine","Запечатанный Панцирь Апеллы",A,,,209,,/armor_t1005_ul_i02.webp,"May be worn by a Baron or a higher level Aristocrat. It can be opened with the help of the Blacksmith of Mammon."
armors,light_armor,5320,"Sealed Leather Armor of Nightmare","Запечатанный Кожаный Доспех Кошмаров",A,,,220,,/armor_t81_ul_i02.webp,"Its seal can be broken with the help of the Blacksmith of Mammon."
armors,light_armor,5323,"Sealed Majestic Leather Armor","Запечатанный Кожаный Доспех Величия",A,,,220,,/armor_t84_ul_i02.webp,"Its seal can be broken with the help of the Blacksmith of Mammon."
armors,light_armor,6680,"Sealed Draconic Leather Armor","Запечатанный Доспех из Драконьей Кожи",S,,,236,,/armor_t89_ul_i02.webp,"Its seal can be broken with the help of the Blacksmith of Mammon."
armors,light_armor,9519,"Sealed Dynasty Leather Armor","Запечатанный Кожаный Доспех Династии",S80,,,161,,/armor_t92_u_i02.webp,"Sealed Dynasty Leather Armor. Seal can be removed by the Blacksmith of Mammon or Maestro Ishuma."
armors,light_armor,15698,"Sealed Moirai Leather Breastplate","Запечатанная Кожаная Кираса Дестино",S80,,,169,,/armor_t95_u_i02.webp,"Sealed Moirai Leather Gaiters. Seal can be removed by the Blacksmith of Mammon or Maestro Ishuma."
armors,light_armor,9520,"Sealed Dynasty Leather Leggings","Запечатанные Кожаные Поножи Династии",S80,,,100,,/armor_t92_l_i02.webp,"Sealed Dynasty Leather Legging. Seal can be removed by the Blacksmith of Mammon or Maestro Ishuma."
armors,light_armor,15701,"Sealed Moirai Leather Legging","Запечатанные Кожаные Брюки Дестино",S80,,,105,,/armor_t95_l_i02.webp,"Sealed Moirai Leather Leggings. Seal can be removed by the Blacksmith of Mammon or Maestro Ishuma."
armors,light_armor,14112,"Sealed Vesper Leather Leggings","Запечатанные Кожаные Брюки Венеры",S84,,,111,,/armor_t95_l_i02.webp,"Sealed Vesper Leather Leggings. Seal can be removed by the blacksmith of Mammon or Maestro Ishuma."
armors,light_armor,17012,"Sealed Vesper Noble Leather Leggings","Запечатанные Красивые Кожаные Брюки Венеры",S84,,,111,,/armor_t95_l_i02.webp,"Sealed Vesper Noble Leather Legging. Seal can be removed by the Blacksmith of Mammon or Maestro Ishuma."
armors,light_armor,15750,"Sealed Vorpal Leather Legging","Запечатанные Кожаные Брюки Верпеса",S84,,,117,,/armor_t95_l_i02.webp,"Sealed Vorpal Leather Leggings. Seal can be removed by the Blacksmith of Mammon or Maestro Ishuma."
armors,light_armor,15733,"Sealed Elegia Leather Legging","Запечатанные Кожаные Брюки Элегии",S84,,,121,,/armor_t92_l_i02.webp,"Sealed Elegia Leather Leggings. Seal can be removed by the Blacksmith of Mammon or Maestro Ishuma."
armors,light_armor,14106,"Sealed Vesper Leather Breastplate","Запечатанная Кожаная Кираса Венеры",S84,,,177,,/armor_t95_u_i02.webp,"Sealed Vesper Leather Breastplate. Seal can be removed by the blacksmith of Mammon or Maestro Ishuma."
armors,light_armor,17007,"Sealed Vesper Noble Leather Breastplate","Запечатанная Красивая Кожаная Кираса Венеры",S84,,,177,,/armor_t95_u_i02.webp,"Sealed Vesper Noble Leather Breastplate. Seal can be removed by the Blacksmith of Mammon or Maestro Ishuma."
armors,light_armor,15747,"Sealed Vorpal Leather Breastplate","Запечатанная Кожаная Кираса Верпеса",S84,,,187,,/armor_t95_u_i02.webp,"Sealed Vorpal Leather Breastplate. Seal can be removed by the Blacksmith of Mammon or Maestro Ishuma."
armors,light_armor,15730,"Sealed Elegia Leather Breastplate","Запечатанная Кожаная Кираса Элегии",S84,,,193,,/armor_t92_u_i02.webp,"Sealed Elegia Leather Breastplate. Seal can be removed by the Blacksmith of Mammon or Maestro Ishuma."
armors,magic_armor,6408,"Formal Wear","Свадебный Наряд",NG,,,,,/armor_t2000_ul_i00.webp,"Formal wear appears as a wedding dress for female characters and as a tuxedo for male characters."
armors,magic_armor,461,"Apprentice's Stockings","Штаны Ученика",NG,,,10,,/armor_t01_l_i00.webp,"No description for this item"
armors,magic_armor,462,"Stockings","Штаны",NG,,,11,,/armor_t03_l_i00.webp,"No description for this item"
armors,magic_armor,463,"Feriotic Stockings","Ферритовые Штаны",NG,,,13,,/armor_t52_l_i00.webp,"No description for this item"
armors,magic_armor,1103,"Cotton Stockings","Хлопковые Штаны",NG,,,13,,/armor_t50_l_i00.webp,"A pair of pants made of tough cotton."
armors,magic_armor,464,"Leather Stockings","Кожаные Штаны",NG,,,16,,/armor_t05_l_i00.webp,"No description for this item"
armors,magic_armor,425,"Apprentice's Tunic","Туника Ученика",NG,,,17,,/armor_t01_u_i00.webp,"No description for this item"
armors,magic_armor,426,"Tunic","Туника",NG,,,18,,/armor_t03_u_i00.webp,"No description for this item"
armors,magic_armor,1104,"Stockings of Devotion","Штаны Преданности",NG,,,19,,/armor_t55_l_i00.webp,"Part of the devotion set."
armors,magic_armor,1105,"Stockings of Magic","Штаны Мага",NG,,,21,,/armor_t58_l_i00.webp,"A pair of pants, comfortably designed for mages."
armors,magic_armor,1100,"Cotton Tunic","Хлопковая Туника",NG,,,21,,/armor_t50_u_i00.webp,"A tunic made of tough cotton."
armors,magic_armor,428,"Feriotic Tunic","Ферритовая Туника",NG,,,21,,/armor_t52_u_i00.webp,"No description for this item"
armors,magic_armor,429,"Leather Tunic","Кожаная Туника",NG,,,25,,/armor_t05_u_i00.webp,"No description for this item"
armors,magic_armor,1101,"Tunic of Devotion","Туника Преданности",NG,,,30,,/armor_t55_u_i00.webp,"No description for this item"
armors,magic_armor,1102,"Tunic of Magic","Туника Мага",NG,,,34,,/armor_t58_u_i00.webp,"A tunic, comfortably designed for mages."
armors,magic_armor,465,"Cursed Stockings","Проклятые Штаны",D,,,24,,/armor_t14_l_i00.webp,"No description for this item"
armors,magic_armor,466,"Elven Stockings","Штаны Эльфов",D,,,27,,/armor_t11_l_i00.webp,"No description for this item"
armors,magic_armor,467,"Dark Stockings","Темные Штаны",D,,,27,,/armor_t16_l_i00.webp,"No description for this item"
armors,magic_armor,468,"Mystic's Stockings","Штаны Мистика",D,,,27,,/armor_t17_l_i00.webp,"No description for this item"
armors,magic_armor,469,"Stockings of Knowledge","Штаны Знаний",D,,,30,,/armor_t41_l_i00.webp,"No description for this item"
armors,magic_armor,470,"Mithril Stockings","Мифриловые Штаны",D,,,32,,/armor_t51_l_i00.webp,"No description for this item"
armors,magic_armor,432,"Cursed Tunic","Проклятая Туника",D,,,39,,/armor_t14_u_i00.webp,"No description for this item"
armors,magic_armor,435,"Mystic's Tunic","Туника Мистика",D,,,43,,/armor_t17_u_i00.webp,"No description for this item"
armors,magic_armor,433,"Elven Tunic","Туника Эльфов",D,,,43,,/armor_t11_u_i00.webp,"No description for this item"
armors,magic_armor,434,"White Tunic","Белая Туника",D,,,43,,/armor_t16_u_i00.webp,"No description for this item"
armors,magic_armor,436,"Tunic of Knowledge","Туника Знаний",D,,,49,,/armor_t41_u_i00.webp,"No description for this item"
armors,magic_armor,437,"Mithril Tunic","Мифриловая Туника",D,,,52,,/armor_t51_u_i00.webp,"No description for this item"
armors,magic_armor,7857,"Clan Oath Aketon","Накидка Клятвы",D,,,79,,/armor_t1003_ul_i00.webp,"Full body armor."
armors,magic_armor,438,"Sage's Rag","Накидка Мудреца",D,,,90,,/armor_t44_ul_i00.webp,"One-piece upper and lower body armor. Additional lower body armor cannot be worn while wearing this."
armors,magic_armor,471,"Karmian Stockings","Штаны Кармиана",C,,,37,,/armor_t53_l_i00.webp,"No description for this item"
armors,magic_armor,472,"Demon's Stockings","Штаны Демона",C,,,43,,/armor_t54_l_i00.webp,"No description for this item"
armors,magic_armor,473,"Divine Stockings","Штаны Божества",C,,,46,,/armor_t57_l_i00.webp,"No description for this item"
armors,magic_armor,439,"Karmian Tunic","Туника Кармиана",C,,,60,,/armor_t53_u_i00.webp,"No description for this item"
armors,magic_armor,441,"Demon's Tunic","Туника Демона",C,,,69,,/armor_t54_u_i00.webp,"No description for this item"
armors,magic_armor,442,"Divine Tunic","Туника Божества",C,,,74,,/armor_t57_u_i00.webp,"No description for this item"
armors,magic_armor,440,"Robe of Seal","Мантия Печати",C,,,105,,/armor_t44_ul_i00.webp,"One-piece upper and lower body armor. Additional lower body armor cannot be worn while wearing this."
armors,magic_armor,2402,"Stockings of Zubei","Штаны Зубея",B,,,49,,/armor_t56_l_i00.webp,"No description for this item"
armors,magic_armor,2403,"Blue Wolf Stockings","Штаны Синего Волка",B,,,52,,/armor_t70_l_i00.webp,"No description for this item"
armors,magic_armor,2404,"Stockings of Doom","Штаны Рока",B,,,52,,/armor_t73_l_i00.webp,"No description for this item"
armors,magic_armor,2397,"Tunic of Zubei","Туника Зубея",B,,,78,,/armor_t56_u_i00.webp,"No description for this item"
armors,magic_armor,2398,"Blue Wolf Tunic","Туника Синего Волка",B,,,83,,/armor_t70_u_i00.webp,"No description for this item"
armors,magic_armor,2399,"Tunic of Doom","Туника Рока",B,,,83,,/armor_t73_u_i00.webp,"No description for this item"
armors,magic_armor,2406,"Avadon Robe","Мантия Авадона",B,,,127,,/armor_t59_ul_i00.webp,"Full body armor."
armors,magic_armor,5305,"Sealed Tallum Stockings","Запечатанные Штаны Таллума",A,,,53,,/armor_t79_l_i02.webp,"Its seal can be broken with the help of the Blacksmith of Mammon."
armors,magic_armor,5304,"Sealed Tallum Tunic","Запечатанная Туника Таллума",A,,,86,,/armor_t79_u_i02.webp,"Its seal can be broken with the help of the Blacksmith of Mammon."
armors,magic_armor,5308,"Sealed Dark Crystal Robe","Запечатанная Мантия Кристалла Тьмы",A,,,139,,/armor_t76_ul_i02.webp,"Its seal can be broken with the help of the Blacksmith of Mammon."
armors,magic_armor,7877,"Sealed Apella Doublet","Запечатанная Накидка Апеллы",A,,,139,,/armor_t1006_ul_i02.webp,"May be worn by a Baron or a higher level Aristocrat. It can be opened with the help of the Blacksmith of Mammon."
armors,magic_armor,5326,"Sealed Nightmare Robe","Запечатанная Мантия Кошмаров",A,,,147,,/armor_t82_ul_i02.webp,"Its seal can be broken with the help of the Blacksmith of Mammon."
armors,magic_armor,5329,"Sealed Majestic Robe","Запечатанная Мантия Величия",A,,,147,,/armor_t85_ul_i02.webp,"Its seal can be broken with the help of the Blacksmith of Mammon."
armors,magic_armor,6684,"Sealed Major Arcana Robe","Запечатанная Мантия Тайн",S,,,157,,/armor_t90_ul_i02.webp,"Its seal can be broken with the help of the Blacksmith of Mammon."
armors,magic_armor,9525,"Sealed Dynasty Stockings","Запечатанные Штаны Династии",S80,,,67,,/armor_t93_l_i02.webp,"Sealed Dynasty Stockings. Seal can be removed by the Blacksmith of Mammon or Maestro Ishuma."
armors,magic_armor,15702,"Sealed Moirai Stockings","Запечатанные Штаны Дестино",S80,,,70,,/armor_t96_l_i02.webp,"Sealed Moirai Stockings. Seal can be removed by the Blacksmith of Mammon or Maestro Ishuma."
armors,magic_armor,9524,"Sealed Dynasty Tunic","Запечатанная Туника Династии",S80,,,107,,/armor_t93_u_i02.webp,"Sealed Dynasty Tunic. Seal can be removed by the Blacksmith of Mammon or Maestro Ishuma."
armors,magic_armor,15699,"Sealed Moirai Tunic","Запечатанная Туника Дестино",S80,,,112,,/armor_t96_u_i02.webp,"Sealed Moirai Tunic. Seal can be removed by the Blacksmith of Mammon or Maestro Ishuma."
armors,magic_armor,17015,"Sealed Vesper Noble Stockings","Запечатанные Красивые Штаны Венеры",S84,,,74,,/armor_t96_l_i02.webp,"Sealed Vesper Noble Stockings. Seal can be removed by the Blacksmith of Mammon or Maestro Ishuma."
armors,magic_armor,14115,"Sealed Vesper Stockings","Запечатанные Штаны Венеры",S84,,,74,,/armor_t96_l_i02.webp,"Sealed Vesper Stockings. Seal can be removed by the blacksmith of Mammon or Maestro Ishuma."
armors,magic_armor,15751,"Sealed Vorpal Stockings","Запечатанные Штаны Верпеса",S84,,,78,,/armor_t96_l_i02.webp,"Sealed Vorpal Stockings. Seal can be removed by the Blacksmith of Mammon or Maestro Ishuma."
armors,magic_armor,15734,"Sealed Elegia Stockings","Запечатанные Штаны Элегии",S84,,,80,,/armor_t93_l_i02.webp,"Sealed Elegia Stockings. Seal can be removed by the Blacksmith of Mammon or Maestro Ishuma."
armors,magic_armor,17008,"Sealed Vesper Noble Tunic","Запечатанная Красивая Туника Венеры",S84,,,118,,/armor_t96_u_i02.webp,"Sealed Vesper Noble Tunic. Seal can be removed by the Blacksmith of Mammon or Maestro Ishuma."
armors,magic_armor,14107,"Sealed Vesper Tunic","Запечатанная Туника Венеры",S84,,,118,,/armor_t96_u_i02.webp,"Sealed Vesper Tunic. Seal can be removed by the blacksmith of Mammon or Maestro Ishuma."
armors,magic_armor,15748,"Sealed Vorpal Tunic","Запечатанная Туника Верпеса",S84,,,124,,/armor_t96_u_i02.webp,"Sealed Vorpal Tunic. Seal can be removed by the Blacksmith of Mammon or Maestro Ishuma."
armors,magic_armor,15731,"Sealed Elegia Tunic","Запечатанная Туника Элегии",S84,,,129,,/armor_t93_u_i02.webp,"Sealed Elegia Tunic. Seal can be removed by the Blacksmith of Mammon or Maestro Ishuma."
armors,gloves,48,"Short Gloves","Короткие Перчатки",NG,,,9,,/armor_t02_g_i00.webp,"No description for this item"
armors,gloves,1119,"Short Leather Gloves","Короткие Кожаные Перчатки",NG,,,11,,/armor_t04_g_i00.webp,"No description for this item"
armors,gloves,49,"Gloves","Перчатки",NG,,,13,,/armor_t06_g_i00.webp,"No description for this item"
armors,gloves,50,"Leather Gloves","Кожаные Перчатки",NG,,,15,,/armor_t32_g_i00.webp,"No description for this item"
armors,gloves,51,"Bracer","Наручи",NG,,,17,,/armor_t30_g_i00.webp,"No description for this item"
armors,gloves,604,"Crafted Leather Gloves","Перчатки Выделанной Кожи",D,,,19,,/armor_t09_g_i00.webp,"No description for this item"
armors,gloves,605,"Leather Gauntlets","Кожаные Рукавицы",D,,,22,,/armor_t18_g_i00.webp,"No description for this item"
armors,gloves,7855,"Clan Oath Leather Gloves Light Armor","Кожаные Перчатки Клятвы Легкий",D,,,24,,/armor_t1002_g_i00.webp,"No description for this item"
armors,gloves,7858,"Clan Oath Padded Gloves Robe","Пластинчатые Перчатки Клятвы Магический",D,,,24,,/armor_t1003_g_i00.webp,"No description for this item"
armors,gloves,63,"Gauntlets","Рукавицы",D,,,24,,/armor_t10_g_i00.webp,"No description for this item"
armors,gloves,2446,"Reinforced Leather Gloves","Укрепленные Кожаные Перчатки",D,,,24,,/armor_t13_g_i00.webp,"No description for this item"
armors,gloves,7852,"Clan Oath Gauntlets Heavy Armor","Рукавицы Клятвы Тяжелый",D,,,24,,/armor_t1001_g_i00.webp,"No description for this item"
armors,gloves,2447,"Gloves of Knowledge","Перчатки Знания",D,,,24,,/armor_t41_g_i00.webp,"No description for this item"
armors,gloves,2449,"Brigandine Gauntlets","Панцирные Рукавицы",D,,,27,,/armor_t43_g_i00.webp,"No description for this item"
armors,gloves,606,"Rip Gauntlets","Рваные Рукавицы",D,,,27,,/armor_t40_g_i00.webp,"No description for this item"
armors,gloves,2448,"Manticore Skin Gloves","Перчатки из Шкуры Мантикоры",D,,,27,,/armor_t42_g_i00.webp,"No description for this item"
armors,gloves,2450,"Elven Mithril Gloves","Мифриловые Перчатки Эльфов",D,,,27,,/armor_t51_g_i00.webp,"No description for this item"
armors,gloves,2451,"Sage's Worn Gloves","Потрепанные Перчатки Мудреца",D,,,29,,/armor_t44_g_i00.webp,"No description for this item"
armors,gloves,61,"Mithril Gloves","Мифриловые Перчатки",D,,,29,,/armor_t46_g_i00.webp,"No description for this item"
armors,gloves,607,"Ogre Power Gauntlets","Рукавицы Огра",D,,,29,,/armor_t45_g_i00.webp,"No description for this item"
armors,gloves,2452,"Reinforced Mithril Gloves","Укрепленные Мифриловые Перчатки",C,,,32,,/armor_t47_g_i00.webp,"No description for this item"
armors,gloves,2453,"Chain Gloves","Кольчужные Перчатки",C,,,32,,/armor_t48_g_i00.webp,"No description for this item"
armors,gloves,2454,"Karmian Gloves","Перчатки Кармиана",C,,,32,,/armor_t53_g_i00.webp,"No description for this item"
armors,gloves,2455,"Plated Leather Gloves","Латные Кожаные Перчатки",C,,,33,,/armor_t47_g_i00.webp,"No description for this item"
armors,gloves,2456,"Dwarven Chain Gloves","Кольчужные Перчатки Гномов",C,,,34,,/armor_t60_g_i00.webp,"No description for this item"
armors,gloves,2457,"Gloves of Seal","Перчатки Печати",C,,,34,,/armor_t44_g_i00.webp,"No description for this item"
armors,gloves,2458,"Rind Leather Gloves","Перчатки из Грубой Кожи",C,,,34,,/armor_t49_g_i00.webp,"No description for this item"
armors,gloves,608,"Mithril Gauntlets","Мифриловые Рукавицы",C,,,36,,/armor_t61_g_i00.webp,"No description for this item"
armors,gloves,2459,"Demon's Gloves","Перчатки Демона",C,,,36,,/armor_t54_g_i00.webp,"No description for this item"
armors,gloves,2460,"Theca Leather Gloves","Кожаные Перчатки Тека",C,,,37,,/armor_t63_g_i00.webp,"No description for this item"
armors,gloves,2461,"Drake Leather Gloves","Кожаные Перчатки Дрейка",C,,,39,,/armor_t21_g_i00.webp,"No description for this item"
armors,gloves,2462,"Full Plate Gauntlets","Полные Латные Рукавицы",C,,,39,,/armor_t62_g_i00.webp,"No description for this item"
armors,gloves,2463,"Divine Gloves","Перчатки Божества",C,,,39,,/armor_t57_g_i00.webp,"No description for this item"
armors,gloves,2464,"Avadon Gloves","Запечатанные Перчатки Авадона",B,,,41,,/armor_t66_g_i02.webp,"No description for this item"
armors,gloves,612,"Zubei's Gauntlets","Запечатанные Рукавицы Зубея",B,,,41,,/armor_t64_g_i02.webp,"No description for this item"
armors,gloves,2475,"Doom Gloves","Запечатанные Перчатки Рока",B,,,44,,/armor_t71_g_i02.webp,"No description for this item"
armors,gloves,2487,"Blue Wolf Gloves","Запечатанные Перчатки Синего Волка",B,,,44,,/armor_t68_g_i02.webp,"No description for this item"
armors,gloves,5290,"Sealed Dark Crystal Gloves","Запечатанные Перчатки Кристалла Тьмы",A,,,46,,/armor_t74_g_i02.webp,"Its seal can be broken with the help of the Blacksmith of Mammon."
armors,gloves,5295,"Sealed Tallum Gloves","Запечатанные Перчатки Таллума",A,,,46,,/armor_t77_g_i02.webp,"Its seal can be broken with the help of the Blacksmith of Mammon."
armors,gloves,7872,"Sealed Apella Gauntlet","Запечатанные Рукавицы Апеллы",A,,,46,,/armor_t1004_g_i02.webp,"It can be opened with the help of the Blacksmith of Mammon."
armors,gloves,7875,"Sealed Apella Leather Gloves","Запечатанные Кожаные Перчатки Апеллы",A,,,46,,/armor_t1005_g_i02.webp,"May be worn by a Baron or a higher level Aristocrat. They can be opened with the help of the Blacksmith of Mammon."
armors,gloves,7878,"Sealed Apella Silk Gloves","Запечатанные Шелковые Перчатки Апеллы",A,,,46,,/armor_t1006_g_i02.webp,"They can be opened with the help of the Blacksmith of Mammon."
armors,gloves,5313,"Sealed Gauntlets of Nightmare","Запечатанные Рукавицы Кошмаров",A,,,49,,/armor_t80_g_i02.webp,"Its seal can be broken with the help of the Blacksmith of Mammon."
armors,gloves,5318,"Sealed Majestic Gauntlets","Запечатанные Рукавицы Величия",A,,,49,,/armor_t83_g_i02.webp,"Its seal can be broken with the help of the Blacksmith of Mammon."
armors,gloves,6676,"Sealed Imperial Crusader Gauntlets","Запечатанные Рукавицы Имперского Крестоносца",S,,,55,,/armor_t88_g_i02.webp,"Its seal can be broken with the help of the Blacksmith of Mammon."
armors,gloves,6681,"Sealed Draconic Leather Gloves","Запечатанные Перчатки из Драконьей Кожи",S,,,55,,/armor_t89_g_i02.webp,"Its seal can be broken with the help of the Blacksmith of Mammon."
armors,gloves,6685,"Sealed Major Arcana Gloves","Запечатанные Перчатки Тайн",S,,,55,,/armor_t90_g_i02.webp,"Its seal can be broken with the help of the Blacksmith of Mammon."
armors,gloves,9517,"Sealed Dynasty Gauntlets","Запечатанные Рукавицы Династии",S80,,,61,,/armor_t91_g_i02.webp,"Sealed Dynasty Gauntlet. Seal can be removed by the Blacksmith of Mammon or Maestro Ishuma."
armors,gloves,9527,"Sealed Dynasty Gloves","Запечатанные Перчатки Династии",S80,,,61,,/armor_t93_g_i02.webp,"Sealed Dynasty Gloves. Seal can be removed by the Blacksmith of Mammon or Maestro Ishuma."
armors,gloves,9522,"Sealed Dynasty Leather Gloves","Запечатанные Кожаные Перчатки Династии",S80,,,61,,/armor_t92_g_i02.webp,"Seal can be removed by the Blacksmith of Mammon or Maestro Ishuma."
armors,gloves,15703,"Sealed Moirai Gauntlet","Запечатанные Рукавицы Дестино",S80,,,64,,/armor_t94_g_i02.webp,"Sealed Moirai Gauntlet. Seal can be removed by the Blacksmith of Mammon or Maestro Ishuma."
armors,gloves,15705,"Sealed Moirai Gloves","Запечатанные Перчатки Дестино",S80,,,64,,/armor_t96_g_i02.webp,"Sealed Moirai Gloves. Seal can be removed by the Blacksmith of Mammon or Maestro Ishuma."
armors,gloves,15704,"Sealed Moirai Leather Gloves","Запечатанные Кожаные Перчатки Дестино",S80,,,64,,/armor_t95_g_i02.webp,"Sealed Moirai Leather Gloves. Seal can be removed by the Blacksmith of Mammon or Maestro Ishuma."
armors,gloves,14109,"Sealed Vesper Gauntlet","Запечатанные Рукавицы Венеры",S84,,,68,,/armor_t94_g_i02.webp,"Sealed Vesper Gauntlet. Seal can be removed by the blacksmith of Mammon or Maestro Ishuma."
armors,gloves,14116,"Sealed Vesper Gloves","Запечатанные Перчатки Венеры",S84,,,68,,/armor_t96_g_i02.webp,"Sealed Vesper Gloves. Seal can be removed by the Blacksmith of Mammon or Maestro Ishuma."
armors,gloves,14113,"Sealed Vesper Leather Gloves","Запечатанные Кожаные Перчатки Венеры",S84,,,68,,/armor_t95_g_i02.webp,"Sealed Vesper Leather Gloves. Seal can be removed by the blacksmith of Mammon or Maestro Ishuma."
armors,gloves,17010,"Sealed Vesper Noble Gauntlet","Запечатанные Красивые Рукавицы Венеры",S84,,,68,,/armor_t94_g_i02.webp,"Sealed Vesper Noble Gauntlet. Seal can be removed by the Blacksmith of Mammon or Maestro Ishuma."
armors,gloves,17016,"Sealed Vesper Noble Gloves","Запечатанные Красивые Перчатки Венеры",S84,,,68,,/armor_t96_g_i02.webp,"Sealed Vesper Noble Gloves. Seal can be removed by the Blacksmith of Mammon or Maestro Ishuma."
armors,gloves,17013,"Sealed Vesper Noble Leather Gloves","Запечатанные Красивые Кожаные Перчатки Венеры",S84,,,68,,/armor_t95_g_i02.webp,"Sealed Vesper Noble Leather Gloves. Seal can be removed by the Blacksmith of Mammon or Maestro Ishuma."
armors,gloves,15752,"Sealed Vorpal Gauntlet","Запечатанные Рукавицы Верпеса",S84,,,71,,/armor_t94_g_i02.webp,"Sealed Vorpal Gauntlet. Seal can be removed by the Blacksmith of Mammon or Maestro Ishuma."
armors,gloves,15754,"Sealed Vorpal Gloves","Запечатанные Перчатки Верпеса",S84,,,71,,/armor_t96_g_i02.webp,"Sealed Vorpal Gloves. Seal can be removed by the Blacksmith of Mammon or Maestro Ishuma."
armors,gloves,15753,"Sealed Vorpal Leather Gloves","Запечатанные Кожаные Перчатки Верпеса",S84,,,71,,/armor_t95_g_i02.webp,"Sealed Vorpal Leather Gloves. Seal can be removed by the Blacksmith of Mammon or Maestro Ishuma."
armors,gloves,15735,"Sealed Elegia Gauntlet","Запечатанные Рукавицы Элегии",S84,,,74,,/armor_t91_g_i02.webp,"Sealed Elegia Gauntlet. Seal can be removed by the Blacksmith of Mammon or Maestro Ishuma."
armors,gloves,15737,"Sealed Elegia Gloves","Запечатанные Перчатки Элегии",S84,,,74,,/armor_t93_g_i02.webp,"Sealed Elegia Gloves. Seal can be removed by the Blacksmith of Mammon or Maestro Ishuma."
armors,gloves,15736,"Sealed Elegia Leather Gloves","Запечатанные Кожаные Перчатки Элегии",S84,,,74,,/armor_t92_g_i02.webp,"Sealed Elegia Leather Gloves. Seal can be removed by the Blacksmith of Mammon or Maestro Ishuma."
armors,boots,5590,"Squeaking Shoes","Скрипящие Ботинки",NG,,,,,/armor_t02_b_i00.webp,"Makes a unique sound when walking in them."
armors,boots,1121,"Apprentice's Shoes","Ботинки Ученика",NG,,,8,,/armor_t01_b_i00.webp,"No description for this item"
armors,boots,36,"Leather Sandals","Кожаные Сандалии",NG,,,9,,/armor_t03_b_i00.webp,"No description for this item"
armors,boots,35,"Cloth Shoes","Матерчатые Ботинки",NG,,,9,,/armor_t02_b_i00.webp,"No description for this item"
armors,boots,1129,"Crude Leather Shoes","Ботинки из Грубой Кожи",NG,,,11,,/armor_t04_b_i00.webp,"No description for this item"
armors,boots,1122,"Cotton Shoes","Хлопковые Сандалии",NG,,,11,,/armor_t50_b_i00.webp,"No description for this item"
armors,boots,37,"Leather Shoes","Кожаные Ботинки",NG,,,13,,/armor_t05_b_i00.webp,"No description for this item"
armors,boots,38,"Low Boots","Простые Сапоги",NG,,,15,,/armor_t32_b_i00.webp,"No description for this item"
armors,boots,39,"Boots","Сапоги",NG,,,17,,/armor_t30_b_i00.webp,"No description for this item"
armors,boots,40,"Leather Boots","Кожаные Сапоги",D,,,19,,/armor_t09_b_i00.webp,"No description for this item"
armors,boots,1123,"Blue Buckskin Boots","Голубые Замшевые Сапоги",D,,,22,,/armor_t18_b_i00.webp,"No description for this item"
armors,boots,553,"Iron Boots","Железные Ботинки",D,,,24,,/armor_t10_b_i00.webp,"No description for this item"
armors,boots,2422,"Reinforced Leather Boots","Укрепленные Кожаные Сапоги",D,,,24,,/armor_t13_b_i00.webp,"No description for this item"
armors,boots,2423,"Boots of Knowledge","Сапоги Знания",D,,,24,,/armor_t41_b_i00.webp,"No description for this item"
armors,boots,7853,"Clan Oath Sabaton Heavy Armor","Солереты Клятвы Тяжелый",D,,,24,,/armor_t1001_b_i00.webp,"No description for this item"
armors,boots,7859,"Clan Oath Sandals Robe","Сандалии Клятвы Магический",D,,,24,,/armor_t1003_b_i00.webp,"No description for this item"
armors,boots,7856,"Clan Oath Boots Light Armor","Ботинки Клятвы Легкий",D,,,24,,/armor_t1002_b_i00.webp,"No description for this item"
armors,boots,2424,"Manticore Skin Boots","Сапоги из Шкуры Мантикоры",D,,,27,,/armor_t42_b_i00.webp,"No description for this item"
armors,boots,2426,"Elven Mithril Boots","Мифриловые Сапоги Эльфов",D,,,27,,/armor_t51_b_i00.webp,"No description for this item"
armors,boots,2425,"Brigandine Boots","Панцирные Сапоги",D,,,27,,/armor_t43_b_i00.webp,"No description for this item"
armors,boots,1124,"Boots of Power","Сапоги Силы",D,,,27,,/armor_t40_b_i00.webp,"No description for this item"
armors,boots,1125,"Assault Boots","Штурмовые Сапоги",D,,,29,,/armor_t44_b_i00.webp,"No description for this item"
armors,boots,2427,"Salamander Skin Boots","Сапоги из Кожи Саламандры",D,,,29,,/armor_t45_b_i00.webp,"No description for this item"
armors,boots,2428,"Plate Boots","Латные Сапоги",D,,,29,,/armor_t46_b_i00.webp,"No description for this item"
armors,boots,2433,"Boots of Seal","Сапоги Печати",C,,,32,,/armor_t44_b_i00.webp,"No description for this item"
armors,boots,2429,"Chain Boots","Кольчужные Сапоги",C,,,32,,/armor_t48_b_i00.webp,"No description for this item"
armors,boots,2430,"Karmian Boots","Сапоги Кармиана",C,,,32,,/armor_t53_b_i00.webp,"No description for this item"
armors,boots,62,"Mithril Boots","Укрепленные Мифриловые Сапоги",C,,,32,,/armor_t47_b_i00.webp,"No description for this item"
armors,boots,2431,"Plated Leather Boots","Латные Кожаные Сапоги",C,,,32,,/armor_t47_b_i00.webp,"No description for this item"
armors,boots,2432,"Dwarven Chain Boots","Кольчужные Сапоги Гномов",C,,,32,,/armor_t60_b_i00.webp,"No description for this item"
armors,boots,2434,"Rind Leather Boots","Сапоги из Грубой Кожи",C,,,34,,/armor_t49_b_i00.webp,"No description for this item"
armors,boots,1126,"Crimson Boots","Багровые Сапоги",C,,,34,,/armor_t57_b_i00.webp,"No description for this item"
armors,boots,2435,"Demon's Boots","Сапоги Демона",C,,,36,,/armor_t54_b_i00.webp,"No description for this item"
armors,boots,64,"Composite Boots","Композитные Сапоги",C,,,36,,/armor_t61_b_i00.webp,"No description for this item"
armors,boots,2436,"Theca Leather Boots","Кожаные Сапоги Тека",C,,,37,,/armor_t63_b_i00.webp,"No description for this item"
armors,boots,2437,"Drake Leather Boots","Кожаные Сапоги Дрейка",C,,,39,,/armor_t21_b_i00.webp,"No description for this item"
armors,boots,2438,"Full Plate Boots","Полные Латные Сапоги",C,,,39,,/armor_t62_b_i00.webp,"No description for this item"
armors,boots,603,"Divine Boots","Сапоги Божества",C,,,39,,/armor_t67_b_i00.webp,"No description for this item"
armors,boots,554,"Zubei's Boots","Запечатанные Сапоги Зубея",B,,,41,,/armor_t64_b_i02.webp,"No description for this item"
armors,boots,600,"Avadon Boots","Запечатанные Сапоги Авадона",B,,,41,,/armor_t66_b_i02.webp,"No description for this item"
armors,boots,2439,"Blue Wolf Boots","Запечатанные Сапоги Синего Волка",B,,,44,,/armor_t68_b_i02.webp,"No description for this item"
armors,boots,601,"Boots of Doom","Запечатанные Сапоги Рока",B,,,44,,/armor_t71_b_i02.webp,"No description for this item"
armors,boots,5291,"Sealed Dark Crystal Boots","Запечатанные Сапоги Кристалла Тьмы",A,,,46,,/armor_t74_b_i02.webp,"Its seal can be broken with the help of the Blacksmith of Mammon."
armors,boots,5296,"Sealed Tallum Boots","Запечатанные Сапоги Таллума",A,,,46,,/armor_t77_b_i02.webp,"Its seal can be broken with the help of the Blacksmith of Mammon."
armors,boots,7879,"Sealed Apella Sandals","Запечатанные Сандалии Апеллы",A,,,46,,/armor_t1006_b_i02.webp,"They can be opened with the help of the Blacksmith of Mammon."
armors,boots,7876,"Sealed Apella Boots","Запечатанные Ботинки Апеллы",A,,,46,,/armor_t1005_b_i02.webp,"May be worn by a Baron or a higher level Aristocrat. They can be opened with the help of the Blacksmith of Mammon."
armors,boots,7873,"Sealed Apella Solleret","Запечатанные Солереты Апеллы",A,,,46,,/armor_t1004_b_i02.webp,"May be worn by a Baron or a higher level Aristocrat. They can be opened with the help of the Blacksmith of Mammon."
armors,boots,5314,"Sealed Boots of Nightmare","Запечатанные Сапоги Кошмаров",A,,,49,,/armor_t80_b_i02.webp,"Its seal can be broken with the help of the Blacksmith of Mammon."
armors,boots,5319,"Sealed Majestic Boots","Запечатанные Сапоги Величия",A,,,49,,/armor_t83_b_i02.webp,"Its seal can be broken with the help of the Blacksmith of Mammon."
armors,boots,6677,"Sealed Imperial Crusader Boots","Запечатанные Сапоги Имперского Крестоносца",S,,,55,,/armor_t88_b_i02.webp,"Its seal can be broken with the help of the Blacksmith of Mammon."
armors,boots,6682,"Sealed Draconic Leather Boots","Запечатанные Сапоги из Драконьей Кожи",S,,,55,,/armor_t89_b_i02.webp,"Its seal can be broken with the help of the Blacksmith of Mammon."
armors,boots,6686,"Sealed Major Arcana Boots","Запечатанные Сапоги Тайн",S,,,55,,/armor_t90_b_i02.webp,"Its seal can be broken with the help of the Blacksmith of Mammon."
armors,boots,9518,"Sealed Dynasty Boots","Запечатанные Сапоги Династии",S80,,,61,,/armor_t91_b_i02.webp,"Sealed Dynasty Boots. Seal can be removed by the Blacksmith of Mammon or Maestro Ishuma."
armors,boots,9523,"Sealed Dynasty Leather Boots","Запечатанные Кожаные Сапоги Династии",S80,,,61,,/armor_t92_b_i02.webp,"Sealed Dynasty Leather Boots. Seal can be removed by the Blacksmith of Mammon or Maestro Ishuma."
armors,boots,9528,"Sealed Dynasty Shoes","Запечатанные Ботинки Династии",S80,,,61,,/armor_t93_b_i02.webp,"Sealed Dynasty Shoes. Seal can be removed by the Blacksmith of Mammon or Maestro Ishuma."
armors,boots,15706,"Sealed Moirai Boots","Запечатанные Сапоги Дестино",S80,,,64,,/armor_t94_b_i02.webp,"Sealed Moirai Boots. Seal can be removed by the Blacksmith of Mammon or Maestro Ishuma."
armors,boots,15707,"Sealed Moirai Leather Boots","Запечатанные Кожаные Сапоги Дестино",S80,,,64,,/armor_t95_b_i02.webp,"Sealed Moirai Leather Boots. Seal can be removed by the Blacksmith of Mammon or Maestro Ishuma."
armors,boots,15708,"Sealed Moirai Shoes","Запечатанные Ботинки Дестино",S80,,,64,,/armor_t96_b_i02.webp,"Sealed Moirai Shoes. Seal can be removed by the Blacksmith of Mammon or Maestro Ishuma."
armors,boots,14110,"Sealed Vesper Boots","Запечатанные Сапоги Венеры",S84,,,68,,/armor_t94_b_i02.webp,"Sealed Vesper Boots. Seal can be removed by the blacksmith of Mammon or Maestro Ishuma."
armors,boots,14114,"Sealed Vesper Leather Boots","Запечатанные Кожаные Сапоги Венеры",S84,,,68,,/armor_t95_b_i02.webp,"Sealed Vesper Leather Boots. Seal can be removed by the blacksmith of Mammon or Maestro Ishuma."
armors,boots,17011,"Sealed Vesper Noble Boots","Запечатанные Красивые Сапоги Венеры",S84,,,68,,/armor_t94_b_i02.webp,"Sealed Vesper Noble Boots. Seal can be removed by the Blacksmith of Mammon or Maestro Ishuma."
armors,boots,17014,"Sealed Vesper Noble Leather Boots","Запечатанные Красивые Кожаные Сапоги Венеры",S84,,,68,,/armor_t95_b_i02.webp,"Sealed Vesper Noble Leather Boots. Seal can be removed by the Blacksmith of Mammon or Maestro Ishuma."
armors,boots,17017,"Sealed Vesper Noble Shoes","Запечатанные Красивые Ботинки Венеры",S84,,,68,,/armor_t96_b_i02.webp,"Sealed Vesper Noble Shoes. Seal can be removed by the Blacksmith of Mammon or Maestro Ishuma."
armors,boots,14117,"Sealed Vesper Shoes","Запечатанные Ботинки Венеры",S84,,,68,,/armor_t96_b_i02.webp,"Sealed Vesper Shoes. Seal can be removed by the blacksmith of Mammon or Maestro Ishuma."
armors,boots,15755,"Sealed Vorpal Boots","Запечатанные Сапоги Верпеса",S84,,,71,,/armor_t94_b_i02.webp,"Sealed Vorpal Boots. Seal can be removed by the Blacksmith of Mammon or Maestro Ishuma."
armors,boots,15756,"Sealed Vorpal Leather Boots","Запечатанные Кожаные Сапоги Верпеса",S84,,,71,,/armor_t95_b_i02.webp,"Sealed Vorpal Leather Boots. Seal can be removed by the Blacksmith of Mammon or Maestro Ishuma."
armors,boots,15757,"Sealed Vorpal Shoes","Запечатанные Ботинки Верпеса",S84,,,71,,/armor_t96_b_i02.webp,"Sealed Vorpal Shoes. Seal can be removed by the Blacksmith of Mammon or Maestro Ishuma."
armors,boots,15738,"Sealed Elegia Boots","Запечатанные Сапоги Элегии",S84,,,74,,/armor_t91_b_i02.webp,"Sealed Elegia Boots. Seal can be removed by the Blacksmith of Mammon or Maestro Ishuma."
armors,boots,15739,"Sealed Elegia Leather Boots","Запечатанные Кожаные Сапоги Элегии",S84,,,74,,/armor_t92_b_i02.webp,"Sealed Elegia Leather Boots. Seal can be removed by the Blacksmith of Mammon or Maestro Ishuma."
armors,boots,15740,"Sealed Elegia Shoes","Запечатанные Ботинки Элегии",S84,,,74,,/armor_t93_b_i02.webp,"Sealed Elegia Shoes. Seal can be removed by the Blacksmith of Mammon or Maestro Ishuma."
armors,helmet,41,"Cloth Cap","Матерчатая Шляпа",NG,,,13,,/armor_cloth_helmet_i00.webp,"No description for this item"
armors,helmet,42,"Leather Cap","Кожаная Шляпа",NG,,,16,,/armor_leather_helmet_i00.webp,"No description for this item"
armors,helmet,43,"Wooden Helmet","Деревянный Шлем",NG,,,19,,/armor_leather_helmet_i00.webp,"No description for this item"
armors,helmet,44,"Leather Helmet","Кожаный Шлем",NG,,,23,,/armor_leather_helmet_i00.webp,"No description for this item"
armors,helmet,1148,"Hard Leather Helmet","Шлем из Толстой Кожи",NG,,,26,,/armor_leather_helmet_i00.webp,"No description for this item"
armors,helmet,45,"Bone Helmet","Костяной Шлем",D,,,29,,/armor_leather_helmet_i00.webp,"No description for this item"
armors,helmet,46,"Bronze Helmet","Бронзовый Шлем",D,,,33,,/armor_helmet_i00.webp,"No description for this item"
armors,helmet,47,"Helmet","Шлем",D,,,37,,/armor_helmet_i00.webp,"No description for this item"
armors,helmet,7850,"Clan Oath Helm","Шлем Клятвы",D,,,37,,/armor_helmet_i00.webp,"No description for this item"
armors,helmet,2411,"Brigandine Helmet","Панцирный Шлем",D,,,41,,/armor_leather_helmet_i00.webp,"No description for this item"
armors,helmet,2412,"Plate Helmet","Латный Шлем",D,,,44,,/armor_leather_helmet_i00.webp,"No description for this item"
armors,helmet,2413,"Chain Hood","Кольчужный Капюшон",C,,,47,,/armor_leather_helmet_i00.webp,"No description for this item"
armors,helmet,500,"Great Helmet","Большой Шлем",C,,,51,,/armor_helmet_i00.webp,"No description for this item"
armors,helmet,517,"Composite Helmet","Композитный Шлем",C,,,54,,/armor_leather_helmet_i00.webp,"No description for this item"
armors,helmet,1149,"Shining Circlet","Сверкающая Диадема",C,,,54,,/armor_circlet_i00.webp,"No description for this item"
armors,helmet,2414,"Full Plate Helmet","Полный Латный Шлем",C,,,58,,/armor_leather_helmet_i00.webp,"No description for this item"
armors,helmet,503,"Zubei's Helmet","Шлем Зубея",B,,,62,,/armor_helmet_i00.webp,"No description for this item"
armors,helmet,2415,"Avadon Circlet","Диадема Авадона",B,,,62,,/armor_leather_helmet_i00.webp,"No description for this item"
armors,helmet,2416,"Blue Wolf Helmet","Шлем Синего Волка",B,,,66,,/armor_leather_helmet_i00.webp,"No description for this item"
armors,helmet,2417,"Doom Helmet","Шлем Рока",B,,,66,,/armor_leather_helmet_i00.webp,"No description for this item"
armors,helmet,5289,"Sealed Dark Crystal Helmet","Запечатанный Шлем Кристалла Тьмы",A,,,69,,/armor_helmet_i02.webp,"Its seal can be broken with the help of the Blacksmith of Mammon."
armors,helmet,5294,"Sealed Tallum Helmet","Запечатанный Шлем Таллума",A,,,69,,/armor_helmet_i02.webp,"Its seal can be broken with the help of the Blacksmith of Mammon."
armors,helmet,7870,"Sealed Apella Helm","Запечатанный Шлем Апеллы",A,,,69,,/armor_helmet_i02.webp,"May be worn by a Baron or a higher level Aristocrat.  It can be opened with the help of the Blacksmith of Mammon."
armors,helmet,5312,"Sealed Helm of Nightmare","Запечатанный Шлем Кошмаров",A,,,73,,/armor_leather_helmet_i02.webp,"Its seal can be broken with the help of the Blacksmith of Mammon."
armors,helmet,5317,"Sealed Majestic Circlet","Запечатанная Диадема Величия",A,,,73,,/armor_leather_helmet_i02.webp,"Its seal can be broken with the help of the Blacksmith of Mammon."
armors,helmet,6679,"Sealed Imperial Crusader Helmet","Запечатанный Шлем Имперского Крестоносца",S,,,83,,/armor_helmet_i02.webp,"Its seal can be broken with the help of the Blacksmith of Mammon."
armors,helmet,6683,"Sealed Draconic Leather Helmet","Запечатанный Шлем из Драконьей Кожи",S,,,83,,/armor_leather_helmet_i02.webp,"Its seal can be broken with the help of the Blacksmith of Mammon."
armors,helmet,6687,"Sealed Major Arcana Circlet","Запечатанная Диадема Тайн",S,,,83,,/armor_leather_helmet_i02.webp,"Its seal can be broken with the help of the Blacksmith of Mammon."
armors,helmet,9526,"Sealed Dynasty Circlet","Запечатанная Диадема Династии",S80,,,92,,/armor_circlet_i02.webp,"Sealed Dynasty Circlet. Seal can be removed by the Blacksmith of Mammon or Maestro Ishuma."
armors,helmet,9516,"Sealed Dynasty Helmet","Запечатанный Шлем Династии",S80,,,92,,/armor_helmet_i02.webp,"Sealed Dynasty Helmet. Seal can be removed by the Blacksmith of Mammon or Maestro Ishuma."
armors,helmet,9521,"Sealed Dynasty Leather Helmet","Запечатанный Кожаный Шлем Династии",S80,,,92,,/armor_leather_helmet_i02.webp,"Sealed Dynasty Leather Helmet. Seal can be removed by the Blacksmith of Mammon or Maestro Ishuma."
armors,helmet,15696,"Sealed Moirai Circlet","Запечатанная Диадема Дестино",S80,,,96,,/armor_circlet_i02.webp,"Sealed Moirai Circlet. Seal can be removed by the Blacksmith of Mammon or Maestro Ishuma."
armors,helmet,15694,"Sealed Moirai Helmet","Запечатанный Шлем Дестино",S80,,,96,,/armor_helmet_i02.webp,"Sealed Moirai Helmet. Seal can be removed by the Blacksmith of Mammon or Maestro Ishuma."
armors,helmet,15695,"Sealed Moirai Leather Helmet","Запечатанный Кожаный Шлем Дестино",S80,,,96,,/armor_leather_helmet_i02.webp,"Sealed Moirai Leather Helmet. Seal can be removed by the Blacksmith of Mammon or Maestro Ishuma."
armors,helmet,13145,"Sealed Vesper Circlet","Запечатанная Диадема Венеры",S84,,,101,,/armor_circlet_i02.webp,"Sealed Vesper Circlet. Seal can be removed by the blacksmith of Mammon or Maestro Ishuma."
armors,helmet,13143,"Sealed Vesper Helmet","Запечатанный Шлем Венеры",S84,,,101,,/armor_helmet_i02.webp,"Sealed Vesper Helmet. Seal can be removed by the blacksmith of Mammon or Maestro Ishuma."
armors,helmet,13144,"Sealed Vesper Leather Helmet","Запечатанный Кожаный Шлем Венеры",S84,,,101,,/armor_leather_helmet_i02.webp,"Sealed Vesper Leather Helmet. Seal can be removed by the blacksmith of Mammon or Maestro Ishuma."
armors,helmet,13148,"Sealed Vesper Noble Circlet","Запечатанная Красивая Диадема Венеры",S84,,,101,,/armor_circlet_i02.webp,"Sealed Vesper Noble Circlet. Seal can be removed by the blacksmith of Mammon or Maestro Ishuma."
armors,helmet,13146,"Sealed Vesper Noble Helmet","Запечатанный Красивый Шлем Венеры",S84,,,101,,/armor_helmet_i02.webp,"Sealed Vesper Noble Helmet. Seal can be removed by the blacksmith of Mammon or Maestro Ishuma."
armors,helmet,13147,"Sealed Vesper Noble Leather Helmet","Запечатанный Красивый Кожаный Шлем Венеры",S84,,,101,,/armor_leather_helmet_i02.webp,"Sealed Vesper Noble Leather Helmet. Seal can be removed by the blacksmith of Mammon or Maestro Ishuma."
armors,helmet,15745,"Sealed Vorpal Circlet","Запечатанная Диадема Верпеса",S84,,,107,,/armor_circlet_i02.webp,"Sealed Vorpal Circlet. Seal can be removed by the Blacksmith of Mammon or Maestro Ishuma."
armors,helmet,15743,"Sealed Vorpal Helmet","Запечатанный Шлем Верпеса",S84,,,107,,/armor_helmet_i02.webp,"Sealed Vorpal Helmet. Seal can be removed by the Blacksmith of Mammon or Maestro Ishuma."
armors,helmet,15744,"Sealed Vorpal Leather Helmet","Запечатанный Кожаный Шлем Верпеса",S84,,,107,,/armor_leather_helmet_i02.webp,"Sealed Vorpal Leather Helmet. Seal can be removed by the Blacksmith of Mammon or Maestro Ishuma."
armors,helmet,15728,"Sealed Elegia Circlet","Запечатанная Диадема Элегии",S84,,,110,,/armor_circlet_i02.webp,"Sealed Elegia Circlet. Seal can be removed by the Blacksmith of Mammon or Maestro Ishuma."
armors,helmet,15726,"Sealed Elegia Helmet","Запечатанный Шлем Элегии",S84,,,110,,/armor_helmet_i02.webp,"Sealed Elegia Helmet. Seal can be removed by the Blacksmith of Mammon or Maestro Ishuma."
armors,helmet,15727,"Sealed Elegia Leather Helmet","Запечатанный Кожаный Шлем Элегии",S84,,,110,,/armor_leather_helmet_i02.webp,"Sealed Elegia Leather Helmet. Seal can be removed by the Blacksmith of Mammon or Maestro Ishuma."
armors,shield,18,"Leather Shield","Кожаный Щит",NG,,,47,,/shield_leather_shield_i00.webp,"No description for this item"
armors,shield,19,"Small Shield","Маленький Щит",NG,,,56,,/shield_small_shield_i00.webp,"No description for this item"
armors,shield,20,"Buckler","Баклер",NG,,,67,,/shield_buckler_i00.webp,"No description for this item"
armors,shield,945,"Skeleton Buckler","Баклер Скелета",NG,,,69,,/shield_skeleton_buckler_i00.webp,"A small wooden shield that perpetrators of mages use."
armors,shield,102,"Round Shield","Круглый Щит",NG,,,79,,/shield_round_shield_i00.webp,"No description for this item"
armors,shield,625,"Bone Shield","Костяной Щит",NG,,,90,,/shield_bone_shield_i00.webp,"No description for this item"
armors,shield,6902,"Pledge Shield","Геральдический Щит",NG,,,90,,/shield_pledge_shield_i00.webp,"A shield that can only be used by the members of a clan that owns a clan hall."
armors,shield,7015,"Shield of Castle Pledge","Геральдический Щит Клана",NG,,,90,,/shield_pledge_shield_i00.webp,"A shield that can only be used by the members of a clan that owns a castle."
armors,shield,626,"Bronze Shield","Бронзовый Щит",D,,,101,,/shield_bronze_shield_i00.webp,"No description for this item"
armors,shield,627,"Aspis","Аспис",D,,,114,,/shield_aspis_i00.webp,"No description for this item"
armors,shield,628,"Hoplon","Хоплон",D,,,128,,/shield_hoplon_i00.webp,"No description for this item"
armors,shield,629,"Kite Shield","Треугольный Щит",D,,,142,,/shield_kite_shield_i00.webp,"No description for this item"
armors,shield,2493,"Brigandine Shield","Панцирный Щит",D,,,142,,/shield_brigandine_shield_i00.webp,"No description for this item"
armors,shield,630,"Square Shield","Прямоугольный Щит",D,,,154,,/shield_square_shield_i00.webp,"No description for this item"
armors,shield,2494,"Plate Shield","Латный Щит",D,,,154,,/shield_plate_shield_i00.webp,"No description for this item"
armors,shield,631,"Eldarake","Элдарейк",C,,,166,,/shield_eldarake_i00.webp,"No description for this item"
armors,shield,2495,"Chain Shield","Кольчужный Щит",C,,,166,,/shield_chain_shield_i00.webp,"No description for this item"
armors,shield,2496,"Dwarven Chain Shield","Кольчужный Щит Гномов",C,,,174,,/shield_dwarven_chain_shield_i00.webp,"No description for this item"
armors,shield,632,"Knight's Shield","Щит Рыцаря",C,,,178,,/shield_knight_shield_i00.webp,"No description for this item"
armors,shield,103,"Tower Shield","Башенный Щит",C,,,190,,/shield_tower_shield_i00.webp,"No description for this item"
armors,shield,107,"Composite Shield","Композитный Щит",C,,,190,,/shield_composite_shield_i00.webp,"No description for this item"
armors,shield,2497,"Full Plate Shield","Полный Латный Щит",C,,,203,,/shield_full_plate_shield_i00.webp,"No description for this item"
armors,shield,633,"Zubei's Shield","Щит Зубея",B,,,216,,/shield_shrnoens_shield_i00.webp,"No description for this item"
armors,shield,673,"Avadon Shield","Щит Авадона",B,,,216,,/shield_avadon_shield_i00.webp,"No description for this item"
armors,shield,110,"Doom Shield","Щит Рока",B,,,230,,/shield_doom_shield_i00.webp,"No description for this item"
armors,shield,5292,"Sealed Dark Crystal Shield","Запечатанный Щит Кристалла Тьмы",A,,,243,,/shield_dark_crystal_shield_i02.webp,"Its seal can be broken with the help of the Blacksmith of Mammon."
armors,shield,5315,"Sealed Shield of Nightmare","Запечатанный Щит Кошмаров",A,,,256,,/shield_shield_of_nightmare_i02.webp,"Its seal can be broken with the help of the Blacksmith of Mammon."
armors,shield,6678,"Sealed Imperial Crusader Shield","Запечатанный Щит Имперского Крестоносца",S,,,276,,/shield_imperial_crusader_shield_i02.webp,"Its seal can be broken with the help of the Blacksmith of Mammon."
armors,shield,9529,"Sealed Dynasty Shield","Запечатанный Щит Династии",S80,,,305,,/shield_dynasty_shield_i01.webp,"Sealed Dynasty Shield. Seal can be removed by the Blacksmith of Mammon or Maestro Ishuma."
armors,shield,15710,"Sealed Moirai Shield","Запечатанный Щит Дестино",S80,,,337,,/weapon_tysandy_shield_i00.webp,"Sealed Moirai Shield. Seal can be removed by the Blacksmith of Mammon or Maestro Ishuma."
armors,shield,14111,"Sealed Vesper Shield","Запечатанный Защитник Венеры",S84,,,352,,/weapon_vesper_verteidiger_i00.webp,"Sealed Vesper Shield. Seal can be removed by the blacksmith of Mammon or Maestro Ishuma."
armors,shield,15758,"Sealed Vorpal Shield","Запечатанный Щит Верпеса",S84,,,379,,/evilgate_shield_i00.webp,"Sealed Vorpal Shield. Seal can be removed by the Blacksmith of Mammon or Maestro Ishuma."
armors,shield,15741,"Sealed Elegia Shield","Запечатанный Щит Элегии",S84,,,392,,/heavengate_shield_i00.webp,"Sealed Elegia Shield. Seal can be removed by the Blacksmith of Mammon or Maestro Ishuma."
armors,sigil,13886,"Sealed Dynasty Sigil","Запечатанный Символ Династии",S80,,,15,,/armor_dynasty_sigil_i01.webp,"Sealed Dynasty Sigil. Seal can be removed by the blacksmith of Mammon."
armors,sigil,15709,"Sealed Moirai Sigil","Запечатанный Символ Дестино",S80,,,16,,/weapon_tysandy_sigil_i00.webp,"Sealed Moirai Sigil. Seal can be removed by the Blacksmith of Mammon or Maestro Ishuma."
armors,sigil,13887,"Sealed Vesper Sigil","Запечатанный Символ Венеры",S84,,,17,,/armor_verper_sigil_i01.webp,"Sealed Vesper Sigil. Seal can be removed by the blacksmith of Mammon and Maestro Ishuma."
armors,sigil,15759,"Sealed Vorpal Sigil","Запечатанный Символ Верпеса",S84,,,19,,/belleface_i00.webp,"Sealed Vorpal Sigil. Seal can be removed by the Blacksmith of Mammon or Maestro Ishuma."
armors,sigil,15742,"Sealed Elegia Sigil","Запечатанный Символ Элегии",S84,,,21,,/weapon_pricklelotus_i00.webp,"Sealed Elegia Sigil. Seal can be removed by the Blacksmith of Mammon or Maestro Ishuma."
accessories,necklace,118,"Necklace of Magic","Ожерелье Магии",NG,,,,15,/accessary_necklace_of_magic_i00.webp,"No description for this item"
accessories,necklace,1506,"Necklace of Courage","Ожерелье Бесстрашия",NG,,,,15,/accessary_necklace_of_courage_i00.webp,"A necklace that is given to young Orcs who have proven their courage."
accessories,necklace,906,"Necklace of Knowledge","Ожерелье Знаний",NG,,,,18,/accessary_necklace_of_knowledge_i00.webp,"A silver necklace engraved with rune characters of knowledge."
accessories,necklace,907,"Necklace of Anguish","Ожерелье Мучений",NG,,,,21,/accessary_necklace_of_anguish_i00.webp,"A silver necklace engraved with rune characters of anguish."
accessories,necklace,1507,"Necklace of Valor","Ожерелье Доблести",NG,,,,21,/accessary_necklace_of_valor_i00.webp,"A necklace that is given to young Orcs who have proven their valor."
accessories,necklace,908,"Necklace of Wisdom","Ожерелье Мудрости",NG,,,,25,/accessary_necklace_of_wisdom_i00.webp,"No description for this item"
accessories,necklace,909,"Blue Diamond Necklace","Ожерелье с Синим Алмазом",NG,,,,28,/accessary_blue_diamond_necklace_i00.webp,"No description for this item"
accessories,necklace,910,"Necklace of Devotion","Ожерелье Преданности",D,,,,32,/accessary_necklace_of_devotion_i00.webp,"No description for this item"
accessories,necklace,911,"Enchanted Necklace","Зачарованное Ожерелье",D,,,,36,/accessary_enchanted_necklace_i00.webp,"No description for this item"
accessories,necklace,912,"Near Forest Necklace","Ожерелье Подлеска",D,,,,40,/accessary_near_forest_necklace_i00.webp,"No description for this item"
accessories,necklace,913,"Elven Necklace","Ожерелье Эльфов",D,,,,45,/accessary_elven_necklace_i00.webp,"No description for this item"
accessories,necklace,914,"Necklace of Darkness","Ожерелье Тьмы",D,,,,48,/accessary_necklace_of_darkness_i00.webp,"No description for this item"
accessories,necklace,915,"Aquastone Necklace","Бирюзовое Ожерелье",C,,,,52,/accessary_aquastone_necklace_i00.webp,"No description for this item"
accessories,necklace,916,"Necklace of Protection","Ожерелье Защиты",C,,,,56,/accessary_necklace_of_protection_i00.webp,"No description for this item"
accessories,necklace,917,"Necklace of Mermaid","Ожерелье Русалки",C,,,,60,/accessary_necklace_of_mermaid_i00.webp,"No description for this item"
accessories,necklace,119,"Necklace of Binding","Ожерелье Печати",C,,,,64,/accessary_necklace_of_binding_i00.webp,"No description for this item"
accessories,necklace,918,"Adamantite Necklace","Адамантитовое Ожерелье",B,,,,68,/accessary_adamantite_necklace_i00.webp,"No description for this item"
accessories,necklace,931,"Necklace of Grace","Ожерелье Грации",B,,,,68,/accessary_necklace_of_grace_i00.webp,"No description for this item"
accessories,necklace,926,"Necklace of Black Ore","Черное Ожерелье",B,,,,72,/accessary_necklace_of_black_ore_i00.webp,"No description for this item"
accessories,necklace,6323,"Sealed Phoenix Necklace","Запечатанное Ожерелье Феникса",A,,,,76,/accessary_phoenixs_necklace_i02.webp,"The seal can be broken with the help of the Blacksmith of Mammon. When the seal is broken, the effects of M. Def+4 and MP+26 are given."
accessories,necklace,6326,"Sealed Majestic Necklace","Запечатанное Ожерелье Величия",A,,,,80,/accessary_inferno_necklace_i02.webp,"The seal can be broken with the help of the Blacksmith of Mammon. When the seal is broken, the effects of M. Def.+5 and MP+33 are given."
accessories,necklace,6726,"Sealed Tateossian Necklace","Запечатанное Ожерелье Татеосса",S,,,,91,/accessory_tateossian_necklace_i02.webp,"The seal can be broken with the help of the Blacksmith of Mammon. Once the seal is broken, the effect of M. Def+4 and MP+42 are given."
accessories,necklace,9453,"Sealed Dynasty Necklace","Запечатанное Ожерелье Династии",S80,,,,95,/accessary_dynasty_necklace_i01.webp,"Seal can be removed by the Blacksmith of Mammon or Maestro Ishuma. When the seal is released, M. Def. +11 and MP +46."
accessories,necklace,15768,"Sealed Moirai Necklace","Запечатанное Ожерелье Дестино",S80,,,,101,/accessary_sealed_bluelycan_necklace_i00.webp,"Sealed Moirai Necklace. Seal can be removed by the Blacksmith of Mammon or Maestro Ishuma. When the seal is released, has an M. Def. +14 and MP+48."
accessories,necklace,14161,"Sealed Vesper Necklace","Запечатанное Ожерелье Венеры",S84,,,,110,/vesper_necklace_i01.webp,"Seal can be removed by the Blacksmith of Mammon or Maestro Ishuma. When the seal is released, the effect is M. Def.+15 and MP+50."
accessories,necklace,15765,"Sealed Vorpal Necklace","Запечатанное Ожерелье Верпеса",S84,,,,115,/accessary_sealed_ponshrnoen_necklace_i00.webp,"Sealed Vorpal Necklace. Seal can be removed by the Blacksmith of Mammon or Maestro Ishuma. When the seal is released, has an M. Def. +16 and MP+51."
accessories,necklace,15762,"Sealed Elegia Necklace","Запечатанное Ожерелье Элегии",S84,,,,121,/accessary_sealed_verpes_necklace_i00.webp,"Sealed Elegia Necklace. Seal can be removed by the Blacksmith of Mammon or Maestro Ishuma. When the seal is released, has an M. Def. +17 and MP+52."
accessories,earring,112,"Apprentice's Earring","Серьга Ученика",NG,,,,11,/accessary_apprentices_earing_i00.webp,"No description for this item"
accessories,earring,113,"Mystic's Earring","Серьга Мистика",NG,,,,13,/accessary_mage_earing_i00.webp,"No description for this item"
accessories,earring,114,"Earring of Strength","Серьга Силы",NG,,,,16,/accessary_earing_of_strength_i00.webp,"No description for this item"
accessories,earring,115,"Earring of Wisdom","Серьга Мудрости",NG,,,,16,/accessary_earing_of_wisdom_i00.webp,"No description for this item"
accessories,earring,845,"Cat's Eye Earring","Серьга Кошачьего Глаза",NG,,,,19,/accessary_catseye_earing_i00.webp,"No description for this item"
accessories,earring,846,"Coral Earring","Коралловая Серьга",NG,,,,21,/accessary_coral_earing_i00.webp,"No description for this item"
accessories,earring,847,"Red Crescent Earring","Серьга Багрового Полумесяца",D,,,,24,/accessary_red_cresent_earing_i00.webp,"No description for this item"
accessories,earring,848,"Enchanted Earring","Зачарованная Серьга",D,,,,27,/accessary_enchanted_earing_i00.webp,"No description for this item"
accessories,earring,849,"Tiger's Eye Earring","Серьга Тигрового Глаза",D,,,,30,/accessary_tigerseye_earing_i00.webp,"No description for this item"
accessories,earring,850,"Elven Earring","Серьга Эльфов",D,,,,34,/accessary_elven_earing_i00.webp,"No description for this item"
accessories,earring,851,"Omen Beast's Eye Earring","Серьга Зверя Знамения",D,,,,36,/accessary_onyxbeastseye_earing_i00.webp,"No description for this item"
accessories,earring,852,"Moonstone Earring","Серьга Лунного Камня",C,,,,39,/accessary_moonstone_earing_i00.webp,"No description for this item"
accessories,earring,853,"Earring of Protection","Серьга Защиты",C,,,,42,/accessary_earing_of_protection_i00.webp,"No description for this item"
accessories,earring,854,"Earring of Binding","Серьга Печати",C,,,,45,/accessary_earing_of_binding_i00.webp,"No description for this item"
accessories,earring,855,"Nassen's Earring","Серьга Нассена",C,,,,48,/accessary_nassens_earing_i00.webp,"No description for this item"
accessories,earring,856,"Adamantite Earring","Адамантитовая Серьга",B,,,,51,/accessary_adamantite_earing_i00.webp,"No description for this item"
accessories,earring,864,"Earring of Black Ore","Черная Серьга",B,,,,54,/accessary_earing_of_black_ore_i00.webp,"No description for this item"
accessories,earring,6324,"Sealed Phoenix Earring","Запечатанная Серьга Феникса",A,,,,57,/accessary_phoenixs_earing_i02.webp,"The seal can be broken with the help of the Blacksmith of Mammon. When the seal is broken, the effects of M. Def.+3 and MP+20 are given."
accessories,earring,6327,"Sealed Majestic Earring","Запечатанная Серьга Величия",A,,,,60,/accessary_inferno_earing_i02.webp,"The seal can be broken with the help of the Blacksmith of Mammon. When the seal is broken, the effects of M. Def.+3 and MP+25 are given."
accessories,earring,6724,"Sealed Tateossian Earring","Запечатанная Серьга Татеосса",S,,,,68,/accessory_tateossian_earring_i02.webp,"The seal can be broken with the help of the Blacksmith of Mammon. When the seal is broken, the effect of M. Def+3 and MP+31 is given."
accessories,earring,9452,"Sealed Dynasty Earring","Запечатанная Серьга Династии",S80,,,,71,/accessary_dynasty_earing_i01.webp,"Seal can be removed by the Blacksmith of Mammon or Maestro Ishuma. When the seal is released, M. Def. +15 and MP +50."
accessories,earring,15767,"Sealed Moirai Earring","Запечатанная Серьга Дестино",S80,,,,76,/accessary_sealed_bluelycan_earring_i00.webp,"Sealed Moirai Earring. Seal can be removed by the Blacksmith of Mammon or Maestro Ishuma. When the seal is released, has M. Def. +10 and MP+36."
accessories,earring,14160,"Sealed Vesper Earring","Запечатанная Серьга Венеры",S84,,,,83,/vesper_earring_i01.webp,"Seal can be removed by the Blacksmith of Mammon or Maestro Ishuma. When the seal is released, the effect is M. Def. +11 and MP+37."
accessories,earring,15764,"Sealed Vorpal Earring","Запечатанная Серьга Верпеса",S84,,,,86,/accessary_sealed_ponshrnoen_earring_i00.webp,"Sealed Vorpal Earring. Seal can be removed by the Blacksmith of Mammon or Maestro Ishuma. When the seal is released, has an M. Def. +12 and MP+38."
accessories,earring,15761,"Sealed Elegia Earring","Запечатанная Серьга Элегии",S84,,,,92,/accessary_sealed_verpes_earring_i00.webp,"Sealed Elegia Earring. Seal can be removed by the Blacksmith of Mammon or Maestro Ishuma. When the seal is released, has an M. Def. +12 and MP+39."
accessories,ring,116,"Magic Ring","Магическое Кольцо",NG,,,,7,/accessary_magic_ring_i00.webp,"No description for this item"
accessories,ring,875,"Ring of Knowledge","Кольцо Знаний",NG,,,,9,/accessary_ring_of_knowledge_i00.webp,"A gold ring with delicately engraved rune characters of knowledge."
accessories,ring,876,"Ring of Anguish","Кольцо Мучений",NG,,,,11,/accessary_ring_of_anguish_i00.webp,"A gold ring with engraved rune characters of anguish."
accessories,ring,1508,"Ring of Raccoon","Кольцо Енота",NG,,,,11,/accessary_ring_of_raccoon_i00.webp,"A ring given to apprentices of the Bronze Key Guild."
accessories,ring,1509,"Ring of Firefly","Кольцо Светлячка",NG,,,,11,/accessary_ring_of_firefly_i00.webp,"A ring given to apprentices of the Black Anvil Guild."
accessories,ring,877,"Ring of Wisdom","Кольцо Мудрости",NG,,,,12,/accessary_ring_of_wisdom_i00.webp,"No description for this item"
accessories,ring,878,"Blue Coral Ring","Синее Коралловое Кольцо",NG,,,,14,/accessary_blue_coral_ring_i00.webp,"No description for this item"
accessories,ring,890,"Ring of Devotion","Кольцо Преданности",D,,,,16,/accessary_ring_of_devotion_i00.webp,"No description for this item"
accessories,ring,879,"Enchanted Ring","Зачарованное Кольцо",D,,,,18,/accessary_enchanted_ring_i00.webp,"No description for this item"
accessories,ring,880,"Black Pearl Ring","Кольцо из Черного Жемчуга",D,,,,20,/accessary_black_pearl_ring_i00.webp,"No description for this item"
accessories,ring,881,"Elven Ring","Кольцо Эльфов",D,,,,22,/accessary_elven_ring_i00.webp,"No description for this item"
accessories,ring,882,"Mithril Ring","Мифриловое Кольцо",D,,,,24,/accessary_mithril_ring_i00.webp,"No description for this item"
accessories,ring,883,"Aquastone Ring","Бирюзовое Кольцо",C,,,,26,/accessary_aquastone_ring_i00.webp,"No description for this item"
accessories,ring,884,"Ring of Protection","Кольцо Защиты",C,,,,28,/accessary_ring_of_protection_i00.webp,"No description for this item"
accessories,ring,885,"Ring of Ages","Кольцо Эпох",C,,,,30,/accessary_ring_of_ages_i00.webp,"No description for this item"
accessories,ring,886,"Ring of Binding","Кольцо Печати",C,,,,32,/accessary_ring_of_binding_i00.webp,"No description for this item"
accessories,ring,887,"Adamantite Ring","Адамантитовое Кольцо",B,,,,34,/accessary_adamantite_ring_i00.webp,"No description for this item"
accessories,ring,895,"Ring of Black Ore","Черное Кольцо",B,,,,36,/accessary_ring_of_black_ore_i00.webp,"No description for this item"
accessories,ring,6660,"Ring of Queen Ant","Кольцо Королевы Муравьев",B,,,,48,/accessory_ring_of_queen_ant_i00.webp,"Produces the following effects: MP +21, 60% increase in resistance to poisoning, increase in accuracy, increase in critical damage, and 40% increase in resistance to hold.  If a character wears two identical rings, only the effect of one ring will be appl"
accessories,ring,6325,"Sealed Phoenix Ring","Запечатанное Кольцо Феникса",A,,,,38,/accessary_phoenixs_ring_i02.webp,"The seal can be broken with the help of the Blacksmith of Mammon. When the seal is broken, the effects of M. Def.+2 and MP+13 are given."
accessories,ring,6328,"Sealed Majestic Ring","Запечатанное Кольцо Величия",A,,,,40,/accessary_inferno_ring_i02.webp,"The seal can be broken with the help of the Blacksmith of Mammon. When the seal is broken, the effects of M. Def.+2 and MP+17 are given."
accessories,ring,6725,"Sealed Tateossian Ring","Запечатанное Кольцо Татеосса",S,,,,46,/accessory_tateossian_ring_i02.webp,"The seal of this item can be broken by going through the Blacksmith of Mammon. When the seal is broken, it will produce the effects of M. Def. +2 and MP+21."
accessories,ring,9454,"Sealed Dynasty Ring","Запечатанное Кольцо Династии",S80,,,,53,/accessary_dynasty_ring_i01.webp,"Seal can be removed by the Blacksmith of Mammon or Maestro Ishuma. When the seal is released, M. Def. +7 and MP +23."
accessories,ring,15766,"Sealed Moirai Ring","Запечатанное Кольцо Дестино",S80,,,,53,/accessary_sealed_bluelycan_ring_i00.webp,"Sealed Moirai Ring. Seal can be removed by the Blacksmith of Mammon or Maestro Ishuma. When the seal is released, has an M. Def. +7 and MP+24."
accessories,ring,14162,"Sealed Vesper Ring","Запечатанное Кольцо Венеры",S84,,,,55,/vesper_ring_i01.webp,"Seal can be removed by the Blacksmith of Mammon or Maestro Ishuma. When the seal is released, the effect is M. Def.+7 and MP+25."
accessories,ring,15763,"Sealed Vorpal Ring","Запечатанное Кольцо Верпеса",S84,,,,57,/accessary_sealed_ponshrnoen_ring_i00.webp,"Sealed Vorpal Ring. Seal can be removed by the Blacksmith of Mammon or Maestro Ishuma. When the seal is released, has an M. Def. +8 and MP+26."
accessories,ring,15760,"Sealed Elegia Ring","Запечатанное Кольцо Элегии",S84,,,,61,/accessary_sealed_verpes_ring_i00.webp,"Sealed Elegia Ring. Seal can be removed by the Blacksmith of Mammon or Maestro Ishuma. When the seal is released, has an M. Def. +8 and MP+27."
other,soulshot,1835,"Soulshot: No Grade","Заряд Души: Без Ранга",NG,,,,,/etc_spirit_bullet_white_i00.webp,"The power of a higher-level spirit is bestowed upon a weapon, temporarily increasing power of attack. Used with a No grade weapon."
other,soulshot,2509,"Spiritshot: No Grade","Заряд Духа: Без Ранга",NG,,,,,/etc_spell_shot_white_i00.webp,"The power of a higher-level spirit is bestowed upon a weapon causing its magic power to momentarily increase. Used with a no grade weapon."
other,soulshot,3947,"Blessed Spiritshot: No Grade","Благословенный Заряд Духа: Без Ранга",NG,,,,,/etc_spell_shot_white_i01.webp,"The power of a higher-level spirit is bestowed upon a weapon, temporarily increasing its magic significantly. Used with No Grade weapons."
other,soulshot,1463,"Soulshot: D-grade","Заряд Души: Ранг D",D,,,,,/etc_spirit_bullet_blue_i00.webp,"The power of a higher-level spirit is bestowed upon a weapon, temporarily increasing power of attack. Used with a D-grade weapon."
other,soulshot,2510,"Spiritshot: D-grade","Заряд Духа: Ранг D",D,,,,,/etc_spell_shot_blue_i00.webp,"The power of a higher-level spirit is bestowed upon a weapon causing its magic power to momentarily increase. Used with a D-grade weapon."
other,soulshot,3948,"Blessed Spiritshot: D-Grade","Благословенный Заряд Духа: Ранг D",D,,,,,/etc_spell_shot_blue_i01.webp,"The power of a higher-level spirit is bestowed upon a weapon, temporarily increasing its magic significantly. Used with D-grade weapons."
other,soulshot,1464,"Soulshot: C-grade","Заряд Души: Ранг C",C,,,,,/etc_spirit_bullet_green_i00.webp,"The power of a higher-level spirit is bestowed upon a weapon, temporarily increasing power of attack. Used with a C-grade weapon."
other,soulshot,2511,"Spiritshot: C-grade","Заряд Духа: Ранг C",C,,,,,/etc_spell_shot_green_i00.webp,"The power of a higher-level spirit is bestowed upon a weapon causing its magic power to momentarily increase. Used with a C-grade weapon."
other,soulshot,3949,"Blessed Spiritshot: C-Grade","Благословенный Заряд Духа: Ранг C",C,,,,,/etc_spell_shot_green_i01.webp,"The power of a higher-level spirit is bestowed upon a weapon, temporarily increasing its magic significantly. Used with C-grade weapons."
other,soulshot,1465,"Soulshot: B-grade","Заряд Души: Ранг B",B,,,,,/etc_spirit_bullet_red_i00.webp,"The power of a higher-level spirit is bestowed upon a weapon, temporarily increasing power of attack. Used with a B-grade weapon."
other,soulshot,2512,"Spiritshot: B-grade","Заряд Духа: Ранг B",B,,,,,/etc_spell_shot_red_i00.webp,"The power of a higher-level spirit is bestowed upon a weapon causing its magic power to momentarily increase. Used with a B-grade weapon."
other,soulshot,3950,"Blessed Spiritshot: B-Grade","Благословенный Заряд Духа: Ранг B",B,,,,,/etc_spell_shot_red_i01.webp,"The power of a higher-level spirit is bestowed upon a weapon, temporarily increasing its magic significantly. Used with B-grade weapons."
other,soulshot,1466,"Soulshot: A-grade","Заряд Души: Ранг A",A,,,,,/etc_spirit_bullet_silver_i00.webp,"The power of a higher-level spirit is bestowed upon a weapon, temporarily increasing power of attack. Used with an A-grade weapon."
other,soulshot,2513,"Spiritshot: A-grade","Заряд Духа: Ранг A",A,,,,,/etc_spell_shot_silver_i00.webp,"The power of a higher-level spirit is bestowed upon a weapon causing its magic power to momentarily increase. Used with an A-grade weapon."
other,soulshot,3951,"Blessed Spiritshot: A-Grade","Благословенный Заряд Духа: Ранг A",A,,,,,/etc_spell_shot_silver_i01.webp,"The power of a higher-level spirit is bestowed upon a weapon, temporarily increasing its magic significantly. Used with a-grade weapons."
other,soulshot,1467,"Soulshot: S-grade","Заряд Души: Ранг S",S,,,,,/etc_spirit_bullet_gold_i00.webp,"The power of a higher-level spirit is bestowed upon a weapon, temporarily increasing power of attack. Used with an S-grade weapon."
other,soulshot,2514,"Spiritshot: S-grade","Заряд Духа: Ранг S",S,,,,,/etc_spell_shot_gold_i00.webp,"The power of a higher-level spirit is bestowed upon a weapon causing its magic power to momentarily increase. Used with an S-grade weapon."
other,soulshot,3952,"Blessed Spiritshot: S-Grade","Благословенный Заряд Духа: Ранг S",S,,,,,/etc_spell_shot_gold_i01.webp,"The power of a higher-level spirit is bestowed upon a weapon, temporarily increasing its magic significantly. Used with S-grade weapons."
other,resource,1864,"Stem","Стебель",NG,,,,,/etc_branch_gold_i00.webp,"A material used to make Dwarven items. Can be sold in any shop."
other,resource,1880,"Steel","Сталь",NG,,,,,/etc_lump_black_i00.webp,"A material used to make Dwarven items. Can be sold in any shop."
other,resource,1870,"Coal","Уголь",NG,,,,,/etc_coal_i00.webp,"A material used to make Dwarven items. Can be sold in any shop."
other,resource,1878,"Braided Hemp","Плетеный Лен",NG,,,,,/etc_braided_hemp_i00.webp,"A material used to make Dwarven items. Can be sold in any shop."
other,resource,3031,"Spirit Ore","Руда Духов",NG,,,,,/etc_stone_gray_i00.webp,"A material used by Dwarves in item manufacturing. Can be sold in any shop."
other,resource,1866,"Suede","Замша",NG,,,,,/etc_suede_i00.webp,"A material used to make Dwarven items. Can be sold in any shop."
other,resource,1868,"Thread","Нитки",NG,,,,,/etc_skein_white_i00.webp,"A material used to make Dwarven items. Can be sold in any shop."
other,resource,1883,"Steel Mold","Стальная Заготовка",NG,,,,,/etc_mold_i00.webp,"A material used to make Dwarven items. Can be sold in any shop."
other,resource,1867,"Animal Skin","Шкура Животного",NG,,,,,/etc_leather_brown_i00.webp,"A material used to make Dwarven items. Can be sold in any shop."
other,resource,1865,"Varnish","Лак",NG,,,,,/etc_pouch_yellow_i00.webp,"A material used to make Dwarven items. Can be sold in any shop."
other,resource,1869,"Iron Ore","Железная Руда",NG,,,,,/etc_lump_gray_i00.webp,"A material used to make Dwarven items. Can be sold in any shop."
other,resource,1785,"Soul Ore","Руда Души",NG,,,,,/etc_crystal_white_i00.webp,"A material used by Dwarves in item manufacturing. Can be sold in any shop."
other,resource,1872,"Animal Bone","Кость Животного",NG,,,,,/etc_piece_bone_white_i00.webp,"A material used to make Dwarven items. Can be sold in any shop."
other,resource,2130,"Gemstone D","Самоцвет: Ранг D",D,,,,,/etc_crystal_ball_silver_i00.webp,""
other,resource,1458,"Crystal (D-Grade)","Кристалл: Ранг D",D,,,,,/etc_crystal_blue_i00.webp,"A crystal of D-Grade."
other,resource,1873,"Silver Nugget","Серебряный Слиток",D,,,,,/etc_silver_i00.webp,"A material used to make Dwarven items. Can be sold in any shop."
other,resource,1879,"Cokes","Кокс",D,,,,,/etc_oil_pot_black_i00.webp,"A material used to make Dwarven items. Can be sold in any shop."
other,resource,1881,"Coarse Bone Powder","Грубый Костный Порошок",D,,,,,/etc_powder_white_i00.webp,"A material used to make Dwarven items. Can be sold in any shop."
other,resource,1882,"Leather","Кожа",D,,,,,/etc_leather_i00.webp,"A material used to make Dwarven items. Can be sold in any shop."
other,resource,1884,"Cord","Веревка",D,,,,,/etc_skein_gray_i00.webp,"A material used to make Dwarven items. Can be sold in any shop."
other,resource,1885,"High Grade Suede","Качественная Замша",D,,,,,/etc_pouch_yellow_i00.webp,"A material used to make Dwarven items. Can be sold in any shop."
other,resource,1871,"Charcoal","Древесный Уголь",D,,,,,/etc_charcoal_i00.webp,"A material used to make Dwarven items. Can be sold in any shop."
other,resource,1886,"Silver Mold","Серебряная Заготовка",D,,,,,/etc_silver_mold_i00.webp,"A material used to make Dwarven items. Can be sold in any shop."
other,resource,1890,"Mithril Alloy","Мифриловый Сплав",C,,,,,/etc_lump_white_i00.webp,"A material used to make Dwarven items. Can be sold in any shop."
other,resource,1874,"Oriharukon Ore","Орихаруконовая Руда",C,,,,,/etc_oriharukon_ore_i00.webp,"A material used to make Dwarven items. Can be sold in any shop."
other,resource,1892,"Blacksmith's Frame","Заготовка Кузнеца",C,,,,,/etc_blacksmiths_frame_i00.webp,"A material used to make Dwarven items. Can be sold in any shop."
other,resource,1889,"Compound Braid","Прочный Шнурок",C,,,,,/etc_compound_braid_i00.webp,"A material used to make Dwarven items. Can be sold in any shop."
other,resource,1894,"Crafted Leather","Выделанная Кожа",C,,,,,/etc_crafted_leather_i00.webp,"A material used to make Dwarven items. Can be sold in any shop."
other,resource,1876,"Mithril Ore","Мифриловая Руда",C,,,,,/etc_mithril_ore_i00.webp,"A material used to make Dwarven items. Can be sold in any shop."
other,resource,1895,"Metallic Fiber","Металлическое Волокно",C,,,,,/etc_metallic_fiber_i00.webp,"A material used to make Dwarven items. Can be sold in any shop."
other,resource,1891,"Artisan's Frame","Заготовка Ремесленника",C,,,,,/etc_artisans_frame_i00.webp,"A material used to make Dwarven items. Can be sold in any shop."
other,resource,1893,"Oriharukon","Орихарукон",C,,,,,/etc_oriharukon_i00.webp,"A material used to make Dwarven items. Can be sold in any shop."
other,resource,1875,"Stone of Purity","Камень Чистоты",C,,,,,/etc_crystal_ball_white_i00.webp,"A material used to make Dwarven items. Can be sold in any shop."
other,resource,2131,"Gemstone C","Самоцвет: Ранг C",C,,,,,/etc_crystal_ball_green_i00.webp,""
other,resource,1877,"Adamantite Nugget","Адамантитовый Слиток",C,,,,,/etc_adamantite_i00.webp,"A material used to make Dwarven items. Can be sold in any shop."
other,resource,1459,"Crystal (C-Grade)","Кристалл: Ранг C",C,,,,,/etc_crystal_green_i00.webp,"A crystal of C-Grade."
other,resource,5220,"Metal Hardener","Отвердитель Металла",C,,,,,/etc_plate_blue_i00.webp,"Ingredient used by Dwarves. It is specifically designed to be used to create C-grade items. Available in general stores."
other,resource,1887,"Varnish of Purity","Очищенный Лак",C,,,,,/etc_potion_clear_i00.webp,"A material used to make Dwarven items. Can be sold in any shop."
other,resource,1888,"Synthetic Cokes","Синтетический Кокс",C,,,,,/etc_synthetic_cokes_i00.webp,"A material used to make Dwarven items. Can be sold in any shop."
other,resource,2132,"Gemstone B","Самоцвет: Ранг B",B,,,,,/etc_bead_green_i00.webp,""
other,resource,4046,"Maestro Anvil Lock","Замок Мастера",B,,,,,/etc_lump_dark_gray_i00.webp,"Ingredient used in making Dwarven items. Can also be sold at ordinary shops."
other,resource,4039,"Mold Glue","Клей",B,,,,,/etc_reagent_red_i00.webp,"Ingredient for making upper garment tools. Can also be sold at ordinary shops."
other,resource,4040,"Mold Lubricant","Смазка",B,,,,,/etc_reagent_gold_i00.webp,"Ingredient for making upper garment tools. Can also be sold at ordinary shops."
other,resource,4041,"Mold Hardener","Отвердитель Формы",B,,,,,/etc_reagent_blue_i00.webp,"Ingredient for making upper garment tools. Can also be sold at ordinary shops."
other,resource,1460,"Crystal (B-Grade)","Кристалл: Ранг B",B,,,,,/etc_crystal_red_i00.webp,"A crystal of B-Grade."
other,resource,4048,"Maestro Mold","Заготовка Мастера",B,,,,,/etc_silver_mold_i00.webp,"Ingredient used in making Dwarven items. Can also be sold at ordinary shops."
other,resource,4047,"Craftsman Mold","Заготовка Работника",B,,,,,/etc_mold_i00.webp,"Ingredient used in making Dwarven items. Can also be sold at ordinary shops."
other,resource,4045,"Maestro Holder","Тиски Мастера",B,,,,,/etc_lump_yellow_i00.webp,"Ingredient used in making Dwarven items. Can also be sold at ordinary shops."
other,resource,4042,"Enria","Энрия",B,,,,,/etc_gem_red_i00.webp,"Crystal representing revenge and destruction. Used for making items of B-Grade and above and can also be sold at ordinary shops."
other,resource,4043,"Asofe","Азоф",B,,,,,/etc_gem_blue_i00.webp,"Crystal representing life and protection. Used for making items of B-Grade and above and can also be sold at ordinary shops."
other,resource,4048,"Maestro Mold","Заготовка Мастера",B,,,,,/etc_silver_mold_i00.webp,"Ingredient used in making Dwarven items. Can also be sold at ordinary shops."
other,resource,1461,"Crystal (A-Grade)","Кристалл: Ранг A",A,,,,,/etc_crystal_silver_i00.webp,"A crystal of A-Grade."
other,resource,2133,"Gemstone A","Самоцвет: Ранг A",A,,,,,/etc_bead_red_i00.webp,""
other,resource,2134,"Gemstone S","Самоцвет: Ранг S",A,,,,,/etc_bead_silver_i00.webp,""
other,resource,5549,"Metallic Thread","Металлическая Нить",A,,,,,/etc_skein_gray_i00.webp,"Material used by a Dwarf to make an item. It can be sold at a regular store."
other,resource,5550,"Durable Metal Plate","Прочный Лист Стали",A,,,,,/etc_squares_wood_i00.webp,"Material used by a Dwarf to make an item. It can be sold at a regular store."
other,resource,5551,"Leolin's Mold","Заготовка Реорина",A,,,,,/etc_blacksmiths_frame_i00.webp,"Material used by a Dwarf to make an item. It can be sold at a regular store."
other,resource,5552,"Warsmith's Mold","Заготовка Оружейника",A,,,,,/etc_blacksmiths_frame_i00.webp,"Material used by a Dwarf to make an item. It can be sold at a regular store."
other,resource,5553,"Arcsmith's Anvil","Наковальня Кузнеца",A,,,,,/etc_blacksmiths_frame_i00.webp,"Material used by a Dwarf to make an item. It can be sold at a regular store."
other,resource,5554,"Warsmith's Holder","Рукоять Кузнеца",A,,,,,/etc_blacksmiths_frame_i00.webp,"Material used by a Dwarf to make an item. It can be sold at a regular store."
other,resource,1462,"Crystal (S-Grade)","Кристалл: Ранг S",S,,,,,/etc_crystal_gold_i00.webp,"A crystal of S-Grade."
other,resource,9629,"Adamantine","Адамантит",S80,,,,,/etc_adamantium_i00.webp,"Material used to build Dwarven items. Can be sold at an ordinary store."
other,resource,9628,"Leonard","Леонард",S80,,,,,/etc_high_gem_black_i00.webp,"Material used to build Dwarven items. Can be sold at an ordinary store."
other,resource,9630,"Orichalcum","Медь",S80,,,,,/etc_oricalcum_i00.webp,"Material used to build Dwarven items. Can be sold at an ordinary store."