Role,ID,Name_EN,Name_RU,Level,Race,EXP,Icon
Boss,discard_guardian,"Discarded Guardian","Отверженный Стражник",20,Construct,3041766,/skill4291.webp
Boss,zombie_lord_farakelsus,"Zombie Lord Farakelsus","Повелитель Зомби Фаракелсус",20,Undead,3041766,/skill4290.webp
Boss,madness_beast,"Madness Beast","Зверь Безумия",20,Beast,3041766,/skill4292.webp
Boss,serpent_demon_bifrons,"Serpent Demon Bifrons","Змеедемон Бифронс",21,Beast,2646357,/skill4292.webp
Boss,sukar_wererat_chief,"Sukar Wererat Chief","Вожак Трусливых Крысолюдов",21,Humanoid,2646357,/skill4295.webp
Boss,malex_herald_of_dagoniel,"Malex Herald of Dagoniel ","Герольд Дагониэля Малекс",21,Demonic,2646357,/skill4298.webp
Boss,kaysha_herald_of_ikaros,"Kaysha Herald of Icarus","Герольд Икара Кайша",21,Demonic,2646357,/skill4298.webp
Boss,greyclaw_kutus,"Greyclaw Kutus","Кутус Серый Коготь",23,Humanoid,2690117,/skill4295.webp
Boss,tracker_sharuk,"Tracker Leader Sharuk","Главарь Охотников Шарук",23,Humanoid,2690117,/skill4295.webp
Boss,priest_of_kuroboros,"Kuroboros' Priest","Жрец Куробороса",23,Humanoid,2690117,/skill4295.webp
Boss,love_reverser_kael,"Unrequited Kael","Отверженная Каэль",24,Demonic,2584114,/skill4298.webp
Boss,langk_matriarch_rashkos,"Langk Matriarch Rashkos","Матриарх Лангк Рашкос",24,Humanoid,2584114,/skill4295.webp
Boss,pan_draid,"Pan Dryad","Пан Дриад",25,Fairy,2541012,/skill4302.webp
Boss,princess_molrang,"Princess Molrang","Принцесса Молранг",25,Animal,2541012,/skill4293.webp
Boss,zombie_lord_crowl,"Zombie Lord Crowl","Повелитель Зомби Кроул",25,Undead,2541012,/skill4290.webp
Boss,ikuntai,"Ikuntai","Икунтай",25,Undead,1589296,/skill4290.webp
Boss,soul_scavenger,"Soul Scavenger","Собиратель Душ",25,Undead,2541012,/skill4290.webp
Boss,betrayer_of_urutu_freki,"Betrayer of Urutu Freki","Предатель Уруту Фреки",25,Humanoid,2541012,/skill4295.webp
Boss,mammons_collector_talos,"Mammon Collector Talos","Коллекционер Маммона Талос",25,Demonic,2541012,/skill4298.webp
Boss,tiger_hornet,"Tiger Hornet","Тигровый Шершень",26,Bug,2487618,/skill4301.webp
Boss,patriarch_kuroboros,"Patriarch Kuroboros","Патриарх Куроборос",26,Humanoid,2487618,/skill4295.webp
Boss,tirak,"Tirak","Тирак",28,Demonic,2390045,/skill4298.webp
Boss,partisan_leader_talakin,"Partisan Leader Talakin","Главарь Партизан Талакин",28,Humanoid,2390045,/skill4295.webp
Boss,r08_leader_anakazel,"Anakazel","Анаказель",28,Demonic,1673031,/skill4298.webp
Boss,elf_renoa,"Elf Renoa","Эльф Реноа",29,Undead,2345715,/skill4290.webp
Boss,turek_mercenary_boss,"Turek Mercenary Captain","Капитан Наемников Турек",30,Humanoid,1868579,/skill4295.webp
Boss,catseye,"Cat's Eye Bandit","Бандит Кошачий Глаз",30,Humanoid,1868579,/skill4295.webp
Boss,meana_agent_of_beres,"Agent of Beres, Meana","Агент Белефа Мина",30,Beast,2308288,/skill4292.webp
Boss,ragraman,"Ragraman","Раграмэн",30,Humanoid,1868579,/skill4295.webp
Boss,apepi,"Apepi","Апепи",30,Beast,2308288,/skill4292.webp
Boss,giant_wasteland_basil,"Giant Wasteland Basilisk","Гигантский Пустырный Василиск",30,Beast,2308288,/skill4292.webp
Boss,grave_robber_akata,"Boss Akata","Босс Аката",30,Humanoid,2308288,/skill4295.webp
Boss,queens_nobel_leader,"Captain of Queen's Royal Guards","Капитан Королевской Стражи",32,Humanoid,1962692,/skill4295.webp
Boss,antaras_adherent_skyla,"Skyla","Скайла",32,Humanoid,1962692,/skill4295.webp
Boss,vuku_witchdr_gharmash,"Vuku Grand Seer Gharmash","Великий Пророк Вуку Гармаш",33,Humanoid,1932560,/skill4295.webp
Boss,nurkas_messenger,"Nurka's Messenger","Посланец Нурки",33,Humanoid,1932560,/skill4295.webp
Boss,corsair_captain_kylon,"Corsair Captain Kylon","Капитан Корсаров Килон",33,Undead,1932560,/skill4290.webp
Boss,breka_warlock_pastu,"Breka Warlock Pastu","Колдун Брека Пасту",34,Humanoid,1918617,/skill4295.webp
Boss,jeruna_queen,"Stakato Queen Zyrnna","Королева Стакато Зирна",34,Humanoid,2316590,/skill4295.webp
Boss,cronoss_summons_mumu,"Cronos's Servitor Mumu","Служитель Кроноса Маму",34,Elemental,1918617,/skill4296.webp
Boss,revenant_of_sir_calibus,"Revenant of Sir Calibus","Призрак Сэра Калибуса",34,Undead,1918617,/skill4290.webp
Boss,remmel,"Remmel","Реммель",35,Humanoid,1912395,/skill4295.webp
Boss,grandeur_soul_chertuba,"Chertuba of Great Soul","Чертуба Великий Дух",35,Humanoid,1912395,/skill4295.webp
Boss,sejarr_s_summoner,"Sejarr's Servitor","Служитель Седжара",35,Animal,1912395,/skill4293.webp
Boss,warden_guillotine,"Guilotine, Warden of the Execution Grounds","Смотритель Земли Казненных Гильотин",35,Undead,1912395,/skill4290.webp
Boss,flamelord_shadar,"Flame Lord Shadar","Повелитель Пламени Шадар",35,Demonic,1912395,/skill4298.webp
Boss,tasaba_patriarch_hellena,"Tasaba Patriarch Hellena","Хелена Патриарх Тасаба",35,Humanoid,1912395,/skill4295.webp
Boss,soul_collector_acheron,"Soul Collector Acheron","Собиратель Душ Ашерон",35,Demonic,1912395,/skill4298.webp
Boss,gargoyle_lord_sirocco,"Gargoyle Lord Sirocco","Повелитель Горгулий Сирокко",35,Construct,1912395,/skill4291.webp
Boss,redeye_leader_trakia,"Red Eye Captain Trakia","Красноглазый Капитан Тракиа",35,Humanoid,1912395,/skill4295.webp
Boss,eyes_of_bereth,"Eye of Beleth","Глаз Белефа",35,Construct,1912395,/skill4291.webp
Boss,sebek,"Sebek","Себек",36,Humanoid,1916442,/skill4295.webp
Boss,demon_tempest,"Evil Spirit Tempest","Беспокойный Злой Дух",36,Demonic,1916442,/skill4298.webp
Boss,rayito_the_looter,"Rayito the Looter","Грабитель Раито",37,Humanoid,1932589,/skill4295.webp
Boss,lizardman_leader_hellion,"Lizardmen Leader Hellion","Глава Ящеров Хеллион",38,Humanoid,1957608,/skill4295.webp
Boss,r18_leader_anakazel,"Anakazel","Анаказель",38,Demonic,1370326,/skill4298.webp
Boss,premo_prime_the_creature,"Premo Prime","Премо Прайм",38,Giant,1957608,/skill4300.webp
Boss,lost_cat_the_cat_a,"Leader of Cat Gang","Лидер Кошачьей Банды",39,Elemental,1988451,/skill4296.webp
Boss,spirits_of_nellis,"Nellis' Vengeful Spirit","Мстительный Дух Нелли",39,Undead,1988451,/skill4290.webp
Boss,wizard_of_storm_teruk,"Wizard of Storm Teruk","Чародей Бури Терук",40,Humanoid,2030965,/skill4295.webp
Boss,icarus_sample_21,"Icarus Sample 1","Тварь Икара I",40,Construct,2741414,/skill4291.webp
Boss,leto_chief_talkin,"Leto Chief Talkin","Глава Лито Талкин",40,Humanoid,2030965,/skill4295.webp
Boss,shaman_king_selu,"Shaman King Selu","Король Шаманов Селу",40,Humanoid,2741414,/skill4295.webp
Boss,water_couatl_ateka,"Water Couatle Ateka","Водный Змей Атека",40,Beast,2030965,/skill4292.webp
Boss,fafurions_pagehood_sika,"Fafurion's Page Sika","Сика Паж Фафуриона",40,Giant,2030965,/skill4300.webp
Boss,road_scavenger_leader,"Road Scavenger Leader","Главарь Придорожных Падальщиков",40,Humanoid,2030965,/skill4295.webp
Boss,nakondas,"Nakondas","Накондас",40,Dragon,2030965,/skill4299.webp
Boss,water_spirit_lian,"Water Spirit Lian","Дух Воды Лиан",40,Fairy,2030965,/skill4302.webp
Boss,gwindorr,"Gwindorr","Гвиндорр",40,Beast,2030965,/skill4292.webp
Boss,queen_ant,"Queen Ant","Королева Муравьев",40,Bug,2179536,/skill4301.webp
Boss,retreat_spider_cletu,"Retreat Spider Cletu","Паук Клету",42,Bug,3062105,/skill4301.webp
Boss,crazy_mechanic_golem,"Crazy Mechanic Golem","Сумасшедший Механический Голем",43,Construct,3128858,/skill4291.webp
Boss,earth_protecter_panathen,"Earth Protector Panathen","Панатен Защитник Земли",43,Humanoid,1976893,/skill4295.webp
Boss,timak_orc_hunter_a,"Timak Orc Chief Ranger","Глава Рейнджеров Орков Тимак",44,Humanoid,3196387,/skill4295.webp
Boss,repiro_rot_tree,"Rotten Tree Repiro","Трухлявое Дерево Репиро",44,Plant,2030767,/skill4294.webp
Boss,dread_avenger_kraven,"Dread Avenger Kraven","Грозный Мститель Крейвен",44,Undead,2030767,/skill4290.webp
Boss,flamestone_golem,"Flamestone Golem","Раскаленный Голем",44,Construct,2030767,/skill4291.webp
Boss,kelbar,"Thief Kelbar","Вор Келбар",44,Humanoid,2030767,/skill4295.webp
Boss,biconne_of_blue_sky,"Biconne of Blue Sky","Птицезмей",45,Beast,2085510,/skill4292.webp
Boss,shacram,"Shacram","Шакрам",45,Giant,2085510,/skill4300.webp
Boss,king_tiger_karuta,"Tiger King Karuta","Король Тигров Карута",45,Beast,2085510,/skill4292.webp
Boss,iron_giant_totem,"Iron Giant Totem","Железный Гигантский Тотем",45,Construct,3259016,/skill4291.webp
Boss,archon_susceptor,"Archon Suscepter","Сусцептор Архонт",45,Construct,2085510,/skill4291.webp
Boss,timak_orc_gosmos,"Timak Orc Gosmos","Орк Тимак Госмос",45,Humanoid,2085510,/skill4295.webp
Boss,monster_cyrion,"Evil Spirit Cyrion","Злой Дух Сирион",45,Dragon,2085510,/skill4299.webp
Boss,istary_papurrion,"Fafurion's Henchman Istary","Оруженосец Фафуриона Истари",45,Humanoid,2085510,/skill4295.webp
Boss,barion,"Barion","Барион",47,Undead,2205665,/skill4290.webp
Boss,necrosentinel_guard,"Necrosentinel Royal Guard","Королевский Некростраж",47,Undead,2205665,/skill4290.webp
Boss,king_tarlk,"King Tarlk","Король Тарлк",48,Giant,3443211,/skill4300.webp
Boss,r28_leader_anakazel,"Anakazel","Анаказель",48,Demonic,1586608,/skill4298.webp
Boss,handmaiden_of_orfen,"Orfen's Handmaiden","Служанка Орфена",48,Bug,2266583,/skill4301.webp
Boss,katu_van_atui,"Katu Van Leader Atui","Кату Главарь Авангарда Атуи",49,Humanoid,2328069,/skill4295.webp
Boss,karte,"Karte","Карте",49,Undead,2328069,/skill4290.webp
Boss,oblivion_s_mirror,"Mirror of Oblivion","Зеркало Забвения",49,Fairy,2328069,/skill4302.webp
Boss,ghost_of_peasant_leader,"Ghost of Peasant Leader","Призрак Главаря Крестьян",50,Undead,3551193,/skill4290.webp
Boss,obern_mgr_of_fairyqueen,"Messenger of Fairy Queen Berun","Посланник Королевы Фей Берун",50,Fairy,3551193,/skill4302.webp
Boss,carnage_lord_gato,"Carnage Lord Gato","Кровавый Повелитель Гато",50,Humanoid,2389767,/skill4295.webp
Boss,cursed_clala,"Cursed Clara","Проклятая Клара",50,Beast,2389767,/skill4292.webp
Boss,carnamakos,"Carnamakos","Карнамакос",50,Construct,3551193,/skill4291.webp
Boss,liliths_oracle_marilion,"Lilith's Witch Marilion","Марилион Ведьма Лилит",50,Demonic,3551193,/skill4298.webp
Boss,chief_mate_tilion,"Zaken's Chief Mate Tillion","Тилион Первый Помощник Закена",50,Undead,2389767,/skill4290.webp
Boss,core,"Core","Ядро",50,Construct,2041407,/skill4291.webp
Boss,orfen,"Orfen","Орфен",50,Fairy,2041407,/skill4302.webp
Boss,verfa,"Verfa","Верфа",51,Undead,2256714,/skill4290.webp
Boss,ereve_deathman,"Deadman Ereve","Мертвец Эрив",51,Undead,2256714,/skill4290.webp
Boss,master_of_ledflag_shaka,"Captain of Red Flag Shaka","Капитан Красного Флага Шака",52,Humanoid,3849013,/skill4295.webp
Boss,grave_rabber_khim,"Grave Robber Kim","Расхититель Могил Ким",52,Humanoid,2313340,/skill4295.webp
Boss,papurrion_pingolpin,"Fafurion's Envoy Pingolpin","Посланник Фафуриона Пинголпин",52,Bug,2313340,/skill4301.webp
Boss,dr_chaos_gigantic_golem,"Gigantic Chaos Golem","Гигантский Голем Хаоса",52,Construct,2313340,/skill4291.webp
Boss,atraiban,"Atraiban","Атрайбан",53,Construct,3895772,/skill4291.webp
Boss,magician_kenishee,"Magus Kenishee","Маг Кениши",53,Demonic,2368104,/skill4298.webp
Boss,darkness_shaman_baranka,"Dark Shaman Varangka ","Темный Шаман Фаранги",53,Humanoid,2368104,/skill4295.webp
Boss,unicorn_paniel,"Paniel the Unicorn","Единорог Паниэль",54,Elemental,2422283,/skill4296.webp
Boss,furious_thieles,"Furious Thieles","Яростный Тилес",55,Elemental,3983098,/skill4296.webp
Boss,fairys_watcher_ruell,"Enchanted Forest Watcher Ruell","Смотритель Зачарованного Леса Руэль",55,Elemental,2477107,/skill4296.webp
Boss,sorcery_isirr,"Sorcerer Isirr","Волшебник Исирр",55,Humanoid,2477107,/skill4295.webp
Boss,bereths_seer_sephia,"Beleth's Seer Sephia","Пророк Белефа Сефия",55,Demonic,2477107,/skill4298.webp
Boss,witch_wimere,"Black Lily","Черная Лилия",55,Demonic,2477107,/skill4298.webp
Boss,harit_hero_tamash,"Harit Hero Tamash","Герой Харит Тамаш",55,Humanoid,3983098,/skill4295.webp
Boss,zakens_butcher_krantz,"Zaken's Butcher Krantz","Мясник Закена Кранц",55,Giant,3983098,/skill4300.webp
Boss,pagan_warder_cerberon,"Pagan Watcher Cerberon","Языческий Смотритель Церберон",55,Angel,3983098,/skill4297.webp
Boss,bandit_leader_barda,"Bandit Leader Barda","Барда Главарь Банды",55,Humanoid,2477107,/skill4295.webp
Boss,ghost_kabed,"Ghost Knight Kabed","Призрачный Рыцарь Кабед",55,Undead,2477107,/skill4290.webp
Boss,niniel_spirit_eva,"Eva's Spirit Niniel","Ниниэль Дух Евы",55,Elemental,2477107,/skill4296.webp
Boss,refuge_hoper_leo,"Refugee Hopeful Leo","Отчаявшийся Беженец Лео",56,Humanoid,2529799,/skill4295.webp
Boss,harit_tutelar_garangky,"Harit Guardian Garangky","Стражник Харита Гаранки",56,Beast,2529799,/skill4292.webp
Boss,timak_seer_ragoth,"Timak Seer Ragoth","Пророк Тимака Рагот",57,Humanoid,2581681,/skill4295.webp
Boss,eva_guardian_millenu,"Eva's Guardian Millenu","Стражник Евы Миллену",58,Demonic,4092905,/skill4298.webp
Boss,r38_leader_anakazel,"Anakazel","Анаказель",58,Demonic,1843815,/skill4298.webp
Boss,soulless_wild_boar,"Soulless Wild Boar","Бездушный Дикий Кабан",59,Animal,2684275,/skill4293.webp
Boss,kurikups,"Demon Kurikups","Демон Курикупс",59,Demonic,2684275,/skill4298.webp
Boss,nightmare_drake,"Abyss Brukunt","Крыло Бездны",59,Dragon,2684275,/skill4299.webp
Boss,freya_royalguard,"Captain of the Ice Queen's Royal Guard","Начальник Стражи Снежной Королевы",59,Construct,1749007,/skill4291.webp
Boss,guardian_3_of_garden,"The 3rd Underwater Guardian","Третий Подводный Стражник",60,Construct,4154684,/skill4291.webp
Boss,manes_lidia,"Ghost of the Well Lidia","Лидия Призрак Родника",60,Demonic,2735033,/skill4298.webp
Boss,giant_marpanak,"Giant Marpanak","Гигант Марпанак",60,Giant,4154684,/skill4300.webp
Boss,hatos,"Guardian of the Statue of Giant Karum","Стражник Статуи Гиганта Карума",60,Giant,2735033,/skill4300.webp
Boss,ancient_weird_drake,"Ancient Weird Drake","Древний Астральный Дрейк",60,Dragon,2735033,/skill4299.webp
Boss,taik_prefect_arak,"Taik High Prefect Arak","Понтифик Тайк Арак",60,Humanoid,2735033,/skill4295.webp
Boss,lord_ishka,"Lord Ishka ","Лорд Ишка",60,Undead,2735033,/skill4290.webp
Boss,zaken,"Zaken","Закен",60,Undead,4879746,/skill4290.webp
Boss,ice_fairy_sirr,"Ice Fairy Sirra","Ледяная Фея Сирра",60,Elemental,1610848,/skill4296.webp
Boss,fairy_queen_timiniel,"Fairy Queen Timiniel","Королева Фей Тиминиэль",61,Fairy,2601295,/skill4302.webp
Boss,roaring_seer_kastor,"Roaring Lord Kastor","Ревущий Лорд Кастор",62,Humanoid,4417539,/skill4295.webp
Boss,gorgolos,"Gorgolos","Горголос",64,Construct,2736355,/skill4291.webp
Boss,rahha,"Rahha","Рахха",65,Demonic,4489693,/skill4298.webp
Boss,fiercetiger_king_angel,"Fierce Tiger King Angel","Свирепый Король Тигров",65,Beast,4489693,/skill4292.webp
Boss,hekaton_prime,"Hekaton Prime","Хекатон Прайм",65,Construct,4489693,/skill4291.webp
Boss,gargoyle_lord_tiphon,"Gargoyle Lord Tiphon","Повелитель Горгулий Тифон",65,Construct,4489693,/skill4291.webp
Boss,enmity_ghost_ramdal,"Enmity Ghost Ramdal","Враждебный Призрак Рамдал",65,Undead,2780578,/skill4290.webp
Boss,priest_hisilrome,"Shilen's Priest Hisilrome","Хисилром Жрец Шилен",65,Beast,2780578,/skill4292.webp
Boss,demonic_agent_falston,"Demon's Agent Falston","Агент Демона Фальстон",66,Demonic,4512325,/skill4298.webp
Boss,last_lesser_utenus,"Last Titan Utenus","Последний Гигант Утенус",66,Giant,2826358,/skill4300.webp
Boss,malruks_oracle_sekina,"Kernon's Faithful Servant Kelone","Ведьма Келона",67,Beast,4534433,/skill4292.webp
Boss,r48_leader_anakazel,"Anakazel","Анаказель",68,Demonic,2044017,/skill4298.webp
Boss,bloody_priest_rudelto,"Bloody Priest Rudelto","Кровавый Жрец Рудельто",69,Demonic,4576841,/skill4298.webp
Boss,spirit_andras_betrayer,"Spirit of Andras, the Betrayer","Дух Предателя Анраса",69,Undead,2969653,/skill4290.webp
Boss,domb_death_cabrio,"Shilen's Messenger Cabrio","Посланец Шилен Кабрио",70,Demonic,4596479,/skill4298.webp
Boss,korim,"Korim","Корим",70,Humanoid,4596479,/skill4295.webp
Boss,roar_skylancer,"Roaring Skylancer","Ревущий Налетчик",70,Dragon,4596479,/skill4299.webp
Boss,faf_herald_lokness,"Fafurion's Herald Lokness","Герольд Фафуриона Локнес",70,Dragon,4596479,/skill4299.webp
Boss,palibati_queen_themis,"Palibati Queen Themis","Королева Фалибати Темис",70,Beast,4596479,/skill4292.webp
Boss,beastlord_behemoth,"Beast Lord Behemoth","Повелитель Зверей Бехемот",70,Giant,4596479,/skill4300.webp
Boss,anakims_nemesis_zakaron,"Anakim's Nemesis Zakaron","Закарон Возмездия Анаким",70,Demonic,4596479,/skill4298.webp
Boss,blinding_fire_barakiel,"Flame of Splendor Barakiel","Баракиэль",70,Angel,4596479,/skill4297.webp
Boss,meanas_anor,"Meanas Anor","Минас Анор",70,Dragon,4596479,/skill4299.webp
Boss,raid_boss_von_helman,"Eilhalder von Hellmann","Айнхалдер фон Хельман",71,Demonic,5113018,/skill4298.webp
Boss,hope_immortality_mardil,"Immortal Savior Mardil","Бессмертный Спаситель Мадрил",71,Demonic,3074084,/skill4298.webp
Boss,wdragon_priest_sheshark,"Water Dragon Seer Sheshark","Пророк Фафуриона Шешарк",72,Humanoid,5140647,/skill4295.webp
Boss,vanor_chief_kandra,"Vanor Chief Kandra","Глава Ванор Кандра",72,Humanoid,5140647,/skill4295.webp
Boss,doom_blade_tanatos,"Doom Blade Tanatos","Клинок Судьбы Танатос",72,Demonic,5140647,/skill4298.webp
Boss,hallate_the_death_lord,"Death Lord Hallate","Лорд Смерти Халлет",73,Undead,5168419,/skill4290.webp
Boss,degeneration_golem,"Plague Golem","Чумной Голем",73,Construct,5168419,/skill4291.webp
Boss,antaras_cloe,"Antharas Priest Cloe","Жрица Антараса Кло",74,Demonic,5199407,/skill4298.webp
Boss,krokian_padisha_sobekk,"Krokian Padisha Sobekk","Крок Падиша Собекк",74,Humanoid,5199407,/skill4295.webp
Boss,icicle_king_umpaloopa,"Icicle Emperor Bumbalump","Ледяной Император Бамбаламп",74,Giant,5199407,/skill4300.webp
Boss,kernon,"Kernon","Кернон ",75,Demonic,5231148,/skill4298.webp
Boss,storm_winged_naga,"Storm Winged Naga","Нага Буреносец",75,Dragon,5231148,/skill4299.webp
Boss,last_lesser_olkuth,"Last Lesser Giant Olkuth","Последний Младший Гигант Олкут",75,Giant,5231148,/skill4300.webp
Boss,bloody_tree_vermilion,"Palatanos of Horrific Power","Палатанос Ужасающей Мощи",75,Plant,5231148,/skill4294.webp
Boss,bloody_empress_decarbia,"Bloody Empress Decarbia","Кровавая Императрица Декарбия",75,Demonic,5231148,/skill4298.webp
Boss,ipos_the_death_lord,"Death Lord Ipos","Лорд Смерти Ипос",75,Undead,5231148,/skill4290.webp
Boss,shax_the_death_lord,"Death Lord Shax","Лорд Смерти Шакс",75,Undead,5231148,/skill4290.webp
Boss,baium,"Baium","Баюм",75,Undead,10253400,/skill4290.webp
Boss,baium_npc,"Baium","Баюм",75,Undead,,/skill4290.webp
Boss,benom,"Benom","Беном",75,Demonic,2499951,/skill4298.webp
Boss,ocean_flame_ashakiel,"Ocean Flame Ashakiel","Ашакиэль Океан Пламени",76,Angel,5267108,/skill4297.webp
Boss,flame_stone_golem,"Flamestone Giant","Гигант из Горящего Камня",76,Construct,5267108,/skill4291.webp
Boss,shuriel_fire_of_wrath,"Fire of Wrath Shuriel","Шуриэль Пламя Гнева",78,Angel,5346496,/skill4297.webp
Boss,last_lesser_glaki,"Last Lesser Giant Glaki","Последний Младший Гигант Глаки",78,Giant,5346496,/skill4300.webp
Boss,daemon_of_hundred_eyes,"Daimon the White-Eyed","Белоглазый Демон",78,Construct,5346496,/skill4291.webp
Boss,geyser_guardian_hestia,"Hestia, Guardian Deity of the Hot Springs","Божественный Стражник Горячих Источников Гестия",78,Fairy,5346496,/skill4302.webp
Boss,r58_leader_anakazel,"Anakazel","Анаказель",78,Demonic,2504378,/skill4298.webp
Boss,golkonda_longhorn,"Longhorn Golkonda","Длиннорогий Голконда",79,Giant,5390003,/skill4300.webp
Boss,cherub_garacsia,"Cherub Galaxia","Херувим Галаксия",79,Angel,5390003,/skill4297.webp
Boss,antaras,"Antharas","Антарас",79,Dragon,262720918,/skill4299.webp
Boss,antaras_min,"Antharas","Антарас",79,Dragon,262720918,/skill4299.webp
Boss,antaras_normal,"Antharas","Антарас",79,Dragon,354676030,/skill4299.webp
Boss,antaras_max,"Antharas","Антарас",79,Dragon,446624683,/skill4299.webp
Boss,lilith,"Lilith","Лилит",80,Demonic,9911897,/skill4298.webp
Boss,anakim,"Anakim","Анаким",80,Angel,9911897,/skill4297.webp
Boss,ketra_hero_hekaton,"Ketra's Hero Hekaton","Герой Кетра Хекатон",80,Humanoid,3775961,/skill4295.webp
Boss,ketra_commander_tayr,"Ketra's Commander Tayr","Командир Кетра Тайр",80,Humanoid,3775961,/skill4295.webp
Boss,ketra_chief_brakki,"Ketra's Chief Brakki","Глава Кетра Бракки",80,Animal,3775961,/skill4293.webp
Boss,flame_spirit_nastron,"Soul of Fire Nastron","Дух Огня Настрон",80,Elemental,2643173,/skill4296.webp
Boss,varka_hero_shadith,"Varka's Hero Shadith","Герой Варка Шадит",80,Humanoid,3775961,/skill4295.webp
Boss,varka_commnder_mos,"Varka's Commander Mos","Командир Варка Мос",80,Humanoid,3775961,/skill4295.webp
Boss,varka_chief_horuth,"Varka's Chief Horus","Глава Варка Хорус",80,Humanoid,3775961,/skill4295.webp
Boss,water_spirit_ashutar,"Soul of Water Ashutar","Дух Воды Ашутар",80,Elemental,2643173,/skill4296.webp
Boss,amber,"Ember","Эмбер",80,Dragon,5437589,/skill4299.webp
Boss,halisha_alectia,"Shadow of Halisha","Тень Халиши",80,Demonic,2643173,/skill4298.webp
Boss,halisha_tishas,"Shadow of Halisha","Тень Халиши",80,Demonic,2643173,/skill4298.webp
Boss,halisha_mekara,"Shadow of Halisha","Тень Халиши",80,Demonic,2643173,/skill4298.webp
Boss,halisha_morigul,"Shadow of Halisha","Тень Халиши",80,Demonic,2643173,/skill4298.webp
Boss,spike_stakato_qn_shyid,"Queen Shyeed","Королева Шиид",80,Humanoid,3775961,/skill4295.webp
Boss,uruka,"Uruka","Урука",80,Humanoid,3775961,/skill4295.webp
Boss,triolls_priest_andreas,"High Priestess van Halter","Андреас Ван Холтер",80,Humanoid,2915973,/skill4295.webp
Boss,sailren,"Sailren","Сэйлрен",80,Beast,4569145,/skill4292.webp
Boss,gordon,"Gordon","Гордон",80,Demonic,5885017,/skill4298.webp
Boss,anais_brilliance_master,"Lord of Splendor Anays","Анаис",80,Angel,8827525,/skill4297.webp
Boss,fenril_hound_kerinne,"Fenril Hound Kerinne","Пес Фенрила Керин",84,Beast,2407887,/skill4292.webp
Boss,fenril_hound_freki,"Fenril Hound Freki","Пес Фенрила Фреки",84,Beast,2434088,/skill4292.webp
Boss,fenril_hound_uruz,"Fenril Hound Uruz","Пес Фенрила Уруз",84,Beast,2466262,/skill4292.webp
Boss,fenril_hound_kinaz,"Fenril Hound Kinaz","Пес Фенрила Киназ",84,Beast,2504880,/skill4292.webp
Boss,valakas_sentinel_ixion,"Wings of Flame, Ixion","Иксион Крылья Пламени",84,Dragon,2535975,/skill4299.webp
Boss,valakas,"Valakas","Валакас",85,Dragon,284286178,/skill4299.webp
Boss,frintessa,"Frintezza","Принтесс",85,Humanoid,,/skill4295.webp
Boss,follower_of_frintessa,"Scarlet van Halisha","Скарлет Ван Халиша",85,Demonic,,/skill4298.webp
Boss,follower_of_frintessa_tr,"Scarlet van Halisha","Скарлет Ван Халиша",85,Demonic,111550355,/skill4298.webp
Monster,tuto_keltir,"Bearded Keltir","Бородатый Шакал",1,Animal,29,/skill4293.webp
Monster,tutorial_gremlin,"Gremlin","Гремлин",1,Fairy,29,/skill4302.webp
Monster,gremlin,"Gremlin","Гремлин",1,Fairy,29,/skill4302.webp
Monster,rabbit,"Rabbit","Кролик",1,Animal,29,/skill4293.webp
Monster,young_fox,"Young Fox","Молодой Лис",1,Animal,29,/skill4293.webp
Monster,gremlin_scavenger,"Gremlin Scavenger","Гремлин Добытчик",1,Fairy,29,/skill4302.webp
Monster,young_brown_fox,"Young Brown Fox","Молодой Бурый Лис",1,Animal,29,/skill4293.webp
Monster,young_red_fox,"Young Red Fox","Молодой Рыжий Лис",1,Animal,29,/skill4293.webp
Monster,young_crimson_fox,"Young Crimson Fox","Молодой Багровый Лис",1,Animal,29,/skill4293.webp
Monster,elpy,"Elpy","Эльпи",1,Animal,35,/skill4293.webp
Monster,keltir,"Bearded Keltir","Бородатый Шакал",1,Animal,35,/skill4293.webp
Monster,young_brown_keltir,"Young Brown Keltir","Молодой Бурый Шакал",1,Animal,35,/skill4293.webp
Monster,young_red_keltir,"Young Red Keltir","Молодой Рыжий Шакал",1,Animal,35,/skill4293.webp
Monster,young_crimson_keltir,"Young Prairie Keltir","Молодой Степной Шакал",1,Animal,35,/skill4293.webp
Monster,young_keltir,"Young Keltir","Молодой Шакал",1,Animal,35,/skill4293.webp
Monster,headquarter,"Headquarters","Лагерь",1,Others,,/skill4416_etc.webp
Monster,fox,"Fox","Лис",2,Animal,59,/skill4293.webp
Monster,brown_fox,"Brown Fox","Бурый Лис",2,Animal,59,/skill4293.webp
Monster,longtail_fox,"Longtail Fox","Длиннохвостый Лис",2,Animal,59,/skill4293.webp
Monster,red_fox,"Red Fox","Рыжий Лис",2,Animal,59,/skill4293.webp
Monster,crimson_fox,"Prairie Fox","Степной Лис",2,Animal,59,/skill4293.webp
Monster,brown_keltir,"Brown Keltir","Бурый Шакал",2,Animal,71,/skill4293.webp
Monster,longtail_keltir,"Longtail Keltir","Длиннохвостый Шакал",2,Animal,71,/skill4293.webp
Monster,red_keltir,"Red Keltir","Рыжий Шакал",2,Animal,71,/skill4293.webp
Monster,crimson_keltir,"Prairie Keltir","Степной Шакал",2,Animal,71,/skill4293.webp
Monster,elder_fox,"Elder Fox","Матерый Лис",3,Animal,88,/skill4293.webp
Monster,elder_brown_fox,"Elder Brown Fox","Матерый Бурый Лис",3,Animal,88,/skill4293.webp
Monster,elder_longtail_fox,"Elder Longtail Fox","Матерый Длиннохвостый Лис",3,Animal,88,/skill4293.webp
Monster,elder_red_fox,"Elder Red Fox","Матерый Рыжий Лис",3,Animal,88,/skill4293.webp
Monster,elder_crimson_fox,"Elder Prairie Fox","Матерый Степной Лис",3,Animal,88,/skill4293.webp
Monster,elder_brown_keltir,"Elder Brown Keltir","Матерый Бурый Шакал",3,Animal,106,/skill4293.webp
Monster,elder_red_keltir,"Elder Red Keltir","Матерый Рыжий Шакал",3,Animal,106,/skill4293.webp
Monster,elder_crimson_keltir,"Elder Prairie Keltir","Матерый Степной Шакал",3,Animal,106,/skill4293.webp
Monster,elder_longtail_keltir,"Elder Longtail Keltir","Матерый Длиннохвостый Шакал",3,Animal,106,/skill4293.webp
Monster,elder_keltir,"Elder Keltir","Матерый Шакал",3,Animal,106,/skill4293.webp
Monster,dlord_alexandrosanches,"Alexandro Sanches ","Александро Санчес",3,Fairy,,/skill4302.webp
Monster,abyssking_bonaparterius,"Bonaparterius","Бонапартериус",3,Humanoid,,/skill4295.webp
Monster,eviloverlord_ramsebalius,"Ramsebalius","Рамсебалиус",3,Humanoid,,/skill4295.webp
Monster,wolf,"Wolf","Волк",4,Animal,141,/skill4293.webp
Monster,kobold,"Kobold","Кобольд",4,Humanoid,119,/skill4295.webp
Monster,black_wolf,"Black Wolf","Черный Волк",4,Animal,141,/skill4293.webp
Monster,ashen_wolf,"Ashen Wolf","Пепельный Волк",4,Animal,141,/skill4293.webp
Monster,kasha_wolf,"Kasha Wolf","Волк Кхаши",4,Animal,141,/skill4293.webp
Monster,gray_wolf,"Gray Wolf","Серый Волк",4,Animal,141,/skill4293.webp
Monster,white_wolf,"White Wolf","Большой Снежный Волк",4,Animal,121,/skill4293.webp
Monster,tanukias_warhound,"Tanukia's Warhound","Боевая Гончая Танукия",4,Animal,,/skill4293.webp
Monster,rokos_warhound,"Roko's Warhound","Боевой Пес Роко",4,Animal,,/skill4293.webp
Monster,murtikas_warhound,"Murtika's Warhound","Боевой Пес Муртики",4,Animal,,/skill4293.webp
Monster,goblin,"Goblin","Гоблин",5,Humanoid,178,/skill4295.webp
Monster,giant_toad,"Giant Toad","Гигантская Жаба",5,Animal,178,/skill4293.webp
Monster,goblin_grave_robber,"Goblin Grave Robber","Гоблин Грабитель Могил",5,Humanoid,178,/skill4295.webp
Monster,goblin_raider,"Goblin Raider","Налетчик Гоблинов",5,Humanoid,178,/skill4295.webp
Monster,goblin_snooper,"Goblin Snooper","Сыщик Гоблинов",5,Humanoid,178,/skill4295.webp
Monster,elder_wolf,"Elder Wolf","Матерый Волк",5,Animal,176,/skill4293.webp
Monster,imp,"Imp","Бес",6,Fairy,214,/skill4302.webp
Monster,orc,"Orc","Орк ",6,Humanoid,214,/skill4295.webp
Monster,zombie,"Zombie","Зомби ",6,Undead,178,/skill4290.webp
Monster,rakeclaw_imp,"Rakeclaw Imp","Когтистый Бес",6,Fairy,214,/skill4302.webp
Monster,black_timber_wolf,"Black Timber Wolf","Волк Черного Леса",6,Animal,212,/skill4293.webp
Monster,utuku_orc,"Utuku Orc","Орк Утуку",6,Humanoid,214,/skill4295.webp
Monster,kaboo_orc,"Kaboo Orc","Орк Кабу",6,Humanoid,214,/skill4295.webp
Monster,kasha_timber_wolf,"Kasha Timber Wolf","Древесный Волк Кхаши",6,Animal,212,/skill4293.webp
Monster,imp_ribe,"Imp Elder","Старший Бес",7,Fairy,249,/skill4302.webp
Monster,orc_grunt,"Orc Grunt","Орк Воитель",7,Humanoid,249,/skill4295.webp
Monster,rakeclaw_imp_hunter,"Rakeclaw Imp Hunter","Охотник Когтистых Бесов",7,Fairy,249,/skill4302.webp
Monster,varikan_brigand,"Varika's Bandit","Бандит Варики",7,Humanoid,167,/skill4295.webp
Monster,uthanka_pirate,"Uthanka Pirate","Пират Утанка",7,Humanoid,154,/skill4295.webp
Monster,utuku_orc_grunt,"Utuku Orc Grunt","Воитель Орков Утуку",7,Humanoid,249,/skill4295.webp
Monster,kaboo_orc_grunt,"Kaboo Orc Grunt","Воитель Орков Кабу",7,Humanoid,249,/skill4295.webp
Monster,grey_wolf,"Grey Wolf Elder","Матерый Серый Волк",7,Animal,152,/skill4293.webp
Monster,orc_archer,"Orc Archer","Орк Стрелок",8,Humanoid,293,/skill4295.webp
Monster,walking_fungus,"Walking Fungus","Ходячий Гриб",8,Plant,237,/skill4294.webp
Monster,goblin_brigand,"Goblin Brigand","Бандит Гоблинов",8,Humanoid,285,/skill4295.webp
Monster,goblin_scout,"Goblin Scout","Разведчик Гоблинов",8,Humanoid,285,/skill4295.webp
Monster,goblin_lookout,"Goblin Lookout","Дозорный Гоблинов",8,Humanoid,285,/skill4295.webp
Monster,green_dryad,"Green Dryad","Зеленая Дриада",8,Fairy,285,/skill4302.webp
Monster,mountain_fungus,"Mountain Fungus","Горный Гриб",8,Plant,285,/skill4294.webp
Monster,balor_orc_archer,"Balor Orc Archer","Стрелок Орков Балор",8,Humanoid,293,/skill4295.webp
Monster,utuku_orc_archer,"Utuku Orc Archer","Стрелок Орков Утуку",8,Humanoid,293,/skill4295.webp
Monster,kaboo_orc_archer,"Kaboo Orc Archer","Стрелок Орков Кабу",8,Humanoid,293,/skill4295.webp
Monster,kaboo_chief_tanukia,"Tanukia","Танукий",8,Humanoid,,/skill4295.webp
Monster,kaboo_chief_roko,"Roko","Роко",8,Humanoid,,/skill4295.webp
Monster,kaboo_chief_murtika,"Murtika","Муртика",8,Humanoid,,/skill4295.webp
Monster,forest_walking_fungus,"Green Fungus","Зеленый Гриб",9,Plant,321,/skill4294.webp
Monster,werewolf,"Werewolf","Оборотень",9,Humanoid,321,/skill4295.webp
Monster,garum_werewolf,"Garum Werewolf","Оборотень Гарум",9,Humanoid,321,/skill4295.webp
Monster,maraku_werewolf,"Maraku Werewolf","Оборотень Мараку",9,Humanoid,321,/skill4295.webp
Monster,vrykolakas_wolfkin,"Vrykolakas Wolfkin","Волколак Выродок",9,Animal,177,/skill4293.webp
Monster,relic_werewolf,"Relic Werewolf","Реликтовый Оборотень",9,Humanoid,268,/skill4295.webp
Monster,spore_fungus,"Spore Fungus","Споровый Гриб",9,Plant,321,/skill4294.webp
Monster,spirit_of_mirrors1,"Spirit Of Mirrors","Дух Зеркал",9,Animal,,/skill4293.webp
Monster,fishing_blocker_1,"Caught Frog","Пойманная Лягушка",10,Animal,422,/skill4293.webp
Monster,monster_eye,"Monster Eye","Монстроглаз",10,Construct,294,/skill4291.webp
Monster,orc_fighter,"Orc Fighter","Боец Орков",10,Humanoid,363,/skill4295.webp
Monster,orc_sniper,"Orc Marksman","Снайпер Орков",10,Humanoid,306,/skill4295.webp
Monster,vampire_bat,"Vampire Bat","Кровопийца",10,Animal,297,/skill4293.webp
Monster,sylph,"Sylph","Сильф",10,Elemental,297,/skill4296.webp
Monster,rakeclaw_imp_chieftain,"Rakeclaw Imp Chieftain","Вождь Когтистых Бесов",10,Fairy,363,/skill4302.webp
Monster,goblin_thief,"Goblin Thief","Вор Гоблинов",10,Humanoid,356,/skill4295.webp
Monster,goblin_brigand_sub_ldr,"Goblin Brigand Lieutenant","Лейтенант Банды Гоблинов",10,Humanoid,363,/skill4295.webp
Monster,monster_eye_tracker,"Monster Eye Tracker","Монстроглаз Охотник",10,Construct,297,/skill4291.webp
Monster,werewolf_hunter,"Werewolf Hunter","Охотник Оборотней",10,Humanoid,363,/skill4295.webp
Monster,lennunt_orc_sniper,"Tunath Orc Marksman","Снайпер Орков Тунат",10,Humanoid,306,/skill4295.webp
Monster,baraq_orc_fighter,"Baraq Orc Fighter","Боец Орков Барак",10,Humanoid,303,/skill4295.webp
Monster,varikan_brigand_ldr,"Varikan Brigand Leader","Главарь Банды Варики",10,Humanoid,1007,/skill4295.webp
Monster,vaiss_orc,"Vaiss Orc","Орк Ваисс",10,Humanoid,297,/skill4295.webp
Monster,balor_orc_fighter,"Balor Orc Fighter","Боец Орков Балор",10,Humanoid,363,/skill4295.webp
Monster,evil_eye,"Evil Eye","Око Зла",10,Construct,356,/skill4291.webp
Monster,evil_eye_watcher,"Evil Eye Watcher","Наблюдатель Око Зла",10,Construct,297,/skill4291.webp
Monster,kaboo_orc_fighter,"Kaboo Orc Fighter","Боец Орков Кабу",10,Humanoid,363,/skill4295.webp
Monster,blade_bat,"Blade Bat","Опасная Летучая Мышь",10,Animal,356,/skill4293.webp
Monster,pirate_captain_uthanka,"Pirate Captain Uthanka","Капитан Пиратов Утанка",10,Humanoid,926,/skill4295.webp
Monster,white_fang,"White Fang","Белый Клык",10,Animal,917,/skill4293.webp
Monster,bepooks_pet,"Bepook's Pet","Ручной Зверь Бипука",10,Animal,220,/skill4293.webp
Monster,q0101_orc_sniper,"Orc Sniper","Орк Снайпер",10,Humanoid,,/skill4295.webp
Monster,spirit_of_mirrors2,"Spirit Of Mirrors","Дух Зеркал",10,Humanoid,,/skill4295.webp
Monster,q0315_orc_warrior,"Orc Warrior","Орк Воин",10,Humanoid,,/skill4295.webp
Monster,calpicos_goons,"Calpico's Goons","Головорез Кальпико",10,Humanoid,,/skill4295.webp
Monster,orc_fighter_sub_leader,"Orc Lieutenant","Орк Лейтенант",11,Humanoid,392,/skill4295.webp
Monster,sucker,"Drill Bat","Сверлитель",11,Animal,326,/skill4293.webp
Monster,magical_weaver,"Magical Weaver","Магический Ткач",11,Construct,392,/skill4291.webp
Monster,darkwing_bat,"Darkwing Bat","Темнокрылая Летучая Мышь",11,Animal,392,/skill4293.webp
Monster,mineshaft_bat,"Mineshaft Bat","Шахтная Летучая Мышь",11,Animal,326,/skill4293.webp
Monster,baraq_orc_ft_sldr,"Baraq Orc Warrior Leader","Главарь Воинов Орков Барак",11,Humanoid,326,/skill4295.webp
Monster,vaiss_orc_lieutenant,"Vaiss Orc Warrior Leader","Главарь Воинов Орков Ваисс",11,Humanoid,326,/skill4295.webp
Monster,balor_orc_sub_leader,"Balor Orc Lieutenant","Лейтенант Орков Балор",11,Humanoid,392,/skill4295.webp
Monster,kaboo_orc_ft_sub_ldr,"Kaboo Orc Fighter Lieutenant","Лейтенант Бойцов Орков Кабу",11,Humanoid,392,/skill4295.webp
Monster,spirit_of_mirrors3,"Spirit Of Mirrors","Дух Зеркал",11,Humanoid,,/skill4295.webp
Monster,bhato_bloodspear,"Bhato Bloodspear","Бато Кровавое Копье",11,Humanoid,,/skill4295.webp
Monster,tanuki_skullcrusher,"Tanuki Skullcrusher","Тануки Крушитель Черепов",11,Humanoid,,/skill4295.webp
Monster,kraacul_blackskull,"Kraacul Blackskull","Краакул Черный Череп",11,Humanoid,,/skill4295.webp
Monster,taarq_blackskull,"Taarq Blackskull","Таарк Черный Череп",11,Humanoid,,/skill4295.webp
Monster,q0315_orc_wr_ldr,"Orc Warrior Leader","Главарь Орков Воинов",11,Humanoid,,/skill4295.webp
Monster,q409_lizardman,"Lizardman","Ящер",11,Humanoid,,/skill4295.webp
Monster,varangkas_tracker,"Varangka's Tracker","Охотник Фаранги",11,Animal,,/skill4293.webp
Monster,kaboo_chief_uoph,"Uoph","Уф",11,Humanoid,,/skill4295.webp
Monster,kaboo_chief_kracha,"Kracha","Крача",11,Humanoid,,/skill4295.webp
Monster,kaboo_chief_batoh,"Batoh","Батох",11,Humanoid,,/skill4295.webp
Monster,kaboo_chief_turel,"Turel","Турел",11,Humanoid,,/skill4295.webp
Monster,kaboo_chief_kamut,"Kamut","Камут",11,Humanoid,,/skill4295.webp
Monster,tumran_orc_brigand,"Tumran Orc Brigand","Бандит Орков Тумран",11,Humanoid,,/skill4295.webp
Monster,orc_fighter_leader,"Orc Fighter Leader","Вожак Орков Бойцов",12,Humanoid,448,/skill4295.webp
Monster,skeleton,"Skeleton","Скелет ",12,Undead,363,/skill4290.webp
Monster,grizzly,"Grizzly","Гризли",12,Animal,436,/skill4293.webp
Monster,goblin_tomb_raider,"Goblin Tomb Raider Leader","Главарь Гоблинов Расхитителей Гробниц",12,Humanoid,428,/skill4295.webp
Monster,slave_skeleton,"Slave Skeleton","Скелет Невольник",12,Undead,363,/skill4290.webp
Monster,werewolf_chieftain,"Werewolf Chieftain","Вождь Оборотней",12,Humanoid,436,/skill4295.webp
Monster,lennunt_orc_warrior,"Tunath Orc Warrior","Воин Орков Тунат",12,Humanoid,363,/skill4295.webp
Monster,barbed_bat,"Barbed Bat","Шипастая Летучая Мышь",12,Animal,428,/skill4293.webp
Monster,balor_orc_leader,"Balor Orc Fighter Leader","Главарь Бойцов Орков Балор",12,Humanoid,436,/skill4295.webp
Monster,blood_fungus,"Blood Fungus","Кровавый Гриб",12,Plant,428,/skill4294.webp
Monster,akaste_bone_soldier,"Akaste Bone Soldier","Костяной Солдат Акаст",12,Undead,363,/skill4290.webp
Monster,dungeon_skeleton,"Dungeon Skeleton","Подземный Скелет",12,Undead,363,/skill4290.webp
Monster,kaboo_orc_ft_leader,"Kaboo Orc Fighter Leader","Главарь Бойцов Орков Кабу ",12,Humanoid,436,/skill4295.webp
Monster,puma,"Puma","Пума",12,Beast,423,/skill4292.webp
Monster,skeleton_hunter,"Skeleton Hunter","Скелет Охотник",12,Undead,363,/skill4290.webp
Monster,gemstone_beast,"Gemstone Beast","Самоцветный Зверь",12,Beast,353,/skill4292.webp
Monster,q0101_orc_fght_ldr,"Orc Fighter","Орк Боец",12,Humanoid,,/skill4295.webp
Monster,q409_lizardman_scout,"Lizardman Scout","Разведчик Ящеров",12,Humanoid,,/skill4295.webp
Monster,baranka_messenger,"Baranka's Messenger","Посланник Фаранги",12,Humanoid,,/skill4295.webp
Monster,orc_escort,"Orc Escort","Эскорт Орков",12,Humanoid,,/skill4295.webp
Monster,gremlin_filcher,"Gremlin Filcher","Гремлин Филчер",12,Fairy,,/skill4302.webp
Monster,goblin_servant,"Goblin Servant","Гоблин Слуга",12,Humanoid,,/skill4295.webp
Monster,dryad,"Dryad","Дриада",13,Fairy,463,/skill4302.webp
Monster,marsh_zombie,"Marsh Zombie","Болотный Зомби",13,Undead,655,/skill4290.webp
Monster,stone_golem,"Stone Golem","Каменный Голем",13,Construct,655,/skill4291.webp
Monster,skeleton_archer,"Skeleton Archer","Скелет Стрелок",13,Undead,405,/skill4290.webp
Monster,greystone_golem,"Greystone Golem","Серый Голем",13,Construct,655,/skill4291.webp
Monster,darkstone_golem,"Darkstone Golem","Голем из Темного Камня",13,Construct,545,/skill4291.webp
Monster,cave_bat,"Cave Bat","Пещерная Летучая Мышь",13,Animal,386,/skill4293.webp
Monster,grave_keeper,"Grave Keeper","Хранитель Могил",13,Construct,545,/skill4291.webp
Monster,stone_giant,"Stone Giant","Каменный Гигант",13,Construct,545,/skill4291.webp
Monster,festering_bat,"Festering Bat","Гнойная Летучая Мышь",13,Animal,463,/skill4293.webp
Monster,dungeon_skeleton_archer,"Dungeon Skeleton Archer","Стрелок Подземных Скелетов",13,Undead,397,/skill4290.webp
Monster,skeleton_hunter_archer,"Skeleton Hunter Archer","Скелет Охотник Стрелок",13,Undead,397,/skill4290.webp
Monster,goblin_lord,"Goblin Lord","Вожак Гоблинов",13,Humanoid,458,/skill4295.webp
Monster,kobold_looter_bepook,"Kobold Looter Bepook","Кобольд Мародер Бипук",13,Humanoid,1326,/skill4295.webp
Monster,q409_lizardman_warrior,"Lizardman Warrior","Воин Ящеров",13,Humanoid,,/skill4295.webp
Monster,calpico,"Calpico","Кальпико",13,Humanoid,,/skill4295.webp
Monster,felim_lizardman,"Felim Lizardman","Ящер Фелим",14,Humanoid,499,/skill4295.webp
Monster,vuku_orc,"Vuku Orc","Орк Вуку",14,Humanoid,499,/skill4295.webp
Monster,devourer_fungus,"Carnivorous Fungus","Плотоядный Гриб",14,Plant,424,/skill4294.webp
Monster,dryad_ribe,"Dryad Elder","Старшая Дриада",14,Fairy,499,/skill4302.webp
Monster,marsh_zombie_pointer,"Marsh Zombie Lord","Повелитель Болотных Зомби",14,Undead,705,/skill4290.webp
Monster,red_bear,"Red Bear","Рыжий Медведь",14,Animal,499,/skill4293.webp
Monster,thrill_sucker,"Misery Skeleton","Скелет Каторжник",14,Undead,424,/skill4290.webp
Monster,crasher,"Crasher","Разрушитель",14,Construct,705,/skill4291.webp
Monster,skeleton_sniper,"Skeleton Marksman","Скелет Снайпер",14,Undead,428,/skill4290.webp
Monster,orc_champion,"Orc Champion","Чемпион Орков",14,Humanoid,435,/skill4295.webp
Monster,goblin_brigand_leader,"Goblin Brigand Leader","Главарь Банды Гоблинов",14,Humanoid,509,/skill4295.webp
Monster,maraku_werewolf_chief,"Maraku Werewolf Chieftain","Вождь Оборотней Мараку",14,Humanoid,509,/skill4295.webp
Monster,stone_soldier,"Stone Soldier","Каменный Солдат",14,Construct,705,/skill4291.webp
Monster,akaste_bone_archer,"Akaste Bone Archer","Костяной Стрелок Акаст",14,Undead,428,/skill4290.webp
Monster,evil_eye_patroller,"Evil Eye Patroller","Патрульный Око Зла",14,Construct,499,/skill4291.webp
Monster,evil_eye_lookout,"Evil Eye Lookout","Дозорный Око Зла",14,Construct,416,/skill4291.webp
Monster,doom_soldier,"Doom Soldier","Солдат Судьбы",14,Undead,424,/skill4290.webp
Monster,dread_soldier,"Dread Soldier","Мертвый Солдат",14,Undead,424,/skill4290.webp
Monster,skeleton_sentinel,"Skeleton Sentinel","Скелет Часовой",14,Undead,424,/skill4290.webp
Monster,whinstone_golem,"Whinstone Golem","Базальтовый Голем",14,Construct,705,/skill4291.webp
Monster,hunter_bear,"Hunter Bear","Медведь Охотник",14,Animal,499,/skill4293.webp
Monster,plague_zombie,"Plague Zombie","Чумной Зомби",14,Undead,,/skill4290.webp
Monster,felim_lizardman_scout,"Felim Lizardman Scout","Разведчик Ящеров Фелим",15,Humanoid,534,/skill4295.webp
Monster,vuku_orc_archer,"Vuku Orc Archer","Стрелок Орков Вуку",15,Humanoid,551,/skill4295.webp
Monster,black_leopard,"Shadow Beast","Сумеречный Зверь",15,Beast,534,/skill4292.webp
Monster,lesser_dark_horror,"Lesser Dark Horror","Младший Темный Ужас",15,Undead,545,/skill4290.webp
Monster,ruin_zombie,"Ruin Zombie","Зомби Руин",15,Undead,756,/skill4290.webp
Monster,langk_lizardman,"Langk Lizardman","Ящер Лангк",15,Humanoid,534,/skill4295.webp
Monster,giant_spider,"Giant Spider","Гигантский Паук",15,Bug,545,/skill4301.webp
Monster,skeleton_pointer,"Skeleton Lord","Повелитель Скелетов",15,Undead,445,/skill4290.webp
Monster,spartoi,"Spartoi","Призрачный Скелет",15,Undead,454,/skill4290.webp
Monster,crystal_puma,"Puma","Пума",15,Beast,441,/skill4292.webp
Monster,cave_spider,"Cave Spider","Пещерный Паук",15,Bug,445,/skill4301.webp
Monster,mist_terror,"Mist Terror","Туманный Жнец",15,Undead,454,/skill4290.webp
Monster,redeye_bat,"Redeye Bat","Красноглазая Летучая Мышь",15,Animal,534,/skill4293.webp
Monster,crimson_tarantula,"Crimson Tarantula","Багровый Тарантул",15,Bug,450,/skill4301.webp
Monster,vrykolakas,"Vrykolakas","Волколак",15,Humanoid,1386,/skill4295.webp
Monster,scavenger_spider,"Scavenger Spider","Паук Падальщик",15,Bug,545,/skill4301.webp
Monster,opal_beast,"Opal Beast","Опаловый Зверь",15,Beast,450,/skill4292.webp
Monster,will_o_wisp,"Will-O-Wisp","Блуждающий Огонь",15,Construct,533,/skill4291.webp
Monster,crimson_spider,"Crimson Spider","Багровый Паук",15,Bug,545,/skill4301.webp
Monster,dungeon_spider,"Dungeon Spider","Подземный Паук",15,Bug,454,/skill4301.webp
Monster,kasha_spider,"Kasha Spider","Паук Кхаши",15,Bug,534,/skill4301.webp
Monster,kasha_bear,"Kasha Bear","Медведь Кхаши",15,Animal,540,/skill4293.webp
Monster,quicksilver_beast,"Quicksilver Beast","Ртутный Зверь",15,Beast,450,/skill4292.webp
Monster,crypt_horror,"Crypt Horror","Ужас Склепа",15,Undead,454,/skill4290.webp
Monster,twink_puma,"Twink Puma","Зеркальная Пума",15,Beast,540,/skill4292.webp
Monster,shield_skeleton,"Shield Skeleton","Скелет Щитоносец",15,Undead,534,/skill4290.webp
Monster,obsidian_golem,"Obsidian Golem","Обсидиановый Голем",15,Construct,756,/skill4291.webp
Monster,catseye_bandit,"Cat's Eye Bandit","Бандит Кошачий Глаз",15,Humanoid,,/skill4295.webp
Monster,les_werewolf,"Gora Werewolf","Белый Оборотень",16,Humanoid,582,/skill4295.webp
Monster,langk_lizardman_scout,"Langk Lizardman Scout","Разведчик Ящеров Лангк",16,Humanoid,571,/skill4295.webp
Monster,pinrul_roader,"Pincher","Паук Захватчик",16,Bug,571,/skill4301.webp
Monster,ruin_zombie_leader,"Ruin Zombie Leader","Главарь Зомби Руин",16,Undead,807,/skill4290.webp
Monster,dark_horror,"Dark Horror","Темный Ужас",16,Undead,577,/skill4290.webp
Monster,poker,"Talon Spider","Когтистый Паук",16,Bug,571,/skill4301.webp
Monster,wererat,"Wererat","Крысолюд",16,Humanoid,476,/skill4295.webp
Monster,giant_bee,"Giant Bee","Гигантская Пчела",16,Bug,471,/skill4301.webp
Monster,hook_spider,"Hook Spider","Цепкий Паук",16,Bug,571,/skill4301.webp
Monster,brown_bear,"Brown Bear","Бурый Медведь",16,Animal,577,/skill4293.webp
Monster,dark_terror,"Dark Terror","Темный Жнец",16,Undead,534,/skill4290.webp
Monster,cave_poker,"Cave Fang Spider","Пещерный Клыкастый Паук",16,Bug,485,/skill4301.webp
Monster,ratman_spy,"Ratman Spy","Шпион Крысолюдов",16,Humanoid,571,/skill4295.webp
Monster,stone_guardian,"Stone Guardian","Каменный Стражник",16,Construct,807,/skill4291.webp
Monster,boogle_ratman,"Boogle Ratman","Крысолюд Бугл",16,Humanoid,476,/skill4295.webp
Monster,red_scavenger_spider,"Red Scavenger Spider","Красный Паук Падальщик",16,Bug,571,/skill4301.webp
Monster,hunter_tarantula,"Hunter Tarantula","Тарантул Охотник",16,Bug,571,/skill4301.webp
Monster,silent_horror,"Silent Horror","Безмолвный Ужас",16,Undead,485,/skill4290.webp
Monster,kasha_poker_spider,"Kasha Fang Spider","Клыкастый Паук Кхаши",16,Bug,571,/skill4301.webp
Monster,kuruka_ratman,"Kuruka Ratman","Крысолюд Курука",16,Humanoid,476,/skill4295.webp
Monster,skeleton_infantry,"Skeleton Infantryman","Скелет Пехотинец",16,Undead,571,/skill4290.webp
Monster,felim_lizardman_warrior,"Felim Lizardman Warrior","Воин Ящеров Фелим",17,Humanoid,606,/skill4295.webp
Monster,vuku_orc_fighter,"Vuku Orc Fighter","Боец Орков Вуку",17,Humanoid,618,/skill4295.webp
Monster,langk_lizardman_warrior,"Langk Lizardman Warrior","Воин Ящеров Лангк",17,Humanoid,618,/skill4295.webp
Monster,onyx_beast,"Omen Beast","Зверь Знамения",17,Beast,505,/skill4292.webp
Monster,pinrul,"Pinrul","Тарантул",17,Bug,606,/skill4301.webp
Monster,shade_horror,"Shade Horror","Бесплотный Ужас",17,Undead,505,/skill4290.webp
Monster,stopper,"Prowler","Паук Скиталец",17,Bug,618,/skill4301.webp
Monster,tracker_skeleton,"Tracker Skeleton","Скелет Следопыт",17,Undead,606,/skill4290.webp
Monster,blader,"Blade Spider","Опасный Паук",17,Bug,618,/skill4301.webp
Monster,salamander,"Salamander","Саламандра",17,Elemental,990,/skill4296.webp
Monster,undine,"Undine","Ундина",17,Elemental,958,/skill4296.webp
Monster,wererat_sub_leader,"Wererat Leader","Вожак Крысолюдов",17,Humanoid,958,/skill4295.webp
Monster,orc_shaman,"Orc Shaman","Шаман Орков",17,Humanoid,505,/skill4295.webp
Monster,grizzly_bear,"Grizzly Bear","Гризли",17,Animal,600,/skill4293.webp
Monster,moonstone_beast,"Moonstone Beast","Зверь Лунного Камня",17,Beast,600,/skill4292.webp
Monster,scarlet_salamander,"Scarlet Salamander","Алая Саламандра",17,Elemental,555,/skill4296.webp
Monster,akaste_bone_warlord,"Akaste Bone Warlord","Костяной Полководец Акаст",17,Undead,613,/skill4290.webp
Monster,oblivion_watcher,"Oblivion Watcher","Наблюдатель Забвения",17,Construct,227,/skill4291.webp
Monster,dungeon_poker,"Cave Blade Spider","Опасный Пещерный Паук",17,Bug,515,/skill4301.webp
Monster,pincer_spider,"Pincer Spider","Паук Хелицера",17,Bug,618,/skill4301.webp
Monster,kasha_blade_spider,"Kasha Blade Spider","Опасный Паук Кхаши",17,Bug,667,/skill4301.webp
Monster,corpse_candle,"Corpse Candle","Мертвая Свеча",17,Construct,604,/skill4291.webp
Monster,kuruka_ratman_hunter,"Kuruka Ratman Hunter","Охотник Крысолюдов Курука",17,Humanoid,505,/skill4295.webp
Monster,ruin_imp,"Ruin Imp","Бес Руин",17,Fairy,606,/skill4302.webp
Monster,plunder_tarantula,"Plunder Tarantula","Тарантул Грабитель",17,Bug,618,/skill4301.webp
Monster,ore_bat,"Ore Bat","Рудная Летучая Мышь",17,Animal,500,/skill4293.webp
Monster,bugbear_raider,"Bugbear Raider","Людоед Налетчик",17,Giant,600,/skill4300.webp
Monster,ol_mahum_rookie,"Ol Mahum Novice","Новичок Гноллов",17,Humanoid,618,/skill4295.webp
Monster,undead_priest,"Undead Priest","Жрец Нежити",17,Undead,,/skill4290.webp
Monster,phantom_of_salamander,"Phantom Salamander","Рогатая Саламандра",17,Elemental,,/skill4296.webp
Monster,water_seer,"Water Seer","Водный Пророк",17,Construct,,/skill4291.webp
Monster,ol_mahum_sentry,"Ol Mahum Sentry","Караульный Гноллов",17,Humanoid,,/skill4295.webp
Monster,kasha_bear_totem,"Kasha Bear Totem Spirit","Тотемный Дух Медведя Кхаши",17,Elemental,,/skill4296.webp
Monster,honey_bear,"Honey Bear","Медовый Медведь",17,Animal,,/skill4293.webp
Monster,lirein,"Lirein","Лирейн",18,Elemental,653,/skill4296.webp
Monster,mana_vampire,"Mana Seeker","Пожиратель Энергии",18,Construct,992,/skill4291.webp
Monster,poison_spider,"Poison Spider","Ядовитый Паук",18,Bug,704,/skill4301.webp
Monster,scavenger_wererat,"Scavenger Wererat","Крысолюд Падальщик",18,Humanoid,640,/skill4295.webp
Monster,sukar_wererat,"Sukar Wererat","Трусливый Крысолюд",18,Humanoid,533,/skill4295.webp
Monster,tainted_zombie,"Tainted Zombie","Гнилой Зомби",18,Undead,754,/skill4290.webp
Monster,tracker_skeleton_leader,"Tracker Skeleton Leader","Главарь Скелетов Следопытов",18,Undead,653,/skill4290.webp
Monster,salamander_ribe,"Salamander Elder","Старшая Саламандра",18,Elemental,992,/skill4296.webp
Monster,undine_ribe,"Undine Elder","Старшая Ундина",18,Elemental,1012,/skill4296.webp
Monster,ratman_hunter,"Ratman Hunter","Охотник Крысолюдов",18,Humanoid,640,/skill4295.webp
Monster,boogle_ratman_leader,"Boogle Ratman Leader","Главарь Крысолюдов Бугл",18,Humanoid,533,/skill4295.webp
Monster,corpse_eater_bat,"Scavenger Bat","Летучая Мышь Падальщик",18,Animal,640,/skill4293.webp
Monster,scarlet_salamander_ribe,"Scarlet Salamander Elder","Старшая Алая Саламандра",18,Elemental,587,/skill4296.webp
Monster,ivory_beast,"Crystalline Beast","Кристальный Зверь",18,Beast,634,/skill4292.webp
Monster,red_barbed_bat,"Red Eye Barbed Bat","Красноглазая Шипастая Мышь",18,Animal,640,/skill4293.webp
Monster,evil_eye_seer,"Evil Eye Seer","Всевидящее Око Зла",18,Construct,646,/skill4291.webp
Monster,kuruka_ratman_leader,"Kuruka Ratman Leader","Главарь Крысолюдов Курука",18,Humanoid,,/skill4295.webp
Monster,durka_spirit,"Durka Spirit","Дух Дарки",18,Construct,,/skill4291.webp
Monster,succubus_handmaiden,"Succubus Handmaiden","Служанка Суккуб",18,Demonic,,/skill4298.webp
Monster,q_black_leopard,"Black Leopard","Черный Леопард",18,Beast,,/skill4292.webp
Monster,bind_poison_spider,"Arachnid Tracker","Арахнид Охотник",19,Bug,761,/skill4301.webp
Monster,lirein_ribe,"Lirein Elder","Старшая Лирейн",19,Elemental,692,/skill4296.webp
Monster,scout_skeleton,"Skeleton Scout","Скелет Разведчик",19,Undead,699,/skill4290.webp
Monster,stink_zombie,"Stink Zombie","Зловонный Зомби",19,Undead,799,/skill4290.webp
Monster,sukar_wererat_leader,"Sukar Wererat Leader","Главарь Трусливых Крысолюдов",19,Humanoid,576,/skill4295.webp
Monster,salamander_ybar,"Salamander Noble","Элитная Саламандра",19,Elemental,1051,/skill4296.webp
Monster,undine_ybar,"Undine Noble","Элитная Ундина",19,Elemental,1072,/skill4296.webp
Monster,lizardman,"Lizardman","Ящер",19,Humanoid,565,/skill4295.webp
Monster,undead_slave,"Undead Slave","Нежить Невольник",19,Undead,799,/skill4290.webp
Monster,ratman_warrior,"Ratman Warrior","Воин Крысолюдов",19,Humanoid,678,/skill4295.webp
Monster,askaste_bone_lord,"Akaste Bone Lord","Костяной Повелитель Акаст",19,Undead,592,/skill4290.webp
Monster,zombie_soldier,"Zombie Soldier","Солдат Зомби",19,Undead,959,/skill4290.webp
Monster,pitchstone_golem,"Pitchstone Golem","Вулканический Голем",19,Construct,799,/skill4291.webp
Monster,skeleton_longbowman,"Skeleton Longbowman","Скелет с Длинным Луком",19,Undead,588,/skill4290.webp
Monster,ratman_sub_chieftain,"Ratman Sub Chieftain","Помощник Вождя Крысолюдов",19,Humanoid,692,/skill4295.webp
Monster,langk_lizardman_sentinel,"Langk Lizardman Sentinel","Часовой Ящеров Лангк",19,Humanoid,692,/skill4295.webp
Monster,kasha_imp,"Kasha Imp","Бес Кхаши",19,Fairy,678,/skill4302.webp
Monster,northern_trimden,"Northern Trimden","Северный Тримден",19,Bug,685,/skill4301.webp
Monster,tamato,"Tamil","Тамил",19,Giant,,/skill4300.webp
Monster,fishing_blocker_2,"Caught Undine","Пойманная Ундина",20,Elemental,844,/skill4296.webp
Monster,least_succubus,"Lesser Succubus","Младший Суккуб",20,Demonic,606,/skill4298.webp
Monster,lycanthrope,"Lycanthrope","Ликантроп",20,Humanoid,727,/skill4295.webp
Monster,poison_predator,"Arachnid Predator","Арахнид Хищник",20,Bug,800,/skill4301.webp
Monster,sniper_skeleton,"Skeleton Bowman","Скелет Лучник",20,Undead,734,/skill4290.webp
Monster,dre_vanul,"Dre Vanul","Дре Ванул ",20,Demonic,666,/skill4298.webp
Monster,griffin,"Griffon","Грифон",20,Beast,594,/skill4292.webp
Monster,dion_grizzly,"Dion Grizzly","Гризли Диона",20,Animal,706,/skill4293.webp
Monster,mandragora_sprout,"Mandragora Sprout","Росток Мандрагоры",20,Plant,784,/skill4294.webp
Monster,enku_orc_shaman,"Enku Orc Shaman","Шаман Орков Энку",20,Humanoid,813,/skill4295.webp
Monster,virud_lizardman,"Virud Lizardman","Ящер Вируд",20,Humanoid,594,/skill4295.webp
Monster,dre_vanul_tracker,"Dre Vanul Tracker","Охотник Дре Ванул",20,Demonic,606,/skill4298.webp
Monster,dwarf_ghost,"Dwarf Ghost","Призрак Гнома",20,Undead,606,/skill4290.webp
Monster,merkenis_escort,"Merkenis Escort","Эскорт Меркенис",20,Undead,606,/skill4290.webp
Monster,akaste_succubus,"Akaste Succubus","Суккуб Акаст",20,Demonic,606,/skill4298.webp
Monster,elf_ghost,"Elf Ghost","Призрак Эльфа",20,Undead,606,/skill4290.webp
Monster,human_ghost,"Human Ghost","Призрак Человека",20,Undead,606,/skill4290.webp
Monster,ruin_bat,"Ruin Bat","Летучая Мышь Руин",20,Animal,713,/skill4293.webp
Monster,ghost,"Ghost","Призрак",20,Undead,600,/skill4290.webp
Monster,dark_succubus,"Dark Succubus","Темный Суккуб",20,Demonic,784,/skill4298.webp
Monster,male_lizardman,"Maille Lizardman","Ящер Мэль",20,Humanoid,321,/skill4295.webp
Monster,ratman_chieftain,"Ratman Chieftain","Вождь Крысолюдов",20,Humanoid,713,/skill4295.webp
Monster,baar_dre_vanul,"Baar Dre Vanul","Баал Дре Ванул",20,Demonic,727,/skill4298.webp
Monster,kerope_werewolf,"Kerope Werewolf","Оборотень Кероп",20,Humanoid,713,/skill4295.webp
Monster,martyrium_guardian,"Hallowed Watchman","Посвященный Наблюдатель",20,Undead,2085,/skill4290.webp
Monster,barrow_guardian,"Barrow Guardian","Стражник Кургана",20,Undead,2085,/skill4290.webp
Monster,varool_foulclaw,"Varool Foulclaw","Варул Грязный Коготь",20,Humanoid,,/skill4295.webp
Monster,orc_betrayer_sue,"Sumi","Суми",20,Humanoid,,/skill4295.webp
Monster,orc_betrayer_wanuk,"Wanuk","Ванук",20,Humanoid,,/skill4295.webp
Monster,orc_betrayer_chewba,"Chewba","Чуба",20,Humanoid,,/skill4295.webp
Monster,orc_betrayer_heitafu,"Heitafu","Хейтафу",20,Humanoid,,/skill4295.webp
Monster,orc_betrayer_picubo,"Picubo","Пикубо",20,Humanoid,,/skill4295.webp
Monster,orc_betrayer_bumbum,"Bumbum","Бумбум",20,Humanoid,,/skill4295.webp
Monster,orc_betrayer_minsku,"Minsku","Минску",20,Humanoid,,/skill4295.webp
Monster,orc_betrayer_chuchu,"Chuchu","Чучу",20,Humanoid,,/skill4295.webp
Monster,orc_betrayer_umbar,"Umbar Orc","Орк Умбар",20,Humanoid,,/skill4295.webp
Monster,orc_betrayer_zakan,"Zakan","Закан",20,Humanoid,,/skill4295.webp
Monster,sacrifice_of_sacrificed,"Sacrifice Of The Sacrificed","Жертва из Жертв",20,Construct,,/skill4291.webp
Monster,orc_betrayer_timora,"Timora Orc","Орк Тимора",20,Humanoid,,/skill4295.webp
Monster,brun_lizardman,"Bruin Lizardman","Ящер Бруин",20,Humanoid,,/skill4295.webp
Monster,least_succubus_turen,"Lesser Succubus Turen","Младший Суккуб Турен",21,Demonic,780,/skill4298.webp
Monster,ol_mahum_patrol,"Ol Mahum Patrol","Дозорный Гноллов",21,Humanoid,945,/skill4295.webp
Monster,ruin_spartoi,"Ruin Spartoi","Скелет Руин",21,Undead,917,/skill4290.webp
Monster,seer,"Wandering Eye","Блуждающий Глаз",21,Construct,917,/skill4291.webp
Monster,dre_vanul_scouter,"Dre Vanul Scout","Разведчик Дре Ванул ",21,Demonic,780,/skill4298.webp
Monster,bugbear,"Bugbear","Людоед",21,Giant,780,/skill4300.webp
Monster,hobgoblin,"Hobgoblin","Хобгоблин",21,Humanoid,917,/skill4295.webp
Monster,manadragora,"Mandragora Sprout","Росток Мандрагоры",21,Plant,917,/skill4294.webp
Monster,enku_orc_champion,"Enku Orc Champion","Чемпион Орков Энку",21,Humanoid,1113,/skill4295.webp
Monster,virud_lizardman_scout,"Virud Lizardman Scout","Разведчик Ящеров Вируд",21,Humanoid,787,/skill4295.webp
Monster,ghost_guardian,"Ghost Guardian","Призрак Страж",21,Undead,772,/skill4290.webp
Monster,nightmare_weaver,"Nightmare Weaver","Ткач Ночных Кошмаров",21,Construct,849,/skill4291.webp
Monster,dre_vanul_beholder,"Dre Vanul Beholder","Смотритель Дре Ванул",21,Demonic,780,/skill4298.webp
Monster,baranka_escort,"Baranka's Escort","Эскорт Фаранги",21,Undead,780,/skill4290.webp
Monster,akaste_succubus_turen,"Akaste Succubus Turen","Суккуб Акаст Турен",21,Demonic,780,/skill4298.webp
Monster,ol_mahum_recruit,"Ol Mahum Recruit","Рекрут Гноллов",21,Humanoid,917,/skill4295.webp
Monster,relic_spartoi,"Relic Spartoi","Реликтовый Скелет",21,Undead,1422,/skill4290.webp
Monster,kirunaks_guards,"Kirunak's Guards","Страж Кирунака",21,Undead,764,/skill4290.webp
Monster,ruin_imp_ribe,"Ruin Imp Elder","Старший Бес Руин",21,Fairy,936,/skill4302.webp
Monster,giant_poison_bee,"Giant Poison Bee","Гигантская Ядовитая Пчела",21,Bug,1009,/skill4301.webp
Monster,kasha_hobgoblin,"Hobgoblin","Хобгоблин Кхаши",21,Humanoid,917,/skill4295.webp
Monster,northern_goblin,"Northern Goblin","Северный Гоблин",21,Humanoid,917,/skill4295.webp
Monster,lith_scout,"Lith Scout","Разведчик Лит",21,Demonic,2380,/skill4298.webp
Monster,gigant_slave,"Gigant Slave","Невольник Гигант",21,Angel,2380,/skill4297.webp
Monster,treasure_box_21,"Treasure Chest","Сундук с Сокровищами",21,Others,,/skill4416_etc.webp
Monster,mimic_21,"Treasure Chest","Сундук с Сокровищами",21,Others,631,/skill4416_etc.webp
Monster,dre_vanul_disposer,"Dre Vanul Disposer","Дробитель Дре Ванул ",22,Demonic,921,/skill4298.webp
Monster,least_succubus_tilfo,"Lesser Succubus Tilfo","Младший Суккуб Тилфо",22,Demonic,838,/skill4298.webp
Monster,ol_mahum_guard,"Ol Mahum Guard","Гнолл Страж",22,Humanoid,986,/skill4295.webp
Monster,patoller,"Hungry Eye","Голодный Глаз",22,Construct,986,/skill4291.webp
Monster,raging_spartoi,"Raging Spartoi","Яростный Скелет",22,Undead,1005,/skill4290.webp
Monster,ol_mahum_ranger,"Ol Mahum Ranger","Рейнджер Гноллов",22,Humanoid,1271,/skill4295.webp
Monster,monstereye_searcher,"Monster Eye Searcher","Монстроглаз Искатель",22,Construct,1833,/skill4291.webp
Monster,virud_lizardman_warrior,"Virud Lizardman Warrior","Воин Ящеров Вируд",22,Humanoid,838,/skill4295.webp
Monster,dre_vanul_slayer,"Dre Vanul Slayer","Убийца Дре Ванул",22,Demonic,921,/skill4298.webp
Monster,langk_lizardman_sub_ldr,"Langk Lizardman Lieutenant","Лейтенант Ящеров Лангк",22,Humanoid,986,/skill4295.webp
Monster,baranka_guard,"Baranka's Guard","Страж Фаранги",22,Undead,1093,/skill4290.webp
Monster,akaste_succubus_tilfo,"Akaste Succubus Tilfo","Суккуб Акаст Тилфо",22,Demonic,838,/skill4298.webp
Monster,zombie_warrior,"Zombie Warrior","Воин Зомби",22,Undead,1421,/skill4290.webp
Monster,mystical_weaver,"Mystical Weaver","Мистический Ткач",22,Construct,821,/skill4291.webp
Monster,red_eye_vampire_bat,"Red Eye Vampire Bat","Красноглазый Кровопийца",22,Animal,821,/skill4293.webp
Monster,male_lizardman_scout,"Maille Lizardman Scout","Разведчик Ящеров Мэль",22,Humanoid,713,/skill4295.webp
Monster,cloudy_beast,"Cloudy Beast ","Облачный Зверь",22,Beast,1005,/skill4292.webp
Monster,kasha_imp_turen,"Kasha Imp Turen","Бес Турен Кхаши",22,Fairy,1196,/skill4302.webp
Monster,spine_golem,"Spine Golem","Голем Крушитель",22,Construct,986,/skill4291.webp
Monster,martyrium_seer,"Hallowed Seer","Посвященный Пророк",22,Undead,2450,/skill4290.webp
Monster,barrow_seer,"Barrow Seer","Пророк Кургана",22,Undead,2450,/skill4290.webp
Monster,nerkas,"Nerkas","Неркас",22,Demonic,,/skill4298.webp
Monster,kirunak,"Kirunak","Кирунак",22,Demonic,,/skill4298.webp
Monster,merkenis,"Merkenis","Меркенис",22,Demonic,,/skill4298.webp
Monster,ol_mahum_remnants,"Ol Mahum Straggler","Гнолл Одиночка",23,Humanoid,1075,/skill4295.webp
Monster,tumran_bugbear,"Tumran Bugbear","Людоед Тумран",23,Giant,1054,/skill4300.webp
Monster,mandragora_a,"Mandragora Sapling","Корень Мандрагоры",23,Plant,1075,/skill4294.webp
Monster,ol_mahum,"Ol Mahum","Гнолл",23,Humanoid,878,/skill4295.webp
Monster,bloody_bee,"Bloody Bee","Кровавая Пчела",23,Bug,1148,/skill4301.webp
Monster,virud_lizardman_shaman_a,"Virud Lizardman Shaman ","Шаман Ящеров Вируд",23,Humanoid,878,/skill4295.webp
Monster,virud_lizardman_shaman_b,"Virud Lizardman Shaman ","Шаман Ящеров Вируд",23,Humanoid,878,/skill4295.webp
Monster,veelan_bugbear,"Veelan Bugbear","Людоед Вилан",23,Giant,1054,/skill4300.webp
Monster,ol_mahum_supplier,"Ol Mahum Supplier","Приспешник Гноллов",23,Humanoid,1054,/skill4295.webp
Monster,ol_mahum_support,"Ol Mahum Reserve","Резервист Гноллов",23,Humanoid,1054,/skill4295.webp
Monster,ol_mahum_deserter,"Ol Mahum Deserter","Дезертир Гноллов",23,Humanoid,1075,/skill4295.webp
Monster,young_araneid,"Young Araneid","Молодой Арахнид",23,Bug,1183,/skill4301.webp
Monster,kasha_dire_wolf,"Kasha Dire Wolf","Жуткий Волк Кхаши",23,Animal,1075,/skill4293.webp
Monster,kerope_werewolf_chief,"Kerope Werewolf Chief","Вожак Оборотней Кероп",23,Humanoid,1075,/skill4295.webp
Monster,pit_tomb_barbed_bat,"Catacomb Barbed Bat","Шипастая Летучая Мышь Катакомб",23,Animal,2621,/skill4293.webp
Monster,underground_werewolf,"Underground Werewolf","Оборотень Подземелья",23,Humanoid,905,/skill4295.webp
Monster,ol_mahum_shooter,"Ol Mahum Shooter","Гнолл Стрелок",24,Humanoid,1156,/skill4295.webp
Monster,tumran_bugbear_warrior,"Tumran Bugbear Warrior","Воин Людоедов Тумран",24,Giant,1145,/skill4300.webp
Monster,giant_leech,"Giant Leech","Гигантская Пиявка",24,Bug,954,/skill4301.webp
Monster,dire_wolf,"Dire Wolf","Жуткий Волк",24,Animal,1145,/skill4293.webp
Monster,virud_lizardm_matriarch,"Virud Lizardman Matriarch","Матриарх Ящеров Вируд",24,Humanoid,1142,/skill4295.webp
Monster,veelan_bugbear_warrior,"Veelan Bugbear Warrior","Воин Людоедов Вилан",24,Giant,1145,/skill4300.webp
Monster,ol_mahum_officer,"Ol Mahum Officer","Офицер Гноллов",24,Humanoid,1123,/skill4295.webp
Monster,turek_war_hound,"Turek War Hound","Гончая Турек",24,Animal,2088,/skill4293.webp
Monster,male_lizardman_guard,"Maille Lizardman Guard","Страж Ящеров Мэль",24,Humanoid,515,/skill4295.webp
Monster,giant_araneid,"Giant Araneid","Гигантский Арахнид",24,Bug,525,/skill4301.webp
Monster,plain_grizzly,"Plain Grizzly","Обыкновенный Гризли",24,Animal,1123,/skill4293.webp
Monster,langk_lizardman_shaman,"Langk Lizardman Shaman","Шаман Ящеров Лангк",24,Humanoid,1123,/skill4295.webp
Monster,kasha_bugbear,"Kasha Bugbear","Людоед Кхаши",24,Giant,1145,/skill4300.webp
Monster,northern_goblin_lord,"Northern Goblin Leader","Главарь Северных Гоблинов",24,Humanoid,1145,/skill4295.webp
Monster,underground_kobold,"Underground Kobold","Подземный Кобольд",24,Humanoid,935,/skill4295.webp
Monster,lith_adept,"Lith Witch","Ведьма Лит",24,Demonic,2763,/skill4298.webp
Monster,gigant_acolyte,"Gigant Acolyte","Аколит Гигант",24,Angel,2763,/skill4297.webp
Monster,treasure_box_24,"Treasure Chest","Сундук с Сокровищами",24,Others,,/skill4416_etc.webp
Monster,mimic_24,"Treasure Chest","Сундук с Сокровищами",24,Others,772,/skill4416_etc.webp
Monster,ol_mahum_scout,"Ol Mahum Patrolman","Дозорный Гноллов",25,Humanoid,992,/skill4295.webp
Monster,ol_mahum_captain,"Ol Mahum Captain","Капитан Гноллов",25,Humanoid,1263,/skill4295.webp
Monster,viewer,"Monster Eye Watcher","Монстроглаз Наблюдатель",25,Construct,1191,/skill4291.webp
Monster,mandragora_b,"Mandragora Blossom","Цветок Мандрагоры",25,Plant,1215,/skill4294.webp
Monster,ol_mahum_archer,"Ol Mahum Archer","Стрелок Гноллов",25,Humanoid,1043,/skill4295.webp
Monster,kadif_werewolf,"Kadif Werewolf","Кадифский Оборотень",25,Humanoid,1179,/skill4295.webp
Monster,mist_giant_leech,"Giant Mist Leech","Гигантская Туманная Пиявка",25,Bug,1191,/skill4301.webp
Monster,monstereye_gazer,"Monster Eye Gazer","Монстроглаз Смотритель",25,Construct,1191,/skill4291.webp
Monster,langk_lizardman_leader,"Langk Lizardman Leader","Главарь Ящеров Лангк",25,Humanoid,1215,/skill4295.webp
Monster,turek_orc_sentinel,"Turek Orc Sentinel","Часовой Орков Турек",25,Humanoid,2215,/skill4295.webp
Monster,howler,"Howler","Ревун",25,Humanoid,1012,/skill4295.webp
Monster,poison_araneid,"Poison Araneid","Ядовитый Арахнид",25,Bug,607,/skill4301.webp
Monster,cloudy_beast_turen,"Cloudy Beast Turen","Облачный Зверь Турен",25,Beast,1215,/skill4292.webp
Monster,baar_dre_vanul_disposer,"Baar Dre Vanul Destroyer","Баал Разрушитель Дре Ванул",25,Demonic,1521,/skill4298.webp
Monster,greater_spine_golem,"Enchanted Spine Golem","Зачарованный Колючий Голем",25,Construct,1191,/skill4291.webp
Monster,dead_pit_skeleton_archer,"Dead Pit Skeleton Archer","Скелет Стрелок Смертельной Ловушки",25,Undead,1022,/skill4290.webp
Monster,vault_guardian,"Vault Guardian","Страж Подземелья",25,Fairy,3121,/skill4302.webp
Monster,grave_guardian,"Grave Guardian","Стражник Могил",25,Fairy,3121,/skill4302.webp
Monster,scavenger_wolf,"Grim Wolf","Беспощадный Волк",25,Animal,1052,/skill4293.webp
Monster,bear_prince_malcom,"Malcom","Мальком",25,Animal,,/skill4293.webp
Monster,beamer,"Monster Eye Destroyer","Монстроглаз Разрушитель",26,Construct,1294,/skill4291.webp
Monster,selu_lizardman_scout,"Selu Lizardman Scout","Разведчик Ящеров Селу",26,Humanoid,1057,/skill4295.webp
Monster,skeleton_royal_guard,"Skeleton Royal Guard","Скелет Королевский Страж",26,Undead,1078,/skill4290.webp
Monster,specter,"Specter","Спектр",26,Undead,1294,/skill4290.webp
Monster,ol_mahum_guerilla,"Ol Mahum Guerilla","Партизан Гноллов",26,Humanoid,2359,/skill4295.webp
Monster,gray_ant,"Gray Ant","Серый Муравей",26,Bug,1268,/skill4301.webp
Monster,ol_mahum_general,"Ol Mahum General","Генерал Гноллов",26,Humanoid,1294,/skill4295.webp
Monster,turek_orc_footman,"Turek Orc Footman","Пехотинец Орков Турек",26,Humanoid,2359,/skill4295.webp
Monster,male_lizardman_warrior,"Maille Lizardman Warrior","Воин Ящеров Мэль",26,Humanoid,571,/skill4295.webp
Monster,sobing_wind,"Sobbing Wind","Рыдающий Ветер",26,Elemental,1268,/skill4296.webp
Monster,dead_pit_spartoi,"Dead Pit Spartoi","Скелет Смертельной Ловушки",26,Undead,1078,/skill4290.webp
Monster,pit_tomb_monster_eye,"Catacomb Wisp","Сфера Катакомб",26,Construct,3153,/skill4291.webp
Monster,grave_greybear,"Grim Grizzly","Беспощадный Гризли",26,Animal,1120,/skill4293.webp
Monster,ol_mahum_support_troop,"Ol Mahum Support Troop","Воин Поддержки Гноллов",26,Humanoid,,/skill4295.webp
Monster,lesser_basilisk,"Lesser Basilisk","Малый Василиск",27,Beast,1349,/skill4292.webp
Monster,selu_lizardman_warrior,"Selu Lizardman Warrior","Воин Ящеров Селу",27,Humanoid,1136,/skill4295.webp
Monster,gargoyle,"Gargoyle","Горгулья",27,Construct,1136,/skill4291.webp
Monster,lemures,"Sorrow Maiden","Печальная Дева",27,Elemental,1323,/skill4296.webp
Monster,ol_mahum_raider,"Ol Mahum Raider","Налетчик Гноллов",27,Humanoid,2485,/skill4295.webp
Monster,mist_horror_ripper,"Horror Mist Ripper","Туманный Потрошитель",27,Undead,1349,/skill4290.webp
Monster,glass_jaguar,"Glass Jaguar","Стеклянный Ягуар",27,Beast,1323,/skill4292.webp
Monster,turek_orc_archer,"Turek Orc Archer","Стрелок Орков Турек",27,Humanoid,2585,/skill4295.webp
Monster,turek_orc_supplier,"Turek Orc Supplier","Приспешник Орков Турек",27,Humanoid,2485,/skill4295.webp
Monster,skeleton_pikeman,"Skeleton Pikeman","Скелет Пикинер",27,Undead,1136,/skill4290.webp
Monster,kuran_kobold,"Kuran Kobold","Кобольд Куран",27,Humanoid,2282,/skill4295.webp
Monster,lafi_lizardman,"Lafi Lizardman","Ящер Лафи",27,Humanoid,2282,/skill4295.webp
Monster,talakin_raider,"Talakin Raider","Налетчик Гноллов Латников",27,Humanoid,1657,/skill4295.webp
Monster,king_araneid,"King of the Araneid","Король Арахнидов",27,Bug,872,/skill4301.webp
Monster,babbleing_wind,"Babbling Wind","Лепечущий Ветер",27,Elemental,1336,/skill4296.webp
Monster,u_ground_kobold_warrior,"Underground Kobold Warrior","Воин Подземных Кобольдов",27,Humanoid,1325,/skill4295.webp
Monster,lith_warrior,"Lith Warrior","Воин Лит",27,Demonic,3420,/skill4298.webp
Monster,gigant_overseer,"Gigant Overseer","Надзиратель Гигант",27,Angel,3420,/skill4297.webp
Monster,vault_seer,"Vault Seer","Смотритель Подземелья",27,Demonic,3321,/skill4298.webp
Monster,grave_seer,"Grave Seer","Пророк Могил",27,Demonic,3321,/skill4298.webp
Monster,thief_patroller_archer,"Grave Robber Scout","Разведчик Грабителей Могил",27,Undead,1395,/skill4290.webp
Monster,thief_patroller,"Grave Robber Lookout","Ищейка Грабителей Могил",27,Undead,1659,/skill4290.webp
Monster,picat_araneid,"Picot Araneid","Арахнид Пикот",27,Bug,,/skill4301.webp
Monster,treasure_box_27,"Treasure Chest","Сундук с Сокровищами",27,Others,,/skill4416_etc.webp
Monster,mimic_27,"Treasure Chest","Сундук с Сокровищами",27,Others,919,/skill4416_etc.webp
Monster,dusk_1_1_corner_archer,"Offering of Branded Archer","Стрелок Жертва Заклейменного",28,Humanoid,1001,/skill4295.webp
Monster,dawn_1_1_corner_archer,"Offering of Branded Archer","Стрелок Жертва Заклейменного",28,Humanoid,1001,/skill4295.webp
Monster,lesser_poison_basilisk,"Basilisk","Василиск",28,Beast,1428,/skill4292.webp
Monster,ol_mahum_legion,"Ol Mahum Legionnaire","Легионер Гноллов",28,Humanoid,1178,/skill4295.webp
Monster,neer_crawler,"Neer Crawler","Потрошитель",28,Undead,1442,/skill4290.webp
Monster,ol_mahum_sniper,"Ol Mahum Marksman","Зверолов Гноллов",28,Humanoid,2709,/skill4295.webp
Monster,crimson_ant,"Giant Crimson Ant","Гигантский Багровый Муравей",28,Bug,1555,/skill4301.webp
Monster,delu_lizardman,"Delu Lizardman","Ящер Делу",28,Humanoid,1400,/skill4295.webp
Monster,skeleton_axeman,"Skeleton Axeman","Скелет с Секирой",28,Undead,1442,/skill4290.webp
Monster,turek_orc_skimisher,"Turek Orc Skirmisher","Ополченец Орков Турек",28,Humanoid,2682,/skill4295.webp
Monster,kuran_kobold_warrior,"Kuran Kobold Warrior","Воин Кобольдов Куран",28,Humanoid,2415,/skill4295.webp
Monster,lafi_lizardman_scout,"Lafi Lizardman Scout","Разведчик Ящеров Лафи",28,Humanoid,2257,/skill4295.webp
Monster,talakin_archer,"Talakin Archer","Стрелок Гноллов Латников",28,Humanoid,2261,/skill4295.webp
Monster,male_lizardman_shaman,"Maille Lizardman Shaman","Шаман Ящеров Мэль",28,Humanoid,836,/skill4295.webp
Monster,giggleing_wind,"Giggling Wind","Смеющийся Ветер",28,Elemental,1414,/skill4296.webp
Monster,dead_pit_horror,"Dead Pit Horror","Ужас Смертельной Ловушки",28,Undead,1178,/skill4290.webp
Monster,pit_tomb_jaguar,"Catacomb Serpent","Змей Катакомб",28,Beast,3706,/skill4292.webp
Monster,thief_guard,"Grave Robber Ranger","Рейнджер Грабителей Могил",28,Humanoid,1477,/skill4295.webp
Monster,claw_succubus,"Claw Of Succubus","Когтистый Суккуб",28,Demonic,,/skill4298.webp
Monster,delu_lizardm_headhunter,"Delu Lizardman Headhunter","Ящер Делу Охотник за Головами",28,Humanoid,,/skill4295.webp
Monster,dusk_1_2_heavy_trp_1,"Offering of Branded Warrior","Воин Жертва Заклейменного",29,Humanoid,1026,/skill4295.webp
Monster,dusk_1_2_light_trp_1,"Offering of Branded Follower","Последователь Жертва Заклейменного",29,Humanoid,1227,/skill4295.webp
Monster,dawn_1_2_heavy_trp_1,"Offering of Branded Warrior","Воин Жертва Заклейменного",29,Humanoid,1026,/skill4295.webp
Monster,dawn_1_2_light_trp_1,"Offering of Branded Follower","Последователь Жертва Заклейменного",29,Humanoid,1227,/skill4295.webp
Monster,androscorpio,"Androscorpio","Зеркальная Кошка",29,Beast,1492,/skill4292.webp
Monster,ant_larva,"Ant Larva","Личинка Муравья",29,Bug,1368,/skill4301.webp
Monster,ol_mahum_commander,"Ol Mahum Commander","Командир Гноллов",29,Humanoid,1583,/skill4295.webp
Monster,marsh_stakato,"Marsh Stakato","Болотный Стакато",29,Humanoid,1811,/skill4295.webp
Monster,ol_mahum_champion,"Ol Mahum Champion","Чемпион Гноллов",29,Humanoid,1509,/skill4295.webp
Monster,skeleton_rapid_shooter,"Skeleton Marauder","Скелет Мародер",29,Undead,1568,/skill4290.webp
Monster,neer_crawler_frak,"Neer Ghoul Berserker","Вурдалак Берсерк",29,Undead,1522,/skill4290.webp
Monster,ol_mahum_sergeant,"Ol Mahum Sergeant","Сержант Гноллов",29,Humanoid,2776,/skill4295.webp
Monster,delu_lizardman_scout,"Delu Lizardman Scout","Разведчик Ящеров Делу",29,Humanoid,1477,/skill4295.webp
Monster,turek_orc_shaman,"Turek Orc Shaman","Шаман Орков Турек",29,Humanoid,2776,/skill4295.webp
Monster,patin,"Patin Archer","Костяной Стрелок",29,Undead,2454,/skill4290.webp
Monster,ritmal,"Ritmal Swordsman","Призрачный Мечник",29,Undead,2626,/skill4290.webp
Monster,roxide_fellow,"Roxide Cohort","Свита Демонессы",29,Undead,3240,/skill4290.webp
Monster,fire_archer,"Fire Archer","Огненный Стрелок",29,Undead,3354,/skill4290.webp
Monster,singing_wind,"Singing Wind","Поющий Ветер",29,Elemental,1522,/skill4296.webp
Monster,iron_ore_golem,"Iron Ore Golem","Голем из Железной Руды",29,Construct,1268,/skill4291.webp
Monster,grave_keeper_spartoi,"Grave Keeper Spartoi","Скелет Хранитель Могил",29,Undead,3710,/skill4290.webp
Monster,grave_robber_swordscout,"Grave Robber Guard","Страж Грабителей Могил",29,Humanoid,1559,/skill4295.webp
Monster,grudge_private,"Ghost of a Soldier","Призрак Солдата",29,Undead,1699,/skill4290.webp
Monster,dusk_1_box,"Treasures of the Festival","Сокровища Фестиваля",30,Construct,90,/skill4291.webp
Monster,dawn_1_box,"Treasures of the Festival","Сокровища Фестиваля",30,Construct,90,/skill4291.webp
Monster,fishing_blocker_3,"Caught Rakul","Пойманный Мурлок",30,Undead,1550,/skill4290.webp
Monster,androscorpio_hunter,"Androscorpio Hunter","Зеркальная Кошка Охотник",30,Beast,1571,/skill4292.webp
Monster,whispering_wind,"Whispering Wind","Шепчущий Ветер",30,Elemental,1571,/skill4296.webp
Monster,ant,"Ant","Муравей",30,Bug,1571,/skill4301.webp
Monster,silenos,"Silenos","Фавн",30,Humanoid,1571,/skill4295.webp
Monster,skeleton_raider,"Skeleton Raider","Скелет Налетчик",30,Undead,1602,/skill4290.webp
Monster,amber_basilisk,"Amber Basilisk","Янтарный Василиск",30,Beast,1869,/skill4292.webp
Monster,ol_mahum_chief_leader,"Ol Mahum Captain","Вожак Гноллов",30,Humanoid,2980,/skill4295.webp
Monster,weird_bee,"Stinger Wasp","Жалящая Оса",30,Bug,1745,/skill4301.webp
Monster,delu_lizardman_warrior,"Delu Lizardman Warrior","Воин Ящеров Делу",30,Humanoid,1586,/skill4295.webp
Monster,binding,"Arachnid Hunter","Арахнид Охотник",30,Undead,1469,/skill4290.webp
Monster,turek_orc_warlord,"Turek Orc Warlord","Полководец Орков Турек",30,Humanoid,3338,/skill4295.webp
Monster,salamander_lakin,"Lakin Salamander","Саламандра Лакин",30,Elemental,2566,/skill4296.webp
Monster,undine_lakin,"Lakin Undine","Ундина Лакин",30,Elemental,3443,/skill4296.webp
Monster,talakin,"Talakin","Гнолл Латник",30,Humanoid,2364,/skill4295.webp
Monster,male_lizardman_matriarch,"Maille Lizardman Matriarch","Матриарх Ящеров Мэль",30,Humanoid,1025,/skill4295.webp
Monster,hatu_weird_bee,"Hatu Weird Bee","Астральная Пчела Хату",30,Bug,881,/skill4301.webp
Monster,ol_mahum_van_grunt,"Ol Mahum Van Grunt","Воитель Авангарда Гноллов",30,Humanoid,1571,/skill4295.webp
Monster,plain_observer,"Watchman of the Plains","Смотритель Равнин",30,Construct,1602,/skill4291.webp
Monster,greedy_geist,"Greedy Geist","Призрак Алчности",30,Undead,1361,/skill4290.webp
Monster,lith_guard,"Lith Guard","Страж Лит",30,Demonic,4532,/skill4298.webp
Monster,gigant_trooper,"Gigant Footman","Пехотинец Гигант",30,Angel,4532,/skill4297.webp
Monster,martyrium_sentinel,"Hallowed Sentinel","Посвященный Часовой",30,Undead,3829,/skill4290.webp
Monster,barrow_sentinel,"Barrow Sentinel","Часовой Кургана",30,Undead,3829,/skill4290.webp
Monster,r00_invader_soldier_a,"Otherworldly Invader Soldier","Солдат Потусторонних Захватчиков",30,Undead,4372,/skill4290.webp
Monster,r01_invader_priest,"Otherworldly Invader Priest","Жрец Потусторонних Захватчиков",30,Undead,3023,/skill4290.webp
Monster,r02_invader_martyr,"Otherworldly Invader Martyrs","Мученик Потусторонних Захватчиков",30,Undead,3054,/skill4290.webp
Monster,r03_invader_soldier_c,"Otherworldly Invader Soldier","Солдат Потусторонних Захватчиков",30,Undead,3215,/skill4290.webp
Monster,r05_invader_elite_e,"Otherworldly Invader Elite Soldier","Элитный Солдат Потусторонних Захватчиков",30,Undead,778,/skill4290.webp
Monster,r06_invader_elite_f,"Otherworldly Invader Elite Soldier","Элитный Солдат Потусторонних Захватчиков",30,Undead,6988,/skill4290.webp
Monster,r07_invader_elite_h,"Otherworldly Invader Elite Soldier","Элитный Солдат Потусторонних Захватчиков",30,Undead,6889,/skill4290.webp
Monster,thief_fighter,"Grave Robber Fighter","Боец Грабителей Могил",30,Humanoid,1641,/skill4295.webp
Monster,brigand_sweeper,"Bandit Sweeper","Бандит Чистильщик",30,Humanoid,1750,/skill4295.webp
Monster,unicorn_of_eva,"Unicorn Of Eva","Единорог Евы",30,Elemental,,/skill4296.webp
Monster,cave_basilisk,"Cave Basilisk","Пещерный Василиск",30,Beast,,/skill4292.webp
Monster,black_willow,"Black Willow","Черная Ива",30,Plant,,/skill4294.webp
Monster,treasure_box_30,"Treasure Chest","Сундук с Сокровищами",30,Others,,/skill4416_etc.webp
Monster,mimic_30,"Treasure Chest","Сундук с Сокровищами",30,Others,1080,/skill4416_etc.webp
Monster,r04_invader_mimic,"Otherworldly Invader Food","Сундук Потусторонних Захватчиков",30,Others,1309,/skill4416_etc.webp
Monster,ant_captain,"Ant Captain","Вожак Муравьев",31,Bug,1711,/skill4301.webp
Monster,strain,"Strain","Раб",31,Undead,1661,/skill4290.webp
Monster,marsh_stakato_worker,"Marsh Stakato Worker","Рабочий Болотных Стакато",31,Humanoid,1996,/skill4295.webp
Monster,turak_bugbear,"Turak Bugbear","Людоед Турак",31,Giant,1677,/skill4300.webp
Monster,batur_orc,"Batur Orc","Орк Батур",31,Humanoid,1398,/skill4295.webp
Monster,breka_orc,"Breka Orc","Орк Брека",31,Humanoid,1677,/skill4295.webp
Monster,flame_viewer,"Sentinel Of Water","Страж Воды",31,Construct,2600,/skill4291.webp
Monster,water_observer,"Sentinel Of Water","Лик Воды",31,Construct,2625,/skill4291.webp
Monster,wild_desperado_fellow,"Young Gigantiops","Молодой Гигантиопс",31,Bug,2475,/skill4301.webp
Monster,magical_eye,"Magical Eye","Магический Лик",31,Construct,2084,/skill4291.webp
Monster,oddly_stone_golem,"Roughly Hewn Rock Golem","Черный Голем",31,Construct,1677,/skill4291.webp
Monster,pit_tomb_corpse_eater,"Catacomb Scavenger Bat","Летучий Падальщик Катакомб",31,Animal,4170,/skill4293.webp
Monster,grudge_fighter,"Ghost of a Loyal Vassal","Призрак Верного Вассала",31,Undead,1910,/skill4290.webp
Monster,brigand_hound,"Bandit Hound","Гончая Бандитов",31,Animal,1501,/skill4293.webp
Monster,dusk_1_1_corner_private,"Offering of the Branded","Жертва Заклейменного",32,Humanoid,1524,/skill4295.webp
Monster,dusk_1_3_mid_archer,"Offering of Branded Marksman","Зверолов Жертва Заклейменного",32,Humanoid,1266,/skill4295.webp
Monster,dawn_1_1_corner_private,"Offering of the Branded","Жертва Заклейменного",32,Humanoid,1524,/skill4295.webp
Monster,dawn_1_3_mid_archer,"Offering of Branded Marksman","Зверолов Жертва Заклейменного",32,Humanoid,1266,/skill4295.webp
Monster,ant_overseer,"Ant Overseer","Муравей Надзиратель",32,Bug,2881,/skill4301.webp
Monster,harpy,"Harpy","Гарпия",32,Beast,1805,/skill4292.webp
Monster,king_bugbear,"King Bugbear","Король Людоедов",32,Giant,1519,/skill4300.webp
Monster,succubus,"Succubus","Суккуб",32,Demonic,1519,/skill4298.webp
Monster,ghoul,"Ghoul","Вурдалак",32,Undead,2502,/skill4290.webp
Monster,inpicio,"Toad Lord","Повелитель Жаб",32,Animal,1946,/skill4293.webp
Monster,batur_orc_archer,"Batur Orc Archer","Стрелок Орков Батур",32,Humanoid,1921,/skill4295.webp
Monster,breka_orc_archer,"Breka Orc Archer","Стрелок Орков Брека",32,Humanoid,2305,/skill4295.webp
Monster,skeleton_knight,"Skeleton Knight","Скелет Рыцарь",32,Undead,1519,/skill4290.webp
Monster,dre_vanul_konfil,"Dre Vanul Warrior","Воин Дре Ванул",32,Demonic,2770,/skill4298.webp
Monster,sucubuss_kanil,"Kanil Succubus","Живучий Суккуб",32,Demonic,2919,/skill4298.webp
Monster,roxide,"Roxide","Демонесса",32,Demonic,3504,/skill4298.webp
Monster,death_fire,"Death Fire","Пламя Смерти",32,Demonic,3504,/skill4298.webp
Monster,hatu_dire_wolf,"Hatu Dire Wolf","Жуткий Волк Хату",32,Animal,836,/skill4293.webp
Monster,ol_mahum_van_archer,"Ol Mahum Van Archer","Стрелок Авангарда Гноллов",32,Humanoid,2305,/skill4295.webp
Monster,delu_lizardman_q_master,"Delu Lizardman Supplier","Приспешник Ящеров Делу",32,Humanoid,2106,/skill4295.webp
Monster,martyrium_monk,"Hallowed Monk","Посвященный Монах",32,Undead,4443,/skill4290.webp
Monster,barrow_monk,"Barrow Monk","Монах Кургана",32,Undead,4443,/skill4290.webp
Monster,grudge_general,"Ghost of a General","Призрак Генерала",32,Undead,2035,/skill4290.webp
Monster,brigand_watcher,"Bandit Watchman","Бандит Наблюдатель",32,Humanoid,2056,/skill4295.webp
Monster,tatoma,"Tatoma","Татома",32,Giant,,/skill4300.webp
Monster,noble_ant_lesser,"Male Ant","Муравей Самец",32,Bug,,/skill4301.webp
Monster,dusk_1_2_light_prv,"Offering of the Branded, Evoked Spirit","Призванный Дух Жертва Заклейменного",33,Humanoid,1751,/skill4295.webp
Monster,dawn_1_2_light_prv,"Offering of the Branded, Evoked Spirit","Призванный Дух Жертва Заклейменного",33,Humanoid,1751,/skill4295.webp
Monster,ant_recruit,"Ant Recruit","Муравей Рекрут",33,Bug,1742,/skill4301.webp
Monster,granitic_golem,"Granite Golem","Гранитный Голем",33,Construct,2687,/skill4291.webp
Monster,troll,"Troll","Тролль",33,Giant,1600,/skill4300.webp
Monster,marsh_stakato_soldier,"Marsh Stakato Soldier","Солдат Болотных Стакато",33,Humanoid,1901,/skill4295.webp
Monster,turak_bugbear_warrior,"Turak Bugbear Warrior","Воин Людоедов Турак",33,Giant,3606,/skill4300.webp
Monster,batur_orc_warrior,"Batur Orc Warrior","Воин Орков Батур",33,Humanoid,1922,/skill4295.webp
Monster,breka_orc_warrior,"Breka Orc Warrior","Воин Орков Брека",33,Humanoid,2307,/skill4295.webp
Monster,salamander_rowin,"Salamander Rowin","Саламандра Ровин",33,Elemental,3166,/skill4296.webp
Monster,undine_rowin,"Rowin Undine","Ундина Ровин",33,Elemental,3005,/skill4296.webp
Monster,lesser_warlike_tyrant,"Lesser Warlike Tyrant","Младший Воинственный Тиран",33,Beast,2385,/skill4292.webp
Monster,delu_lizardman_agent,"Delu Lizardman Special Agent","Агент Ящеров Делу",33,Humanoid,2427,/skill4295.webp
Monster,lith_medium,"Lith Medium","Медиум Лит",33,Demonic,5231,/skill4298.webp
Monster,gigant_cleric,"Gigant Cleric","Клерик Гигант",33,Angel,5231,/skill4297.webp
Monster,r00_invader_archer,"Otherworldly Invader Archer","Стрелок Потусторонних Захватчиков",33,Undead,4478,/skill4290.webp
Monster,r01_invader_shaman,"Otherworldly Invader Shaman","Шаман Потусторонних Захватчиков",33,Undead,5654,/skill4290.webp
Monster,r02_invader_warrior_a,"Otherworldly Invader Warrior","Воин Потусторонних Захватчиков",33,Undead,3635,/skill4290.webp
Monster,r03_invader_zealot,"Otherworldly Invader Discipline","Апостол Потусторонних Захватчиков",33,Undead,3828,/skill4290.webp
Monster,r05_invader_warrior_b,"Otherworldly Invader Warrior","Воин Потусторонних Захватчиков",33,Undead,8716,/skill4290.webp
Monster,r06_invader_elite_g,"Otherworldly Invader Elite Soldier","Элитный Солдат Потусторонних Захватчиков",33,Undead,8456,/skill4290.webp
Monster,r07_invader_mage_b,"Otherworldly Invader Magus","Маг Потусторонних Захватчиков",33,Undead,8062,/skill4290.webp
Monster,elder_batur_grudge,"Ghost of a Batur Chief","Призрак Лидера Батур",33,Undead,2337,/skill4290.webp
Monster,elder_batur_grudge2,"Ghost of a Batur Chief","Призрак Лидера Батур",33,Undead,2337,/skill4290.webp
Monster,elder_morek_grudge,"Ghost of a Morek Chief","Призрак Лидера Морек",33,Undead,2337,/skill4290.webp
Monster,elder_morek_grudge2,"Ghost of a Morek Chief","Призрак Лидера Морек",33,Undead,2337,/skill4290.webp
Monster,elder_turka_gudege,"Ghost of a Turka Chief","Призрак Лидера Турка",33,Undead,2337,/skill4290.webp
Monster,elder_turka_gudege2,"Ghost of a Turka Chief","Призрак Лидера Турка",33,Undead,2337,/skill4290.webp
Monster,sirasoni_snow,"Snow Lynx","Снежная Рысь",33,Beast,1701,/skill4292.webp
Monster,enku_orc_overlord,"Enku Orc Overlord","Владыка Орков Энку",33,Humanoid,,/skill4295.webp
Monster,neer_bodyguard,"Neer Bodyguard","Телохранитель Нир",33,Undead,,/skill4290.webp
Monster,handmaiden_of_stenoa,"Handmaiden Of Stenoa","Служанка Стеноа",33,Beast,,/skill4292.webp
Monster,treasure_box_33,"Treasure Chest","Сундук с Сокровищами",33,Others,,/skill4416_etc.webp
Monster,mimic_33,"Treasure Chest","Сундук с Сокровищами",33,Others,1307,/skill4416_etc.webp
Monster,r04_invader_box_a,"Otherworldly Invader Food","Сундук Потусторонних Захватчиков",33,Others,,/skill4416_etc.webp
Monster,dusk_1_1_corner_leader,"Offering of Branded Elder","Старшая Жертва Заклейменного",34,Humanoid,1755,/skill4295.webp
Monster,dusk_1_2_light_trp_2,"Offering of Branded Zealot","Зилот Жертва Заклейменного",34,Humanoid,1651,/skill4295.webp
Monster,dusk_1_4_last_trp_1,"Offering of Branded Disciple","Ученик Жертва Заклейменного",34,Humanoid,1651,/skill4295.webp
Monster,dawn_1_1_corner_leader,"Offering of Branded Elder","Старшая Жертва Заклейменного",34,Humanoid,1720,/skill4295.webp
Monster,dawn_1_2_light_trp_2,"Offering of Branded Zealot","Зилот Жертва Заклейменного",34,Humanoid,1651,/skill4295.webp
Monster,dawn_1_4_last_trp_1,"Offering of Branded Disciple","Ученик Жертва Заклейменного",34,Humanoid,1651,/skill4295.webp
Monster,ant_patrol,"Ant Patrol","Муравей Дозорный",34,Bug,2001,/skill4301.webp
Monster,puncher,"Puncher","Громила",34,Construct,2910,/skill4291.webp
Monster,medusa,"Medusa","Медуза",34,Beast,2058,/skill4292.webp
Monster,dead_seeker,"Dead Seeker","Поедатель Мертвечины",34,Animal,1998,/skill4293.webp
Monster,turmak,"Bloody Axe Turmak","Турмак Кровавый Топор",34,Humanoid,3528,/skill4295.webp
Monster,marsh_spider,"Marsh Spider","Болотный Паук",34,Bug,2241,/skill4301.webp
Monster,batur_orc_shaman_a,"Batur Orc Shaman","Шаман Орков Батур",34,Humanoid,1681,/skill4295.webp
Monster,breka_orc_shaman,"Breka Orc Shaman","Шаман Орков Брека",34,Humanoid,2018,/skill4295.webp
Monster,turek_orc_elder,"Turek Orc Elder","Старший Орк Турек",34,Humanoid,2058,/skill4295.webp
Monster,ol_mahum_lord,"Ol Mahum Lord","Повелитель Гноллов",34,Humanoid,4233,/skill4295.webp
Monster,hatu_brown_bear,"Hatu Brown Bear","Бурый Медведь Хату",34,Animal,1317,/skill4293.webp
Monster,ol_mahum_van_lader,"Ol Mahum Van Leader","Лидер Авангарда Гноллов",34,Humanoid,2449,/skill4295.webp
Monster,cursed_observer,"Cursed Seer","Проклятый Пророк",34,Construct,2058,/skill4291.webp
Monster,pit_tomb_stalker,"Catacomb Shadow","Тень Катакомб",34,Demonic,5016,/skill4298.webp
Monster,brigand_undertaker,"Bandit Undertaker","Бандит Могильщик",34,Humanoid,2081,/skill4295.webp
Monster,harpy_martriarch,"Harpy Matriarch","Гарпия Матриарх",34,Beast,,/skill4292.webp
Monster,queen_of_succubus,"Succubus Queen","Королева Суккубов",34,Demonic,,/skill4298.webp
Monster,dusk_1_5_mid_bomb,"Flame of the Branded","Пламя Заклейменного",35,Construct,4894,/skill4291.webp
Monster,dawn_1_5_mid_bomb,"Flame of the Branded","Пламя Заклейменного",35,Construct,4894,/skill4291.webp
Monster,ant_guard,"Ant Guard","Муравей Страж",35,Bug,1782,/skill4301.webp
Monster,ant_soldier,"Ant Soldier","Муравей Солдат",35,Bug,4274,/skill4301.webp
Monster,hanged_man_ripper,"Hangman Tree","Висельное Дерево",35,Plant,2181,/skill4294.webp
Monster,twin_headed_giant,"Two-Headed Giant","Двухголовый Гигант",35,Giant,1799,/skill4300.webp
Monster,wyrm,"Wyrm","Змей",35,Dragon,2181,/skill4299.webp
Monster,tyrant,"Tyrant","Тиран",35,Beast,2138,/skill4292.webp
Monster,marsh_stakato_drone,"Marsh Stakato Drone","Трутень Болотных Стакато",35,Humanoid,2268,/skill4295.webp
Monster,batur_orc_overlord,"Batur Orc Overlord","Владыка Орков Батур",35,Humanoid,2163,/skill4295.webp
Monster,breka_orc_overlord,"Breka Orc Overlord","Владыка Орков Брека",35,Humanoid,2857,/skill4295.webp
Monster,field_stalker,"Field Stalker","Сталкер",35,Construct,2175,/skill4291.webp
Monster,leto_lizardman,"Leto Lizardman","Ящер Лито",35,Humanoid,2138,/skill4295.webp
Monster,wild_desperado,"Gigantiops","Гигантиопс",35,Bug,3218,/skill4301.webp
Monster,bloody_axe_elite,"Bloody Axe Elite","Кровавый Топор",35,Humanoid,2159,/skill4295.webp
Monster,delu_lizardman_shaman,"Delu Lizardman Shaman","Шаман Ящеров Делу",35,Humanoid,2138,/skill4295.webp
Monster,dread_wolf,"Dread Wolf","Грозный Волк",35,Animal,981,/skill4293.webp
Monster,rakul,"Rakul","Мурлок",35,Undead,2544,/skill4290.webp
Monster,wasp_worker,"Wasp Worker","Рабочая Оса",35,Bug,991,/skill4301.webp
Monster,warlkie_tyrant,"Warlike Tyrant","Воинственный Тиран",35,Beast,2631,/skill4292.webp
Monster,delu_lizardman_commander,"Delu Lizardman Commander","Командир Ящеров Делу",35,Humanoid,4354,/skill4295.webp
Monster,vault_sentinel,"Vault Sentinel","Часовой Подземелья",35,Fairy,5603,/skill4302.webp
Monster,grave_sentinel,"Grave Sentinel","Часовой Могил",35,Fairy,5603,/skill4302.webp
Monster,dread_wolf_a,"Dread Wolf","Грозный Волк",35,Animal,1382,/skill4293.webp
Monster,r00_invader_soldier_b,"Otherworldly Invader Soldier","Солдат Потусторонних Захватчиков",35,Undead,6221,/skill4290.webp
Monster,r01_invader_elite_a,"Otherworldly Invader Elite Soldier","Элитный Солдат Потусторонних Захватчиков",35,Undead,5178,/skill4290.webp
Monster,r02_invader_mage_a,"Otherworldly Invader Magus","Маг Потусторонних Захватчиков",35,Undead,4089,/skill4290.webp
Monster,r03_invader_beserker,"Otherworldly Invader Berserker","Берсерк Потусторонних Захватчиков",35,Undead,5356,/skill4290.webp
Monster,r04_invader_elite_b,"Otherworldly Invader Elite Soldier","Элитный Солдат Потусторонних Захватчиков",35,Undead,9595,/skill4290.webp
Monster,r04_invader_elite_c,"Otherworldly Invader Elite Soldier","Элитный Солдат Потусторонних Захватчиков",35,Undead,9777,/skill4290.webp
Monster,r05_invader_elite_d,"Otherworldly Invader Elite Soldier","Элитный Солдат Потусторонних Захватчиков",35,Undead,381,/skill4290.webp
Monster,r07_invader_elite_i,"Otherworldly Invader Elite Soldier","Элитный Солдат Потусторонних Захватчиков",35,Undead,9377,/skill4290.webp
Monster,brigand_assassin,"Bandit Assassin","Бандит Ассасин",35,Humanoid,2470,/skill4295.webp
Monster,lava_salamander,"Lava Salamander","Лавовая Саламандра",35,Elemental,,/skill4296.webp
Monster,nahir,"Nahir","Нахир",35,Demonic,,/skill4298.webp
Monster,spirit_of_sir_herod,"Spirit of Sir Herod","Дух Сэра Херода",35,Undead,,/skill4290.webp
Monster,leto_lizardman_agent,"Leto Lizardman Agent","Агент Ящеров Лито",35,Humanoid,,/skill4295.webp
Monster,marsh_stakato_marquess,"Marsh Stakato Marquess","Маркиз Болотных Стакато",35,Humanoid,,/skill4295.webp
Monster,r06_invader_box_b,"Otherworldly Invader Food","Сундук Потусторонних Захватчиков",35,Others,,/skill4416_etc.webp
Monster,ant_warrior_captain,"Ant Warrior Captain","Вожак Муравьев Воинов",36,Bug,4763,/skill4301.webp
Monster,tyrant_kingpin,"Tyrant Kingpin","Главный Тиран",36,Beast,2307,/skill4292.webp
Monster,marsh_stakato_queen,"Marsh Stakato Queen","Королева Болотных Стакато",36,Humanoid,2288,/skill4295.webp
Monster,guardian_basilisk,"Guardian Basilisk","Василиск Стражник",36,Beast,2352,/skill4292.webp
Monster,leto_lizardman_archer,"Leto Lizardman Archer","Стрелок Ящеров Лито",36,Humanoid,2330,/skill4295.webp
Monster,scout_of_plain,"Scout of the Plains","Разведчик Равнин",36,Humanoid,3192,/skill4295.webp
Monster,tasaba_lizardman,"Tasaba Lizardman","Ящер Тасаба",36,Humanoid,1111,/skill4295.webp
Monster,crokian,"Crokian","Крок",36,Humanoid,2399,/skill4295.webp
Monster,hatu_onyx_beast,"Hatu Onyx Beast","Ониксовый Зверь Хату",36,Beast,1221,/skill4292.webp
Monster,lith_warlord,"Lith Overlord","Владыка Лит",36,Demonic,6677,/skill4298.webp
Monster,gigant_officer,"Gigant Officer","Офицер Гигант",36,Angel,6677,/skill4297.webp
Monster,cave_ant_lava_4,"Cave Ant Larva","Личинка Пещерного Муравья",36,Bug,1904,/skill4301.webp
Monster,cave_ant_lava_2a,"Cave Ant Larva","Личинка Пещерного Муравья",36,Bug,,/skill4301.webp
Monster,cave_ant_lava_2b,"Cave Ant Larva","Личинка Пещерного Муравья",36,Bug,,/skill4301.webp
Monster,cave_ant_lava_2d,"Cave Ant Larva","Личинка Пещерного Муравья",36,Bug,3541,/skill4301.webp
Monster,tasaba_lizardman_a,"Tasaba Lizardman","Ящер Тасаба",36,Humanoid,1635,/skill4295.webp
Monster,brigand_fighter,"Bandit Warrior","Бандит Воин",36,Humanoid,2825,/skill4295.webp
Monster,road_collector,"Road Collector","Дорожный Сборщик",36,Humanoid,,/skill4295.webp
Monster,delu_lizardman_assassin,"Delu Lizardman Assassin","Ассасин Ящеров Делу",36,Humanoid,,/skill4295.webp
Monster,shyslassys,"Shyslassys","Шисласис",36,Beast,,/skill4292.webp
Monster,gorr,"Gorr","Горр",36,Beast,,/skill4292.webp
Monster,baraham,"Baraham","Барахам",36,Beast,,/skill4292.webp
Monster,leto_lizardman_sniper,"Leto Lizardman Sniper","Снайпер Ящеров Лито",36,Humanoid,,/skill4295.webp
Monster,ol_mahum_betrayer,"Ol Mahum Betrayer","Гнолл Предатель",36,Humanoid,,/skill4295.webp
Monster,crimsha_werewolf,"Crimson Werewolf","Багровый Оборотень",36,Humanoid,,/skill4295.webp
Monster,krudel_lizardman,"Krudel Lizardman","Ящер Крудел",36,Humanoid,,/skill4295.webp
Monster,breka_overlord_haka,"Breka Overlord Haka","Владыка Брека Хака",36,Humanoid,,/skill4295.webp
Monster,breka_overlord_jaka,"Breka Overlord Jaka","Владыка Брека Яка",36,Humanoid,,/skill4295.webp
Monster,breka_overlord_marka,"Breka Overlord Marka","Владыка Брека Марка",36,Humanoid,,/skill4295.webp
Monster,crimsha_werewolf_f,"Crimson Werewolf","Багровый Оборотень",36,Humanoid,,/skill4295.webp
Monster,krudel_lizardman_f,"Krudel Lizardman","Ящер Крудел",36,Humanoid,,/skill4295.webp
Monster,treasure_box_36,"Treasure Chest","Сундук с Сокровищами",36,Others,,/skill4416_etc.webp
Monster,mimic_36,"Treasure Chest","Сундук с Сокровищами",36,Others,1555,/skill4416_etc.webp
Monster,dusk_1_2_heavy_trp_2,"Offering of Branded Berserker","Берсерк Жертва Заклейменного",37,Humanoid,2277,/skill4295.webp
Monster,dawn_1_2_heavy_trp_2,"Offering of Branded Berserker","Берсерк Жертва Заклейменного",37,Humanoid,2277,/skill4295.webp
Monster,noble_ant,"Noble Ant","Элитный Муравей",37,Bug,1991,/skill4301.webp
Monster,road_scavenger,"Road Scavenger","Придорожный Падальщик",37,Humanoid,2389,/skill4295.webp
Monster,leto_lizardman_soldier,"Leto Lizardman Soldier","Солдат Ящеров Лито",37,Humanoid,2437,/skill4295.webp
Monster,tasaba_lizardman_shaman,"Tasaba Lizardman Shaman","Шаман Ящеров Тасаба",37,Humanoid,1075,/skill4295.webp
Monster,dailaon,"Dailaon","Кайман",37,Humanoid,3081,/skill4295.webp
Monster,wasp_leader,"Wasp Leader","Оса Лидер",37,Bug,1086,/skill4301.webp
Monster,vault_monk,"Vault Monk","Монах Подземелья",37,Demonic,5940,/skill4298.webp
Monster,grave_monk,"Grave Monk","Монах Могил",37,Demonic,5940,/skill4298.webp
Monster,cave_ant_2a,"Cave Ant","Пещерный Муравей",37,Bug,4042,/skill4301.webp
Monster,cave_ant_4,"Cave Ant","Пещерный Муравей",37,Bug,2758,/skill4301.webp
Monster,tasaba_lizardman_sham_a,"Tasaba Lizardman Shaman ","Шаман Ящеров Тасаба",37,Humanoid,1202,/skill4295.webp
Monster,brigand_inspector,"Bandit Inspector","Бандит Инспектор",37,Humanoid,2661,/skill4295.webp
Monster,pashika_sonof_voltar,"Pashika Son Of Voltar","Пашика Сын Волтара",37,Humanoid,,/skill4295.webp
Monster,vultus_sonof_voltar,"Vultus Son Of Voltar","Вултус Сын Волтара",37,Humanoid,,/skill4295.webp
Monster,makum_bugbear_thug,"Makum Bugbear Thug","Макум Людоед Душегуб",37,Giant,,/skill4300.webp
Monster,delu_chief_kalkis,"Delu Chief Kalkis","Глава Делу Калкис",37,Humanoid,,/skill4295.webp
Monster,stenoa_gorgon_queen,"Stenoa Gorgon Queen","Королева Горгон Стеноа",37,Beast,,/skill4292.webp
Monster,luell_of_zephyr_winds,"Luell Of Zephyr Winds","Луэль Западных Ветров",37,Elemental,,/skill4296.webp
Monster,actea_of_verdant_wilds,"Actea Of Verdant Wilds","Актея Зеленых Лесов",37,Fairy,,/skill4302.webp
Monster,leto_lizardman_assassin,"Leto Lizardman Assassin","Ассасин Ящеров Лито",37,Humanoid,,/skill4295.webp
Monster,evil_eye_lord,"Evil Eye Lord","Повелитель Око Зла",37,Construct,,/skill4291.webp
Monster,noble_ant_leader,"Noble Ant Leader","Вожак Элитных Муравьев",38,Bug,4391,/skill4301.webp
Monster,iron_golem,"Iron Golem","Железный Голем",38,Construct,3029,/skill4291.webp
Monster,crimson_bind,"Fettered Soul","Пленная Душа",38,Undead,5152,/skill4290.webp
Monster,leto_lizardman_warrior,"Leto Lizardman Warrior","Воин Ящеров Лито",38,Humanoid,4688,/skill4295.webp
Monster,warrior_of_plain,"Warrior of the Plains","Воин Равнин",38,Humanoid,3591,/skill4295.webp
Monster,crokian_warrior,"Crokian Warrior","Крок Воин",38,Humanoid,5307,/skill4295.webp
Monster,hatu_crimson_bear,"Hatu Crimson Bear","Багровый Медведь Хату",38,Animal,1613,/skill4293.webp
Monster,lageos,"Lageos","Лагеос",38,Humanoid,3299,/skill4295.webp
Monster,pageos,"Pageos","Пагеос",38,Humanoid,3132,/skill4295.webp
Monster,ogre_l,"Ogre","Огр",38,Giant,2157,/skill4300.webp
Monster,pit_tomb_tarantula,"Catacomb Stakato Soldier","Солдат Стакато Катакомб",38,Humanoid,6444,/skill4295.webp
Monster,cave_recruit_2b,"Cave Ant Soldier","Пещерный Муравей Солдат",38,Bug,4670,/skill4301.webp
Monster,cave_recruit_4,"Cave Ant Soldier","Пещерный Муравей Солдат",38,Bug,4902,/skill4301.webp
Monster,ogre_l_a,"Ogre","Огр",38,Giant,2134,/skill4300.webp
Monster,wolf_snow,"Frozen Wasteland Werewolf","Оборотень Замерзших Пустошей",38,Humanoid,2662,/skill4295.webp
Monster,nameless_revenant,"Nameless Revenant","Безымянный Призрак",38,Undead,,/skill4290.webp
Monster,pako_the_cat,"Pako The Cat","Кот Пако",38,Elemental,,/skill4296.webp
Monster,unicorn_racer,"Unicorn Racer","Единорог",38,Elemental,,/skill4296.webp
Monster,leto_lizardman_leader,"Leto Lizardman Leader","Главарь Ящеров Лито",38,Humanoid,,/skill4295.webp
Monster,ol_mahum_inspector,"Ol Mahum Inspector","Гнолл Инспектор",38,Humanoid,,/skill4295.webp
Monster,dusk_1_4_last_trp_2,"Offering of Branded Saint","Святой Жертва Заклейменного",39,Humanoid,2172,/skill4295.webp
Monster,dusk_2_1_corner_archer,"Apostate's Offering Archer","Стрелок Жертва Отступника",39,Humanoid,1880,/skill4295.webp
Monster,dawn_1_4_last_trp_2,"Offering of Branded Saint","Святой Жертва Заклейменного",39,Humanoid,2172,/skill4295.webp
Monster,dawn_2_1_corner_archer,"Apostate's Offering Archer","Стрелок Жертва Отступника",39,Humanoid,1880,/skill4295.webp
Monster,windsus,"Windsus","Вепрь",39,Animal,2655,/skill4293.webp
Monster,leto_lizardman_shaman,"Leto Lizardman Shaman","Шаман Ящеров Лито",39,Humanoid,2655,/skill4295.webp
Monster,shaman_of_plain,"Shaman of the Plains","Шаман Равнин",39,Humanoid,4150,/skill4295.webp
Monster,ragna_orc_overlord,"Ragna Orc Overlord","Владыка Орков Рагна",39,Humanoid,2973,/skill4295.webp
Monster,ragna_orc_seer,"Ragna Orc Seer","Пророк Орков Рагна",39,Humanoid,2655,/skill4295.webp
Monster,lienrik,"Lienrik","Аспид",39,Beast,1195,/skill4292.webp
Monster,farhite,"Farhite","Крок Шаман",39,Humanoid,4938,/skill4295.webp
Monster,lith_patrolman,"Lith Patrolman","Дозорный Лит",39,Demonic,7888,/skill4298.webp
Monster,gigant_fanatic,"Gigant Raider","Налетчик Гигант",39,Angel,7888,/skill4297.webp
Monster,cave_noble_ant_4,"Cave Noble Ant","Элитный Пещерный Муравей",39,Bug,14204,/skill4301.webp
Monster,tasaba_lizardman_snpr,"Tasaba Lizardman Sniper","Снайпер Ящеров Тасаба",39,Humanoid,1958,/skill4295.webp
Monster,tasaba_lizardman_snpr_a,"Tasaba Lizardman Sniper","Снайпер Ящеров Тасаба",39,Humanoid,2488,/skill4295.webp
Monster,lienrik_a,"Lienrik","Аспид",39,Beast,1195,/skill4292.webp
Monster,forgotten_carman,"Forgotten Crewman","Забытый Мастер",39,Undead,6847,/skill4290.webp
Monster,trimden_lord,"Trimden Lord ","Лорд Тримденов",39,Bug,,/skill4301.webp
Monster,black_willow_lurker,"Black Willow Lurker","Черная Ива Наблюдатель",39,Plant,,/skill4294.webp
Monster,revenant_of_tantos_chief,"Revenant of Tantos Chief","Призрак Вождя Тантос",39,Humanoid,,/skill4295.webp
Monster,skeletal_mercenary,"Skeletal Mercenary","Скелет Наемник",39,Undead,,/skill4290.webp
Monster,shadow_turen,"Shadow Turen","Сумеречный Турен",39,Demonic,,/skill4298.webp
Monster,mimi_the_cat,"Mimi The Cat","Кот Мими",39,Elemental,,/skill4296.webp
Monster,leto_lizardman_wizard,"Leto Lizardman Wizard","Чародей Ящеров Лито",39,Humanoid,,/skill4295.webp
Monster,treasure_box_39,"Treasure Chest","Сундук с Сокровищами",39,Others,,/skill4416_etc.webp
Monster,mimic_39,"Treasure Chest","Сундук с Сокровищами",39,Others,1825,/skill4416_etc.webp
Monster,dusk_2_2_heavy_trp_1,"Apostate's Offering Warrior","Воин Жертва Отступника",40,Humanoid,1920,/skill4295.webp
Monster,dusk_2_2_light_trp_1,"Apostate's Offering Follower","Последователь Жертва Отступника",40,Humanoid,2296,/skill4295.webp
Monster,dawn_2_2_heavy_trp_1,"Apostate's Offering Warrior","Воин Жертва Отступника",40,Humanoid,1920,/skill4295.webp
Monster,dawn_2_2_light_trp_1,"Apostate's Offering Follower","Последователь Жертва Отступника",40,Humanoid,2296,/skill4295.webp
Monster,fishing_blocker_4,"Caught Sea Giant","Пойманный Морской Гигант",40,Giant,2756,/skill4300.webp
Monster,crocodile,"Alligator","Аллигатор",40,Animal,2848,/skill4293.webp
Monster,hungry_spirit,"Hungry Spirit","Голодный Дух",40,Undead,2350,/skill4290.webp
Monster,serpent_slave,"Serpent Slave","Змей Невольник",40,Beast,2374,/skill4292.webp
Monster,porta,"Porta","Порта",40,Construct,10438,/skill4291.webp
Monster,zenta_lizardman,"Zenta Lizardman","Ящер Зента",40,Humanoid,2327,/skill4295.webp
Monster,grave,"Grave","Могильщик",40,Beast,2350,/skill4292.webp
Monster,crimson_doll,"Death Doll","Кукла Смерти",40,Undead,2611,/skill4290.webp
Monster,grandis,"Grandis","Грандис",40,Giant,3102,/skill4300.webp
Monster,giant_fungus,"Giant Fungus","Гигантский Гриб",40,Plant,2792,/skill4294.webp
Monster,manashen,"Manashen Gargoyle","Манашен Горгулья",40,Construct,3323,/skill4291.webp
Monster,leto_lizardman_overlord,"Leto Lizardman Overlord","Владыка Ящеров Лито",40,Humanoid,5298,/skill4295.webp
Monster,timak_orc,"Timak Orc","Орк Тимак",40,Humanoid,2792,/skill4295.webp
Monster,karul_bugbear,"Karul Bugbear","Людоед Карул",40,Giant,3290,/skill4300.webp
Monster,taik_orc,"Taik Orc","Орк Тайк",40,Humanoid,2792,/skill4295.webp
Monster,lord_of_plain,"Lord of the Plains","Повелитель Равнин",40,Humanoid,4644,/skill4295.webp
Monster,lienrik_lad,"Lienrik Lad","Аспид Миньон",40,Beast,1453,/skill4292.webp
Monster,nos,"Nos","Рогач",40,Humanoid,5404,/skill4295.webp
Monster,hatu_windsus,"Hatu Windsus","Вепрь Хату",40,Animal,1849,/skill4293.webp
Monster,tanor_silenos,"Tanor Silenos","Фавн Танор",40,Humanoid,2066,/skill4295.webp
Monster,grave_keeper_dark_horror,"Grave Keeper Dark Horror","Темный Ужас Хранитель Могил",40,Undead,6943,/skill4290.webp
Monster,martyrium_warlord,"Overlord of the Holy Lands","Владыка Святых Земель",40,Undead,6807,/skill4290.webp
Monster,barrow_warlord,"Barrow Overlord","Владыка Кургана",40,Undead,6807,/skill4290.webp
Monster,lienrik_lad_a,"Lienrik Lad","Аспид Миньон",40,Beast,2302,/skill4292.webp
Monster,r10_invader_soldier_a,"Dimension Invader Soldier","Солдат Захватчиков Измерения",40,Undead,7772,/skill4290.webp
Monster,r11_invader_priest,"Dimension Invader Priest","Жрец Захватчиков Измерения",40,Undead,5374,/skill4290.webp
Monster,r12_invader_martyr,"Dimension Invader Martyrs","Захватчик Измерения",40,Undead,5430,/skill4290.webp
Monster,r13_invader_soldier_c,"Dimension Invader Soldier","Солдат Захватчиков Измерения",40,Undead,5716,/skill4290.webp
Monster,r15_invader_elite_e,"Dimension Invader Elite Soldier","Элитный Солдат Захватчиков Измерения",40,Undead,1382,/skill4290.webp
Monster,r16_invader_elite_f,"Dimension Invader Elite Soldier","Элитный Солдат Захватчиков Измерения",40,Undead,12423,/skill4290.webp
Monster,r17_invader_elite_h,"Dimension Invader Elite Soldier","Элитный Солдат Захватчиков Измерения",40,Undead,12248,/skill4290.webp
Monster,brigand_captain,"Bandit Captain","Главарь Бандитов",40,Humanoid,3488,/skill4295.webp
Monster,wanderer_ruins,"Vagabond of the Ruins","Бродяга Руин",40,Undead,6162,/skill4290.webp
Monster,ragna_orc,"Ragna Orc","Орк Рагна",40,Humanoid,3620,/skill4295.webp
Monster,dark_corpse,"Dark Corpse","Темный Труп",40,Undead,1555,/skill4290.webp
Monster,unicorn_phantasm,"Unicorn Phantasm","Призрачный Единорог",40,Elemental,,/skill4296.webp
Monster,silhouette_tilfo,"Silhouette Tilfo","Силуэт Тилфо",40,Demonic,,/skill4298.webp
Monster,leto_lizardman_lord,"Leto Lizardman Lord","Повелитель Ящеров Лито",40,Humanoid,,/skill4295.webp
Monster,aruraune,"Aruraune","Арурон",40,Plant,,/skill4294.webp
Monster,succubus_of_seduction,"Succubus Of Seduction","Обольщающий Суккуб",40,Demonic,,/skill4298.webp
Monster,leto_shaman_ketz,"Leto Shaman Ketz","Шаман Лито Кетц",40,Humanoid,,/skill4295.webp
Monster,julie_the_ripper_imd,"Julie the Ripper","Джулия Потрошитель",40,Demonic,,/skill4298.webp
Monster,croc_blueback,"Bluebacked Alligator","Синий Аллигатор",40,Animal,,/skill4293.webp
Monster,croc_jewel,"Bejewelled Alligator","Драгоценный Аллигатор",40,Animal,,/skill4293.webp
Monster,r14_invader_mimic,"Dimension Invader Food","Сундук Захватчиков Измерения ",40,Others,2327,/skill4416_etc.webp
Monster,dusk_2_box,"Treasures of the Festival","Сокровища Фестиваля",41,Construct,168,/skill4291.webp
Monster,dawn_2_box,"Treasures of the Festival","Сокровища Фестиваля",41,Construct,168,/skill4291.webp
Monster,ogre,"Ogre","Огр",41,Giant,2469,/skill4300.webp
Monster,excuro,"Excuro","Экскуро",41,Construct,6668,/skill4291.webp
Monster,zenta_lizardman_scout,"Zenta Lizardman Scout","Разведчик Ящеров Зента",41,Humanoid,2518,/skill4295.webp
Monster,giant_monstereye,"Giant Monstereye","Гигантский Монстроглаз",41,Construct,2934,/skill4291.webp
Monster,enchanted_monstereye,"Enchanted Monstereye","Зачарованный Монстроглаз",41,Construct,2992,/skill4291.webp
Monster,timak_orc_archer,"Timak Orc Archer","Стрелок Орков Тимак",41,Humanoid,3783,/skill4295.webp
Monster,tamlin_orc,"Tamlin Orc","Орк Тамлин",41,Humanoid,2934,/skill4295.webp
Monster,taik_orc_archer,"Taik Orc Archer","Стрелок Орков Тайк",41,Humanoid,3783,/skill4295.webp
Monster,timak_orc_troop_archer,"Timak Orc Troop Archer","Стрелок Отряда Орков Тимак",41,Humanoid,5183,/skill4295.webp
Monster,blade_stakato,"Blade Stakato","Опасный Стакато",41,Humanoid,5048,/skill4295.webp
Monster,crokian_lad,"Crokian Lad","Крок Миньон",41,Humanoid,6178,/skill4295.webp
Monster,light_worm,"Light Worm","Светящаяся Медуза",41,Animal,4638,/skill4293.webp
Monster,serpent_demon_kadesh,"Serpent Demon Kadesh","Змеедемон Кадеш",41,Beast,,/skill4292.webp
Monster,leto_chief_narak,"Leto Chief Narak","Глава Лито Нарак",41,Humanoid,,/skill4295.webp
Monster,mordeo,"Mordeo","Мордео",42,Beast,7709,/skill4292.webp
Monster,zenta_lizardman_warrior,"Zenta Lizardman Warrior","Воин Ящеров Зента",42,Humanoid,2617,/skill4295.webp
Monster,great_white_shark,"Great White Shark","Большая Белая Акула",42,Animal,2617,/skill4293.webp
Monster,dire_wyrm,"Dire Wyrm","Жуткий Змей",42,Dragon,3109,/skill4299.webp
Monster,enchanted_stone_golem,"Enchanted Stone Golem","Зачарованный Каменный Голем",42,Construct,4353,/skill4291.webp
Monster,timak_orc_soldier,"Timak Orc Soldier","Солдат Орков Тимак",42,Humanoid,3737,/skill4295.webp
Monster,tamlin_orc_archer,"Tamlin Orc Archer","Стрелок Орков Тамлин",42,Humanoid,3970,/skill4295.webp
Monster,taik_orc_warrior,"Taik Orc Warrior","Воин Орков Тайк",42,Humanoid,3774,/skill4295.webp
Monster,snipe_fellow,"Snipe Cohort","Свита Пумы из Магмы",42,Beast,7085,/skill4292.webp
Monster,blade_stakato_worker,"Blade Stakato Worker","Рабочий Опасных Стакато",42,Humanoid,4772,/skill4295.webp
Monster,dailaon_lad,"Dailaon Lad","Кайман Миньон",42,Humanoid,6697,/skill4295.webp
Monster,mardian,"Mardian","Мардиан",42,Bug,5403,/skill4301.webp
Monster,tanor_silenos_grunt,"Tanor Silenos Grunt","Воитель Фавнов Танор",42,Humanoid,2699,/skill4295.webp
Monster,catherok,"Catherok","Катрок",42,Humanoid,6978,/skill4295.webp
Monster,lith_shaman,"Lith Shaman","Шаман Лит",42,Demonic,8473,/skill4298.webp
Monster,gigant_confessor,"Gigant Confessor","Духовник Гигант",42,Angel,8473,/skill4297.webp
Monster,martyrium_priest,"Hallowed Priest","Посвященный Жрец",42,Demonic,7654,/skill4298.webp
Monster,barrow_priest,"Barrow Priest","Жрец Кургана",42,Demonic,7654,/skill4298.webp
Monster,ragna_orc_shaman,"Ragna Orc Shaman","Шаман Орков Рагна",42,Humanoid,3782,/skill4295.webp
Monster,darkness_spider,"Dark Spider","Темный Паук",42,Bug,1433,/skill4301.webp
Monster,ghost_fire,"Ghost Fire","Призрачный Огонь",42,Construct,,/skill4291.webp
Monster,drevanul_prince_zeruel,"Drevanul Prince Zeruel","Принц Дре Ванул Зеруэль",42,Demonic,,/skill4298.webp
Monster,windsus_aleph,"Windsus Aleph","Вепрь Алеф",42,Animal,,/skill4293.webp
Monster,treasure_box_42,"Treasure Chest","Сундук с Сокровищами",42,Others,,/skill4416_etc.webp
Monster,mimic_42,"Treasure Chest","Сундук с Сокровищами",42,Others,2117,/skill4416_etc.webp
Monster,dusk_2_1_corner_private,"Apostate's Offering ","Жертва Отступника",43,Humanoid,2751,/skill4295.webp
Monster,dusk_2_3_mid_archer,"Apostate's Offering Marksman","Зверолов Жертва Отступника",43,Humanoid,2285,/skill4295.webp
Monster,dawn_2_1_corner_private,"Apostate's Offering ","Жертва Еретика",43,Humanoid,2751,/skill4295.webp
Monster,dawn_2_3_mid_archer,"Apostate's Offering Marksman","Зверолов Жертва Отступника",43,Humanoid,2285,/skill4295.webp
Monster,minotaur,"Minotaur","Минотавр",43,Giant,2716,/skill4300.webp
Monster,ricenseo,"Ricenseo","Риценсио",43,Construct,6864,/skill4291.webp
Monster,zenta_lizardman_shaman,"Zenta Lizardman Shaman","Шаман Ящеров Зента",43,Humanoid,2689,/skill4295.webp
Monster,rot_tree,"Rotting tree","Трухлявое Дерево",43,Plant,3195,/skill4294.webp
Monster,enchanted_iron_golem,"Enchanted Iron Golem","Зачарованный Железный Голем",43,Construct,4563,/skill4291.webp
Monster,timak_orc_warrior,"Timak Orc Warrior","Воин Орков Тимак",43,Humanoid,3582,/skill4295.webp
Monster,kronbe,"Kronbe Spider","Паук Кронбе",43,Bug,3259,/skill4301.webp
Monster,taik_orc_shaman,"Taik Orc Shaman","Шаман Орков Тайк",43,Humanoid,3682,/skill4295.webp
Monster,timak_orc_troop_warrior,"Timak Orc Troop Warrior","Воин Отряда Орков Тимак",43,Humanoid,4421,/skill4295.webp
Monster,blade_stakato_soldier,"Blade Stakato Warrior","Воин Опасных Стакато",43,Humanoid,5102,/skill4295.webp
Monster,crokian_lad_warrior,"Crokian Lad Warrior","Крок Воин Миньон",43,Humanoid,6428,/skill4295.webp
Monster,zakens_piker,"Zaken's Pikeman","Пикинер Закена",43,Undead,3264,/skill4290.webp
Monster,nightmare_guide,"Nightmare Guide","Проводник Ночных Кошмаров",43,Beast,1970,/skill4292.webp
Monster,snipe_magician,"Snipe Cohort","Ледяная Пума",43,Beast,7953,/skill4292.webp
Monster,pit_tomb_gargoyle,"Catacomb Gargoyle","Горгулья Катакомб",43,Construct,8457,/skill4291.webp
Monster,zakens_piker_1,"Zaken's Pikeman","Пикинер Закена",43,Undead,4433,/skill4290.webp
Monster,zakens_piker_2,"Zaken's Pikeman","Пикинер Закена",43,Undead,6277,/skill4290.webp
Monster,zakens_elite_piker,"Zaken's Elite Pikeman","Элитный Пикинер Закена",43,Undead,10149,/skill4290.webp
Monster,r10_invader_archer,"Dimension Invader Archer","Стрелок Захватчиков Измерения",43,Undead,7603,/skill4290.webp
Monster,r11_invader_shaman,"Dimension Invader Shaman","Шаман Захватчиков Измерения",43,Undead,9599,/skill4290.webp
Monster,r12_invader_warrior_a,"Dimension Invader Warrior","Воин Захватчиков Измерения",43,Undead,6172,/skill4290.webp
Monster,r13_invader_zealot,"Dimension Invader Discipline","Апостол Захватчиков Измерения",43,Undead,6499,/skill4290.webp
Monster,r15_invader_warrior_b,"Dimension Invader Warrior","Воин Захватчиков Измерения",43,Undead,14798,/skill4290.webp
Monster,r16_invader_elite_g,"Dimension Invader Elite Soldier","Элитный Солдат Захватчиков Измерения",43,Undead,14357,/skill4290.webp
Monster,r17_invader_mage_b,"Dimension Invader Magus","Маг Захватчиков Измерения",43,Undead,13688,/skill4290.webp
Monster,ragna_orc_archer,"Ragna Orc Archer","Стрелок Орков Рагна",43,Humanoid,3499,/skill4295.webp
Monster,b_legion_stormtrooper,"Black Legion Stormtrooper","Боец Черного Легиона",43,Undead,,/skill4290.webp
Monster,timak_raider_kaikee,"Timak Raider Kaikee","Налетчик Тимак Кайки",43,Humanoid,,/skill4295.webp
Monster,grandis_chief_gok_magok,"Gok Magok","Гок Магок",43,Giant,,/skill4300.webp
Monster,karul_chief_orooto,"Karul Chief Orooto","Глава Карул Оруто",43,Giant,,/skill4300.webp
Monster,r14_invader_box_a,"Dimension Invader Food","Сундук Захватчиков Измерения",43,Others,,/skill4416_etc.webp
Monster,dusk_2_2_light_prv,"Offering of Apostates, Evoked Spirit","Призванный Дух Жертва Отступника",44,Humanoid,3113,/skill4295.webp
Monster,dawn_2_2_light_prv,"Offering of Apostates, Evoked Spirit","Призванный Дух Жертва Отступника",44,Humanoid,3113,/skill4295.webp
Monster,krator,"Krator","Кратор",44,Construct,7997,/skill4291.webp
Monster,zenta_lizardm_matriarch,"Zenta Lizardman Matriarch","Матриарх Ящеров Зента",44,Humanoid,3418,/skill4295.webp
Monster,rot_golem,"Rotting Golem","Гниющий Голем",44,Construct,4730,/skill4291.webp
Monster,enchanted_gargoyle,"Enchanted Gargoyle","Зачарованная Горгулья",44,Construct,4021,/skill4291.webp
Monster,timak_orc_shaman,"Timak Orc Shaman","Шаман Орков Тимак",44,Humanoid,3379,/skill4295.webp
Monster,lakin,"Lakin","Лакин",44,Giant,3981,/skill4300.webp
Monster,taik_orc_captain,"Taik Orc Captain","Вожак Орков Тайк",44,Humanoid,7065,/skill4295.webp
Monster,snipe,"Snipe","Пума из Магмы",44,Beast,13373,/skill4292.webp
Monster,timak_orc_troop_shaman,"Timak Orc Troop Shaman","Шаман Отряда Орков Тимак",44,Humanoid,5559,/skill4295.webp
Monster,blade_stakato_drone,"Blade Stakato Drone","Трутень Опасных Стакато",44,Humanoid,7754,/skill4295.webp
Monster,farhite_lad,"Farhite Lad","Крок Шаман Миньон",44,Humanoid,6761,/skill4295.webp
Monster,zakens_archer,"Zaken's Archer","Стрелок Закена",44,Undead,3631,/skill4290.webp
Monster,pirates_zombie,"Pirate Zombie","Пират Зомби",44,Undead,6799,/skill4290.webp
Monster,tanor_silenos_scout,"Tanor Silenos Scout","Разведчик Фавнов Танор",44,Humanoid,2963,/skill4295.webp
Monster,croc_of_swamp,"Swamp Alligator","Болотный Аллигатор",44,Humanoid,11042,/skill4295.webp
Monster,warrior_of_swamp,"Swamp Warrior","Болотный Воин",44,Humanoid,11717,/skill4295.webp
Monster,shindebarn,"Shindebarn","Лик Хаоса",44,Construct,8166,/skill4291.webp
Monster,pit_tomb_liviona,"Catacomb Liviona","Лик Катакомб",44,Construct,8401,/skill4291.webp
Monster,zakens_archer_1,"Zaken's Archer","Стрелок Закена",44,Undead,4931,/skill4290.webp
Monster,zakens_archer_2,"Zaken's Archer","Стрелок Закена",44,Undead,6982,/skill4290.webp
Monster,zakens_elite_archer,"Zaken's Elite Archer","Элитный Стрелок Закена",44,Undead,10911,/skill4290.webp
Monster,ragna_orc_warrior,"Ragna Orc Warrior","Воин Орков Рагна",44,Humanoid,4380,/skill4295.webp
Monster,derelict_viliage_monitor,"Guardian of the Ghost Town","Страж Города Призраков",44,Construct,1499,/skill4291.webp
Monster,singing_flower_phantasm,"Singing Flower Phantasm","Поющий Цветок Фантазий",44,Plant,,/skill4294.webp
Monster,singing_flower_nightmare,"Singing Flower Nightmare","Поющий Цветок Кошмаров",44,Plant,,/skill4294.webp
Monster,singing_flower_darkling,"Singing Flower Darkling","Поющий Цветок Мрака",44,Plant,,/skill4294.webp
Monster,dusk_2_1_corner_leader,"Apostate's Offering Elder","Старшая Жертва Отступника",45,Humanoid,3013,/skill4295.webp
Monster,dusk_2_2_light_trp_2,"Apostate's Offering Zealot","Зилот Жертва Отступника",45,Humanoid,2892,/skill4295.webp
Monster,dusk_2_4_last_trp_1,"Apostate's Offering Disciple","Ученик Жертва Отступника",45,Humanoid,2892,/skill4295.webp
Monster,dawn_2_1_corner_leader,"Apostate's Offering Elder","Старшая Жертва Еретика",45,Humanoid,3013,/skill4295.webp
Monster,dawn_2_2_light_trp_2,"Apostate's Offering Zealot","Зилот Жертва Отступника",45,Humanoid,2892,/skill4295.webp
Monster,dawn_2_4_last_trp_1,"Apostate's Offering Disciple","Ученик Жертва Отступника",45,Humanoid,2892,/skill4295.webp
Monster,premo,"Premo","Премо",45,Giant,8303,/skill4300.webp
Monster,shackle,"Shackle","Каторжник",45,Undead,3569,/skill4290.webp
Monster,shackle_hold,"Shackle","Узник",45,Undead,2974,/skill4290.webp
Monster,trisalim,"Trisalim Spider","Паук Трисалим",45,Bug,3499,/skill4301.webp
Monster,byfoot,"Formor","Формор",45,Giant,3534,/skill4300.webp
Monster,timak_orc_overlord,"Timak Orc Overlord","Владыка Орков Тимак",45,Humanoid,4441,/skill4295.webp
Monster,fline,"Fline","Мара",45,Elemental,6639,/skill4296.webp
Monster,weird_drake,"Weird Drake","Астральный Дрейк",45,Dragon,3605,/skill4299.webp
Monster,carinkain,"Carinkain","Каринкайн",45,Construct,3569,/skill4291.webp
Monster,grave_wanderer,"Grave Wanderer","Обходчик Могил",45,Undead,4948,/skill4290.webp
Monster,vanor_silenos,"Vanor Silenos","Фавн Ванор",45,Humanoid,3711,/skill4295.webp
Monster,timak_orc_troop_leader,"Timak Orc Troop Leader","Главарь Отряда Орков Тимак",45,Humanoid,5762,/skill4295.webp
Monster,water_giant,"Water Giant","Водный Гигант",45,Giant,6270,/skill4300.webp
Monster,nos_lad,"Nos Lad","Рогач Миньон",45,Humanoid,8371,/skill4295.webp
Monster,zakens_seer,"Zaken's Seer","Пророк Закена",45,Construct,2974,/skill4291.webp
Monster,tainted_ogre,"Tainted Ogre","Гниющий Огр",45,Giant,6158,/skill4300.webp
Monster,bloody_bat,"Bloody Bat","Кровавая Летучая Мышь",45,Animal,5773,/skill4293.webp
Monster,nightmare_keeper,"Nightmare Keeper","Хранитель Ночных Кошмаров",45,Beast,2833,/skill4292.webp
Monster,tribe_of_swamp,"Swamp Tribe","Болотная Тварь",45,Humanoid,12334,/skill4295.webp
Monster,lith_commander,"Lith Commander","Командир Лит",45,Demonic,10925,/skill4298.webp
Monster,gigant_commander,"Gigant Commander","Командир Гигант",45,Angel,10925,/skill4297.webp
Monster,vault_warlord,"Vault Overlord","Владыка Подземелья",45,Undead,9263,/skill4290.webp
Monster,grave_warlord,"Grave Overlord","Владыка Могил",45,Undead,9263,/skill4290.webp
Monster,zakens_seer_1,"Zaken's Watchman","Наблюдатель Закена",45,Construct,4039,/skill4291.webp
Monster,zakens_seer_2,"Zaken's Watchman","Наблюдатель Закена",45,Construct,5720,/skill4291.webp
Monster,zakens_advanced_seer,"Zaken's High Grade Watchman","Старший Наблюдатель Закена",45,Construct,10440,/skill4291.webp
Monster,r10_invader_soldier_b,"Dimension Invader Soldier","Солдат Захватчиков Измерения",45,Undead,10283,/skill4290.webp
Monster,r11_invader_elite_a,"Dimension Invader Elite Soldier","Элитный Солдат Захватчиков Измерения",45,Undead,8560,/skill4290.webp
Monster,r12_invader_mage_a,"Dimension Invader Magus","Маг Захватчиков Измерения",45,Undead,6759,/skill4290.webp
Monster,r13_invader_beserker,"Dimension Invader Berserker ","Берсерк Захватчиков Измерения",45,Undead,8854,/skill4290.webp
Monster,r14_invader_elite_b,"Dimension Invader Elite Soldier","Элитный Солдат Захватчиков Измерения",45,Undead,15861,/skill4290.webp
Monster,r14_invader_elite_c,"Dimension Invader Elite Soldier","Элитный Солдат Захватчиков Измерения",45,Undead,16162,/skill4290.webp
Monster,r15_invader_elite_d,"Dimension Invader Elite Soldier","Элитный Солдат Захватчиков Измерения",45,Undead,630,/skill4290.webp
Monster,r17_invader_elite_i,"Dimension Invader Elite Soldier","Элитный Солдат Захватчиков Измерения",45,Undead,15501,/skill4290.webp
Monster,ragna_orc_mage_a,"Ragna Orc Mage","Маг Орков Рагна",45,Humanoid,5625,/skill4295.webp
Monster,ragna_orc_mage_b,"Ragna Orc Mage","Маг Орков Рагна",45,Humanoid,5158,/skill4295.webp
Monster,ragna_orc_mage_c,"Ragna Orc Mage","Маг Орков Рагна",45,Humanoid,5625,/skill4295.webp
Monster,ragna_orc_mage_d,"Ragna Orc Mage","Маг Орков Рагна",45,Humanoid,3963,/skill4295.webp
Monster,ragna_orc_healer,"Ragna Orc Healer","Целитель Орков Рагна",45,Humanoid,4342,/skill4295.webp
Monster,taik_overlord_kakran,"Taik Overlord Kakran","Владыка Тайк Какран",45,Humanoid,,/skill4295.webp
Monster,partisan_soldier1,"Partisan Soldier","Солдат Партизан",45,Humanoid,1013,/skill4295.webp
Monster,partisan_socerer1,"Partisan Sorcerer","Волшебник Партизан",45,Humanoid,1013,/skill4295.webp
Monster,partisan_archer1,"Partisan Archer","Стрелок Партизан",45,Humanoid,1013,/skill4295.webp
Monster,partisan_soldier2,"Partisan Soldier","Солдат Партизан",45,Humanoid,1013,/skill4295.webp
Monster,partisan_socerer2,"Partisan Sorcerer","Волшебник Партизан",45,Humanoid,1013,/skill4295.webp
Monster,partisan_archer2,"Partisan Archer","Стрелок Партизан",45,Humanoid,1013,/skill4295.webp
Monster,treasure_box_45,"Treasure Chest","Сундук с Сокровищами",45,Others,,/skill4416_etc.webp
Monster,mimic_45,"Treasure Chest","Сундук с Сокровищами",45,Others,2430,/skill4416_etc.webp
Monster,r16_invader_box_b,"Dimension Invader Food","Сундук Захватчиков Измерения",45,Others,,/skill4416_etc.webp
Monster,dusk_2_5_mid_bomb,"Flame of Apostates","Пламя Отсутпника",46,Construct,8454,/skill4291.webp
Monster,dawn_2_5_mid_bomb,"Flame of Apostates","Пламя Отступника",46,Construct,8454,/skill4291.webp
Monster,validus,"Validus","Валидус",46,Beast,9348,/skill4292.webp
Monster,cave_servant,"Cave Servant","Пещерный Слуга",46,Undead,3693,/skill4290.webp
Monster,cave_servant_hold,"Cave Servant","Пещерный Слуга",46,Undead,3078,/skill4290.webp
Monster,trisalim_tote,"Trisalim Tarantula","Тарантул Трисалим",46,Bug,4144,/skill4301.webp
Monster,byfoot_sigel,"Formor Elder","Старший Формор",46,Giant,3841,/skill4300.webp
Monster,liele,"Liele","Утопленница",46,Elemental,6869,/skill4296.webp
Monster,mirrorforest_ghost_b,"Forest of Mirrors Ghost","Призрак Зазеркалья",46,Undead,3973,/skill4290.webp
Monster,archer_of_greed,"Archer of Greed","Стрелок Алчности",46,Undead,4858,/skill4290.webp
Monster,vanor_silenos_grunt,"Vanor Silenos Grunt","Воитель Фавнов Ванор",46,Humanoid,3693,/skill4295.webp
Monster,queen_undine_lad,"Queen Undine Lad","Ундина Миньон",46,Elemental,6312,/skill4296.webp
Monster,unpleasant_humming,"Unpleasant Humming","Скрипун",46,Undead,3453,/skill4290.webp
Monster,light_bringer,"Light Bringer","Несущий Свет",46,Beast,5839,/skill4292.webp
Monster,tanor_silenos_warrior,"Tanor Silenos Warrior","Воин Фавнов Танор",46,Humanoid,3303,/skill4295.webp
Monster,decayed_ancient_pikeman,"Decayed Ancient Pikeman","Разлагающийся Древний Пикинер",46,Undead,9679,/skill4290.webp
Monster,unpleasant_humming_1,"Unpleasant Humming","Скрипун",46,Undead,4689,/skill4290.webp
Monster,unpleasant_humming_2,"Unpleasant Humming","Скрипун",46,Undead,6640,/skill4290.webp
Monster,unpleasant_cry,"Unpleasant Shout","Крикун",46,Undead,11332,/skill4290.webp
Monster,baranka_dre_vanul,"Varangka's Dre Vanul","Дре Ванул Фаранги",46,Demonic,1720,/skill4298.webp
Monster,intellect_scope_forth,"Probe Golem Prodigy IV","Чудесный Голем Образец IV",46,Construct,4787,/skill4291.webp
Monster,timak_overlord_okun,"Timak Overlord Okun","Владыка Тимак Окун",46,Humanoid,,/skill4295.webp
Monster,q_wendy_guardian,"Wendy's Guardian","Стражник Венди",46,Construct,,/skill4291.webp
Monster,giant_wild_hog,"Giant Wild Hog","Гигантский Дикий Вепрь",47,Animal,3277,/skill4293.webp
Monster,dicor,"Dicor","Дикор",47,Plant,9429,/skill4294.webp
Monster,cave_servant_archer,"Cave Servant Archer","Пещерный Слуга Стрелок",47,Undead,4972,/skill4290.webp
Monster,cave_servant_archer_hold,"Cave Servant Archer","Пещерный Слуга Стрелок",47,Undead,3309,/skill4290.webp
Monster,spore_zombie,"Spore Zombie","Споровый Зомби",47,Undead,4310,/skill4290.webp
Monster,tarlk_bugbear,"Tarlk Bugbear","Людоед Тарлк",47,Giant,3855,/skill4300.webp
Monster,ti_mi_kran,"Valley Treant","Древень Долины",47,Elemental,10140,/skill4296.webp
Monster,mirrorforest_ghost_c,"Forest of Mirrors Ghost","Призрак Зазеркалья",47,Undead,4148,/skill4290.webp
Monster,hatar_ratman_theif,"Hatar Ratman Thief","Вор Крысолюдов Хатар",47,Humanoid,4588,/skill4295.webp
Monster,vanor_silenos_scout,"Vanor Silenos Scout","Разведчик Фавнов Ванор",47,Humanoid,4805,/skill4295.webp
Monster,dragon_bearer_archer,"Dragon Bearer Archer","Костяной Кошмар Стрелок",47,Undead,6165,/skill4290.webp
Monster,evas_seeker,"Eva's Seeker","Искатель Евы",47,Construct,5917,/skill4291.webp
Monster,death_flyer,"Death Flyer","Парящая Смерть",47,Undead,3566,/skill4290.webp
Monster,theeder,"Theeder","Колибри",47,Elemental,3409,/skill4296.webp
Monster,nightmare_lord,"Nightmare Lord","Повелитель Ночных Кошмаров",47,Demonic,2400,/skill4298.webp
Monster,ossiud,"Ossiud","Око Разрушения",47,Construct,10557,/skill4291.webp
Monster,vault_priest,"Vault Priest","Жрец Подземелья",47,Demonic,9585,/skill4298.webp
Monster,grave_priest,"Grave Priest","Жрец Могил",47,Demonic,9585,/skill4298.webp
Monster,death_flyer_1,"Death Flyer","Парящая Смерть",47,Undead,4843,/skill4290.webp
Monster,death_flyer_2,"Death Flyer","Парящая Смерть",47,Undead,6858,/skill4290.webp
Monster,gigantic_flyer,"Gigantic Flyer","Гигантский Призрак",47,Undead,12517,/skill4290.webp
Monster,ragna_orc_sniper,"Ragna Orc Sniper","Снайпер Орков Рагна",47,Humanoid,4180,/skill4295.webp
Monster,mine_poison_spider,"Spelunking Spider","Паук Землерой",47,Bug,3673,/skill4301.webp
Monster,strong_shovel_golem,"Menacing Jackhammer Golem","Грозный Бурильный Голем",47,Construct,5386,/skill4291.webp
Monster,secret_keeper_tree,"Secret Keeper Tree","Дерево Тайник",47,Elemental,,/skill4296.webp
Monster,dusk_2_2_heavy_trp_2,"Apostate's Offering Berserker","Берсерк Жертва Отступника",48,Humanoid,3832,/skill4295.webp
Monster,dawn_2_2_heavy_trp_2,"Apostate's Offering Berserker","Берсерк Жертва Отступника",48,Humanoid,3832,/skill4295.webp
Monster,perum,"Perum","Перум",48,Construct,13708,/skill4291.webp
Monster,cave_servant_warrior,"Cave Servant Warrior","Пещерный Слуга Воин",48,Undead,4785,/skill4290.webp
Monster,h_cave_servant_warrior,"Cave Servant Warrior","Пещерный Слуга Воин",48,Undead,3351,/skill4290.webp
Monster,tarlk_bugbear_warrior,"Tarlk Bugbear Warrior","Воин Людоедов Тарлк",48,Giant,4553,/skill4300.webp
Monster,pan_ruem,"Satyr","Сатир",48,Fairy,11074,/skill4302.webp
Monster,mirrorforest_ghost_d,"Forest of Mirrors Ghost","Призрак Зазеркалья",48,Undead,4326,/skill4290.webp
Monster,hatar_ratman_boss,"Hatar Ratman Boss","Хозяин Крысолюдов Хатар",48,Humanoid,4785,/skill4295.webp
Monster,vanor_silenos_warrior,"Vanor Silenos Warrior","Воин Фавнов Ванор",48,Humanoid,5026,/skill4295.webp
Monster,dark_knight,"Dark Knight","Темный Рыцарь",48,Undead,12549,/skill4290.webp
Monster,dragon_bearer_warrior,"Dragon Bearer Warrior","Костяной Кошмар Воин",48,Undead,5934,/skill4290.webp
Monster,theeder_piker,"Theeder Piker","Пикинер Колибри",48,Elemental,7134,/skill4296.webp
Monster,fiend_archer,"Fiend Archer","Демон Стрелок",48,Demonic,3663,/skill4298.webp
Monster,tanor_silenos_shaman,"Tanor Silenos Shaman","Шаман Фавнов Танор",48,Humanoid,4024,/skill4295.webp
Monster,guard_f_garden,"Garden Guard","Страж Сада",48,Elemental,10134,/skill4296.webp
Monster,lilim_butcher,"Lilim Butcher","Мясник Лилим",48,Demonic,12374,/skill4298.webp
Monster,nephilim_sentinel,"Nephilim Sentinel","Часовой Нефилим",48,Angel,12374,/skill4297.webp
Monster,fiend_archer_1,"Fiend Archer","Демон Стрелок",48,Demonic,4925,/skill4298.webp
Monster,fiend_archer_2,"Fiend Archer","Демон Стрелок",48,Demonic,6974,/skill4298.webp
Monster,pit_archer,"Pit Archer","Стрелок Ямы",48,Demonic,12729,/skill4298.webp
Monster,ragna_orc_hero,"Ragna Orc Hero","Герой Орков Рагна",48,Humanoid,5213,/skill4295.webp
Monster,horrorble_cannon_first,"Horrifying Cannon Golem I","Ужасный Пушечный Голем I",48,Construct,5286,/skill4291.webp
Monster,horrorble_cannon_forth,"Horrifying Cannon Golem IV","Ужасный Пушечный Голем IV",48,Construct,5451,/skill4291.webp
Monster,talk_raider_athu,"Tarlk Raider Athu","Налетчик Тарлк Ату",48,Giant,,/skill4300.webp
Monster,talk_raider_lanka,"Tarlk Raider Lanka","Налетчик Тарлк Ланка",48,Giant,,/skill4300.webp
Monster,talk_raider_triska,"Tarlk Raider Triska","Налетчик Тарлк Триска",48,Giant,,/skill4300.webp
Monster,talk_raider_motura,"Tarlk Raider Motura","Налетчик Тарлк Мотура",48,Giant,,/skill4300.webp
Monster,talk_raider_kalath,"Tarlk Raider Kalath","Налетчик Тарлк Калаф",48,Giant,,/skill4300.webp
Monster,treasure_box_48,"Treasure Chest","Сундук с Сокровищами",48,Others,,/skill4416_etc.webp
Monster,mimic_48,"Treasure Chest","Сундук с Сокровищами",48,Others,2765,/skill4416_etc.webp
Monster,suceptor_prime,"Susceptor Prime","Сусцептор Прайм",49,Construct,,/skill4291.webp
Monster,torfe,"Torfe","Торфе",49,Beast,10330,/skill4292.webp
Monster,cave_servant_captain,"Cave Servant Captain","Старший Пещерный Слуга",49,Undead,5086,/skill4290.webp
Monster,h_cave_servant_captain,"Cave Servant Captain","Старший Пещерный Слуга",49,Undead,3562,/skill4290.webp
Monster,susceptor,"Susceptor","Камнелюд",49,Construct,3492,/skill4291.webp
Monster,tarlk_bugbear_boss,"Tarlk Bugbear High Warrior","Старший Воин Людоедов Тарлк",49,Giant,4987,/skill4300.webp
Monster,unicorn,"Unicorn","Единорог",49,Elemental,11880,/skill4296.webp
Monster,mirror,"Mirror","Зеркало",49,Fairy,10210,/skill4302.webp
Monster,hatar_hanishee,"Hatar Hanishee","Горгона Хатар",49,Beast,4190,/skill4292.webp
Monster,vanor_silenos_shaman,"Vanor Silenos Shaman","Шаман Фавнов Ванор",49,Humanoid,4190,/skill4295.webp
Monster,dragon_bearer_chief,"Dragon Bearer Chief","Костяной Кошмар",49,Undead,6307,/skill4290.webp
Monster,theeder_mage,"Theeder Mage","Маг Колибри",49,Elemental,7262,/skill4296.webp
Monster,musveren,"Musveren","Око Забвения",49,Construct,3492,/skill4291.webp
Monster,liangma,"Liangma","Лиангма",49,Construct,8025,/skill4291.webp
Monster,dark_fellow,"Soldier of Darkness","Солдат Тьмы",49,Undead,12649,/skill4290.webp
Monster,decayed_ancient_soldier,"Decayed Ancient Soldier","Разлагающийся Древний Солдат",49,Undead,10982,/skill4290.webp
Monster,musveren_1,"Musveren","Музверен",49,Construct,4742,/skill4291.webp
Monster,musveren_2,"Musveren","Музверен",49,Construct,6715,/skill4291.webp
Monster,greater_musveren,"Greater Musveren","Огромный Музверен",49,Construct,12257,/skill4291.webp
Monster,ragna_orc_commander,"Ragna Orc Commander","Командир Орков Рагна",49,Humanoid,5432,/skill4295.webp
Monster,baranka_succubus,"Varangka's Succubus","Суккуб Фаранги",49,Demonic,1951,/skill4298.webp
Monster,cruelty_nipper_golem,"Cruel Vice Golem","Голем Жестокий Убийца",49,Construct,5854,/skill4291.webp
Monster,mighty_scope_first,"Probe Golem Champion I","Голем Чемпион Образец I",49,Construct,5266,/skill4291.webp
Monster,dusk_2_4_last_trp_2,"Apostate's Offering Saint","Святой Жертва Отступника",50,Humanoid,3570,/skill4295.webp
Monster,dusk_3_1_corner_archer,"Witch's Offering Archer","Стрелок Жертва Ведьмы",50,Humanoid,3090,/skill4295.webp
Monster,dawn_2_4_last_trp_2,"Apostate's Offering Saint","Святой Жертва Отступника",50,Humanoid,3570,/skill4295.webp
Monster,dawn_3_1_corner_archer,"Witch's Offering Archer","Стрелок Жертва Ведьмы",50,Humanoid,3090,/skill4295.webp
Monster,fishing_blocker_5,"Caught Sea Horse Soldier","Пойманный Морской Конек Солдат",50,Elemental,4306,/skill4296.webp
Monster,death_knight,"Death Knight","Рыцарь Смерти",50,Undead,14026,/skill4290.webp
Monster,headless_knight,"Headless Knight","Безглавый Рыцарь",50,Undead,4450,/skill4290.webp
Monster,queen_undine,"Queen Undine","Королева Ундин",50,Elemental,3709,/skill4296.webp
Monster,headless_knight_hold,"Headless Knight","Рыцарь без Головы",50,Undead,3709,/skill4290.webp
Monster,tarlk_basilisk,"Tarlk Basilisk","Василиск Тарлк",50,Beast,4288,/skill4292.webp
Monster,forest_runner,"Forest Runner","Хранительница Леса",50,Plant,8116,/skill4294.webp
Monster,harit_lizardman,"Harit Lizardman","Ящер Харит",50,Humanoid,4363,/skill4295.webp
Monster,diprive,"Deprive","Око Ярости",50,Construct,4406,/skill4291.webp
Monster,tairim,"Tairim","Тайрим",50,Construct,4581,/skill4291.webp
Monster,vanor_silenos_cheiftain,"Vanor Silenos Chieftain","Вождь Фавнов Ванор",50,Humanoid,8731,/skill4295.webp
Monster,dark_lord,"Dark Lord","Темный Повелитель",50,Undead,11417,/skill4290.webp
Monster,doll_master,"Doll Master","Мастер Кукол",50,Undead,14218,/skill4290.webp
Monster,zakens_loyalguard,"Zaken's Royal Guard","Королевская Стража Закена",50,Undead,4413,/skill4290.webp
Monster,golden_stag_lord,"Golden Stag Lord","Вожак Золотых Оленей",50,Animal,3783,/skill4293.webp
Monster,tanor_silenos_cheiftain,"Tanor Silenos Chieftain","Вождь Фавнов Танор",50,Humanoid,3902,/skill4295.webp
Monster,cadeine,"Cadeine","Краснолюд",50,Humanoid,2690,/skill4295.webp
Monster,guard_leader_f_garden,"Garden Guard Leader","Главарь Стражи Сада",50,Undead,14866,/skill4290.webp
Monster,manes_of_ruin,"Spiteful Ghost of Ruins","Злобный Зомби Руин",50,Undead,6419,/skill4290.webp
Monster,decayed_ancient_knight,"Decayed Ancient Knight","Разлагающийся Древний Рыцарь",50,Undead,11435,/skill4290.webp
Monster,mausoleum_archon,"Sepulcher Archon","Погребенный Архонт",50,Undead,10635,/skill4290.webp
Monster,crypt_archon,"Crypt Archon","Архонт Склепа",50,Undead,10635,/skill4290.webp
Monster,betrayer_orc_hero,"Betrayer Orc Hero","Орк Предатель",50,Humanoid,4429,/skill4295.webp
Monster,ol_mahum_transcend_0,"Ol Mahum Transcender","Гнолл Бунтарь",50,Humanoid,4954,/skill4295.webp
Monster,zakens_loyalguard_1,"Zaken's Guard","Страж Закена",50,Undead,5993,/skill4290.webp
Monster,zakens_loyalguard_2,"Zaken's Guard","Страж Закена",50,Undead,8487,/skill4290.webp
Monster,zakens_elite_royalguard,"Zaken's Elite Guard","Элитный Страж Закена",50,Undead,13722,/skill4290.webp
Monster,r20_invader_soldier_a,"Purgatory Invader Soldier","Солдат Захватчиков Чистилища",50,Demonic,12144,/skill4298.webp
Monster,r21_invader_priest,"Purgatory Invader Priest","Жрец Захватчиков Чистилища",50,Demonic,8396,/skill4298.webp
Monster,r22_invader_martyr,"Purgatory Invader Martyrs","Мученик Захватчиков Чистилища",50,Demonic,8484,/skill4298.webp
Monster,r23_invader_soldier_c,"Purgatory Invader Soldier","Солдат Захватчиков Чистилища",50,Demonic,8932,/skill4298.webp
Monster,r25_invader_elite_e,"Purgatory Invader Elite Soldier","Элитный Солдат Захватчиков Чистилища",50,Demonic,2160,/skill4298.webp
Monster,r26_invader_elite_f,"Purgatory Invader Elite Soldier","Элитный Солдат Захватчиков Чистилища",50,Demonic,19411,/skill4298.webp
Monster,r27_invader_elite_h,"Purgatory Invader Elite Soldier","Элитный Солдат Захватчиков Чистилища",50,Demonic,19137,/skill4298.webp
Monster,ragna_orc_wizard_a,"Ragna Orc Sorcerer","Волшебник Орков Рагна",50,Humanoid,6944,/skill4295.webp
Monster,ragna_orc_wizard_b,"Ragna Orc Sorcerer","Волшебник Орков Рагна",50,Humanoid,6368,/skill4295.webp
Monster,ragna_orc_wizard_c,"Ragna Orc Sorcerer","Волшебник Орков Рагна",50,Humanoid,6944,/skill4295.webp
Monster,ragna_orc_wizard_d,"Ragna Orc Sorcerer","Волшебник Орков Рагна",50,Humanoid,4892,/skill4295.webp
Monster,mine_ant,"Spelunking Ant","Муравей Землерой",50,Bug,4157,/skill4301.webp
Monster,grima,"Grima","Грима",50,Bug,,/skill4301.webp
Monster,demon_king,"Demon King","Король Демонов",50,Demonic,,/skill4298.webp
Monster,box_of_athrea1,"Box Of Athrea 1","Коробка Атреи 1",50,Others,,/skill4416_etc.webp
Monster,box_of_athrea2,"Box Of Athrea 2","Коробка Атреи 2",50,Others,,/skill4416_etc.webp
Monster,box_of_athrea3,"Box Of Athrea 3","Коробка Атреи 3",50,Others,,/skill4416_etc.webp
Monster,box_of_athrea4,"Box Of Athrea 4","Коробка Атреи 4",50,Others,,/skill4416_etc.webp
Monster,box_of_athrea5,"Box Of Athrea 5","Коробка Атреи 5",50,Others,,/skill4416_etc.webp
Monster,guardian_of_tree,"Soul of Tree Guardian","Душа Стражника Дерева",50,Undead,,/skill4290.webp
Monster,partisan_healer1,"Partisan Healer","Целитель Партизан",50,Humanoid,1250,/skill4295.webp
Monster,partisan_guard_sword1,"Partisan Court Guard","Страж Партизан",50,Humanoid,1250,/skill4295.webp
Monster,partisan_guard_bow1,"Partisan Court Guard","Страж Партизан",50,Humanoid,1250,/skill4295.webp
Monster,partisan_healer2,"Partisan Healer","Целитель Партизан",50,Humanoid,1250,/skill4295.webp
Monster,partisan_guard_sword2,"Partisan Court Guard","Страж Партизан",50,Humanoid,1250,/skill4295.webp
Monster,partisan_guard_bow2,"Partisan Court Guard","Страж Партизан",50,Humanoid,1250,/skill4295.webp
Monster,r24_invader_mimic,"Purgatory Invader Food","Сундук Захватчиков Чистилища",50,Others,3636,/skill4416_etc.webp
Monster,dusk_3_2_heavy_trp_1,"Witch's Offering Warrior","Воин Жертва Ведьмы",51,Humanoid,3121,/skill4295.webp
Monster,dusk_3_2_light_trp_1,"Witch's Offering Follower","Последователь Жертва Ведьмы",51,Humanoid,3733,/skill4295.webp
Monster,dawn_3_2_heavy_trp_1,"Witch's Offering Warrior","Воин Жертва Ведьмы",51,Humanoid,3121,/skill4295.webp
Monster,dawn_3_2_light_trp_1,"Witch's Offering Follower","Последователь Жертва Ведьмы",51,Humanoid,3733,/skill4295.webp
Monster,royal_cave_servant,"Royal Cave Servant","Королевский Пещерный Слуга",51,Undead,5455,/skill4290.webp
Monster,royal_cave_servant_hold,"Royal Cave Servant","Королевский Пещерный Слуга",51,Undead,3783,/skill4290.webp
Monster,elder_tarlk_basilisk,"Elder Tarlk Basilisk ","Старший Василиск Тарлк",51,Beast,4506,/skill4292.webp
Monster,fline_elder,"Fline Elder","Старшая Мара",51,Elemental,8443,/skill4296.webp
Monster,harit_lizardman_grunt,"Harit Lizardman Grunt","Воитель Ящеров Харит",51,Humanoid,5402,/skill4295.webp
Monster,taik_orc_supply,"Taik Orc Supply","Приспешник Орков Тайк",51,Humanoid,5402,/skill4295.webp
Monster,kaim_vanul,"Kaim Vanul","Каим Ванул",51,Demonic,3936,/skill4298.webp
Monster,soldier_of_grief,"Soldier of Grief","Солдат Скорби",51,Undead,4539,/skill4290.webp
Monster,lilim_sorceror,"Lilim Magus","Маг Лилим",51,Demonic,12493,/skill4298.webp
Monster,nephilim_priest,"Nephilim Priest","Жрец Нефилим",51,Angel,13567,/skill4297.webp
Monster,kaim_vanul_1,"Kaim Vanul","Кайм Ванул",51,Demonic,5345,/skill4298.webp
Monster,kaim_vanul_2,"Kaim Vanul","Кайм Ванул",51,Demonic,7568,/skill4298.webp
Monster,kaim_vanul_lad,"Kaim Vanul Lad","Кайм Ванул Миньон",51,Demonic,13814,/skill4298.webp
Monster,horrorble_shovel_golem_3,"Horrifying Excavator Golem III","Ужасный Голем Землекоп III",51,Construct,6341,/skill4291.webp
Monster,shivering_blade_seventh,"Bloodthirsty Ginzu Golem VII","Кровожадный Голем Гинзу VII",51,Construct,17098,/skill4291.webp
Monster,horrorble_cannon_third,"Horrifying Cannon Golem III","Ужасный Пушечный Голем III",51,Construct,9404,/skill4291.webp
Monster,vanor_elder_kerunos,"Vanor Elder Kerunos","Старейшина Ванор Керунос",51,Humanoid,,/skill4295.webp
Monster,treasure_box_51,"Treasure Chest","Сундук с Сокровищами",51,Others,,/skill4416_etc.webp
Monster,mimic_51,"Treasure Chest","Сундук с Сокровищами",51,Others,3121,/skill4416_etc.webp
Monster,dusk_3_box,"Treasures of the Festival","Сокровища Фестиваля",52,Construct,270,/skill4291.webp
Monster,dawn_3_box,"Treasures of the Festival","Сокровища Фестиваля",52,Construct,270,/skill4291.webp
Monster,hunter_gargoyle,"Hunter Gargoyle","Горгулья Охотник",52,Construct,5420,/skill4291.webp
Monster,hunter_gargoyle_hold,"Hunter Gargoyle","Горгулья Охотник",52,Construct,3894,/skill4291.webp
Monster,liele_elder,"Liele Elder","Старшая Утопленница",52,Elemental,8953,/skill4296.webp
Monster,harit_lizardman_archer,"Harit Lizardman Archer","Стрелок Ящеров Харит",52,Humanoid,5057,/skill4295.webp
Monster,taik_orc_seeker,"Taik Orc Seeker","Искатель Орков Тайк",52,Humanoid,5616,/skill4295.webp
Monster,pirates_zombie_captain,"Pirate's Zombie Captain","Капитан Пиратов Зомби",52,Undead,5945,/skill4290.webp
Monster,sanhidro,"Sanhidro","Упырь",52,Giant,4138,/skill4300.webp
Monster,cruel_punishment,"Cruel Punisher","Жестокий Палач",52,Undead,5002,/skill4290.webp
Monster,mausoleum_inquisitor,"Sepulcher Inquisitor","Погребенный Инквизитор",52,Demonic,11733,/skill4298.webp
Monster,crypt_inquisitor,"Crypt Inquisitor","Инквизитор Склепа",52,Demonic,11733,/skill4298.webp
Monster,pirates_zombie_captain_1,"Pirate Zombie Captain","Капитан Пиратов Зомби",52,Undead,8073,/skill4290.webp
Monster,pirates_zombie_captain_2,"Pirate Zombie Captain","Капитан Пиратов Зомби",52,Undead,11432,/skill4290.webp
Monster,zombie_captains_grudge,"Zombie Captain's Spiritual Body","Призрак Капитана Зомби",52,Undead,18953,/skill4290.webp
Monster,horrorble_cannon_zero,"Horrifying Cannon Golem","Ужасный Пушечный Голем",52,Construct,14861,/skill4291.webp
Monster,horrorble_drill_golem,"Horrifying Jackhammer Golem","Ужасный Бурильный Голем",52,Construct,13973,/skill4291.webp
Monster,intellect_blade_tenth,"Ginzu Golem Prodigy X","Чудесный Голем Гинзу Х",52,Construct,18933,/skill4291.webp
Monster,shivering_blade_second,"Bloodthirsty Ginzu Golem II","Кровожадный Голем Гинзу II",52,Construct,17775,/skill4291.webp
Monster,follow_of_the_great,"Epic Cannon Golem Adjunct","Помощник Эпического Пушечного Голема",52,Construct,9777,/skill4291.webp
Monster,hatar_chieftain_kubel,"Hatar Chieftain Kubel","Вождь Хатар Кубел",52,Beast,,/skill4292.webp
Monster,azit_mimic_a,"Treasure Chest","Сундук с Сокровищами",52,Construct,,/skill4291.webp
Monster,azit_mimic_b,"Treasure Chest","Сундук с Сокровищами",52,Construct,,/skill4291.webp
Monster,azit_treasurebox_a,"Treasure Chest","Сундук с Сокровищами",52,Construct,,/skill4291.webp
Monster,oel_mahum,"Oel Mahum","Сфинкс",53,Humanoid,4846,/skill4295.webp
Monster,dust_wind,"Dustwind Gargoyle","Горгулья Пыльной Бури",53,Construct,5776,/skill4291.webp
Monster,dust_wind_hold,"Dustwind Gargoyle","Горгулья Пыльной Бури",53,Construct,4045,/skill4291.webp
Monster,ti_mi_kran_elder,"Valley treant Elder","Мудрый Древень",53,Elemental,18717,/skill4296.webp
Monster,harit_lizardman_warrior,"Harit Lizardman Warrior","Воин Ящеров Харит",53,Humanoid,5199,/skill4295.webp
Monster,farcran,"Farcran","Гниющий Медведь Зомби",53,Animal,5776,/skill4293.webp
Monster,punishment_of_undead,"Tortured Undead","Нежить Мученик",53,Undead,4902,/skill4290.webp
Monster,doll_blader,"Doll Blader","Кукла",53,Demonic,4718,/skill4298.webp
Monster,pobbys_maid,"Pobby's Maid","Служанка Побби",53,Plant,3022,/skill4294.webp
Monster,saitnn_doll,"Sairon's Doll","Кукла Сайроны",53,Demonic,12060,/skill4298.webp
Monster,saitnn_puppet,"Sairon's Puppet","Марионетка Сайроны",53,Demonic,13265,/skill4298.webp
Monster,roving_soul,"Roving Soul","Неприкаянная Душа",53,Undead,5932,/skill4290.webp
Monster,pugatory_monster_eye,"Purgatory Wisp","Сфера Чистилища",53,Construct,12189,/skill4291.webp
Monster,ol_mahum_transcend_1,"Ol Mahum Transcender","Гнолл Бунтарь",53,Humanoid,6631,/skill4295.webp
Monster,doll_blader_1,"Doll Blader","Кукла",53,Demonic,6407,/skill4298.webp
Monster,doll_blader_2,"Doll Blader","Кукла",53,Demonic,9073,/skill4298.webp
Monster,crimson_doll_blader,"Crimson Doll Blader","Багровая Кукла",53,Demonic,16560,/skill4298.webp
Monster,r20_invader_archer,"Purgatory Invader Archer","Стрелок Захватчиков Чистилища",53,Undead,11550,/skill4290.webp
Monster,r21_invader_shaman,"Purgatory Invader Shaman","Шаман Захватчиков Чистилища",53,Demonic,14583,/skill4298.webp
Monster,r22_invader_warrior_a,"Purgatory Invader Warrior","Воин Захватчиков Чистилища",53,Undead,9376,/skill4290.webp
Monster,r23_invader_zealot,"Purgatory Invader Disciples","Апостол Захватчиков Чистилища",53,Undead,9873,/skill4290.webp
Monster,r25_invader_warrior_b,"Purgatory Invader Warrior","Воин Захватчиков Чистилища",53,Undead,22482,/skill4290.webp
Monster,r26_invader_elite_g,"Purgatory Invader Elite Soldier","Элитный Солдат Захватчиков Чистилища",53,Demonic,21811,/skill4298.webp
Monster,r27_invader_mage_b,"Purgatory Invader Magus","Маг Захватчиков Чистилища",53,Demonic,20795,/skill4298.webp
Monster,horrorble_blade_fifth,"Horrifying Ginzu Golem V","Ужасный Голем Гинзу V",53,Construct,18465,/skill4291.webp
Monster,horrorble_cannon_sixth_a,"Horrifying Cannon Golem VI","Ужасный Пушечный Голем VI",53,Construct,9936,/skill4291.webp
Monster,horrorble_cannon_sixth_b,"Horrifying Cannon Golem VI","Ужасный Пушечный Голем VI",53,Construct,9936,/skill4291.webp
Monster,horrorble_cannon_sixth_c,"Horrifying Cannon Golem VI","Ужасный Пушечный Голем VI",53,Construct,9936,/skill4291.webp
Monster,horrorble_cannon_sixth_d,"Horrifying Cannon Golem VI","Ужасный Пушечный Голем VI",53,Construct,9936,/skill4291.webp
Monster,horrorble_cannon_sixth_e,"Horrifying Cannon Golem VI","Ужасный Пушечный Голем VI",53,Construct,9936,/skill4291.webp
Monster,horrorble_cannon_sixth_f,"Horrifying Cannon Golem VI","Ужасный Пушечный Голем VI",53,Construct,9936,/skill4291.webp
Monster,horrorble_cannon_sixth_g,"Horrifying Cannon Golem VI","Ужасный Пушечный Голем VI",53,Construct,9936,/skill4291.webp
Monster,horrorble_cannon_sixth_h,"Horrifying Cannon Golem VI","Ужасный Пушечный Голем VI",53,Construct,9936,/skill4291.webp
Monster,horrorble_cannon_great,"Epic Cannon Golem","Эпический Пушечный Голем",53,Construct,15438,/skill4291.webp
Monster,killer_blade_fifth,"Deadly Ginzu Golem V","Смертоносный Голем Гинзу V",53,Construct,18465,/skill4291.webp
Monster,maze_bandersnatch,"Lost Bandersnatch","Драколов Лабиринта",53,Beast,4295,/skill4292.webp
Monster,maze_watcher,"Lost Watcher","Наблюдатель Лабиринта",53,Construct,4393,/skill4291.webp
Monster,jewel_guardian_mara,"Jewel Guardian Mara","Стражник Камня Мара",53,Demonic,,/skill4298.webp
Monster,jewel_guardian_musfel,"Jewel Guardian Musfel","Стражник Камня Мусфел",53,Demonic,,/skill4298.webp
Monster,r24_invader_box_a,"Purgatory Invader Food","Сундук Захватчиков Чистилища",53,Others,,/skill4416_etc.webp
Monster,dusk_3_1_corner_private,"Witch's Offering","Жертва Ведьмы",54,Humanoid,4339,/skill4295.webp
Monster,dusk_3_3_mid_archer,"Witch's Offering Marksman","Зверолов Жертва Ведьмы",54,Humanoid,3604,/skill4295.webp
Monster,dawn_3_1_corner_private,"Witch's Offering","Жертва Ведьмы",54,Humanoid,4339,/skill4295.webp
Monster,dawn_3_3_mid_archer,"Witch's Offering Marksman","Зверолов Жертва Ведьмы",54,Humanoid,3604,/skill4295.webp
Monster,thunder_wyrm,"Thunder Wyrm","Громовой Змей",54,Dragon,5140,/skill4299.webp
Monster,thunder_wyrm_hold,"Thunder Wyrm","Громовой Змей",54,Dragon,4283,/skill4299.webp
Monster,oel_mahum_warrior,"Oel Mahum Warrior","Воин Сфинксов",54,Humanoid,5051,/skill4295.webp
Monster,pan_ruem_elder,"Satyr Elder","Старший Сатир",54,Fairy,13741,/skill4302.webp
Monster,harit_lizardman_shaman,"Harit Lizardman Shaman","Шаман Ящеров Харит",54,Humanoid,5089,/skill4295.webp
Monster,grave_guard,"Grave Guard","Страж Могил",54,Construct,5140,/skill4291.webp
Monster,marsh_stalker,"Marsh Stalker","Болотный Сталкер",54,Construct,5039,/skill4291.webp
Monster,vale_master,"Vale Master","Хозяин Долин",54,Demonic,4501,/skill4298.webp
Monster,connabi,"Connabi","Нидхогр",54,Giant,4462,/skill4300.webp
Monster,saitnn,"Sairon","Сайрона",54,Demonic,13258,/skill4298.webp
Monster,soul_of_ruin,"Soul of Ruins","Дух Руин",54,Undead,5191,/skill4290.webp
Monster,lilim_knight_errant,"Lilim Knight Errant","Странствующий Рыцарь Лилим",54,Demonic,17542,/skill4298.webp
Monster,nephilim_swordman,"Nephilim Swordsman","Мечник Нефилим",54,Angel,17542,/skill4297.webp
Monster,vale_master_1,"Vale Master","Хозяин Долин",54,Demonic,6112,/skill4298.webp
Monster,vale_master_2,"Vale Master","Хозяин Долин",54,Demonic,8655,/skill4298.webp
Monster,crimson_vale_master,"Crimson Vale Master","Багровый Хозяин Долин",54,Demonic,15797,/skill4298.webp
Monster,horrorble_blade_eighth,"Horrifying Ginzu Golem VIII","Ужасный Голем Гинзу VIII",54,Construct,19169,/skill4291.webp
Monster,killer_blade_eighth,"Deadly Ginzu Golem VIII","Смертоносный Голем Гинзу VIII",54,Construct,19169,/skill4291.webp
Monster,maze_bandersnatch_bulky,"Massive Maze Bandersnatch","Большой Драколов Лабиринта",54,Beast,4710,/skill4292.webp
Monster,maze_watcher_elder,"Elder Lost Watcher","Старший Наблюдатель Лабиринта",54,Construct,5039,/skill4291.webp
Monster,treasure_box_54,"Treasure Chest","Сундук с Сокровищами",54,Others,,/skill4416_etc.webp
Monster,mimic_54,"Treasure Chest","Сундук с Сокровищами",54,Others,3499,/skill4416_etc.webp
Monster,dusk_3_2_light_prv,"Offering of the Witch, Evoked Spirit","Призванный Дух Жертва Ведьмы",55,Humanoid,4864,/skill4295.webp
Monster,dawn_3_2_light_prv,"Offering of the Witch, Evoked Spirit","Призванный Дух Жертва Ведьмы",55,Humanoid,4864,/skill4295.webp
Monster,malruk_succubus,"Malruk Succubus","Суккуб Малрук",55,Demonic,5279,/skill4298.webp
Monster,malruk_succubus_hold,"Malruk Succubus","Суккуб Малрук",55,Demonic,4400,/skill4298.webp
Monster,death_blader,"Death Wraith","Роковое Видение",55,Undead,4488,/skill4290.webp
Monster,oel_mahum_witch_doctor,"Oel Mahum Witch Doctor","Ведьмак Сфинксов",55,Humanoid,10289,/skill4295.webp
Monster,unicorn_elder,"Unicorn Elder","Старший Единорог",55,Elemental,14255,/skill4296.webp
Monster,harit_lizardm_matriarch,"Harit Lizardman Matriarch","Матриарх Ящеров Харит",55,Humanoid,11444,/skill4295.webp
Monster,halingka,"Halingka","Саблезуб",55,Beast,8623,/skill4292.webp
Monster,taik_orc_supply_leader,"Taik Orc Supply Leader","Главный Приспешник Орков Тайк ",55,Humanoid,6408,/skill4295.webp
Monster,marsh_drake,"Marsh Drake","Болотный Дрейк",55,Dragon,5332,/skill4299.webp
Monster,pobby_escort,"Pobby Escort","Эскорт Побби",55,Plant,5461,/skill4294.webp
Monster,wrecked_archer,"Wretched Archer","Скверный Стрелок",55,Undead,7028,/skill4290.webp
Monster,fallen_orc,"Fallen Orc","Падший Орк",55,Humanoid,5279,/skill4295.webp
Monster,sepulcher_archon,"Sepulcher Archon","Погребенный Архонт",55,Undead,13837,/skill4290.webp
Monster,tomb_archon,"Tomb Archon","Архонт Гробницы",55,Undead,13837,/skill4290.webp
Monster,ol_mahum_transcend_2,"Ol Mahum Transcender","Гнолл Бунтарь",55,Humanoid,9634,/skill4295.webp
Monster,r20_invader_soldier_b,"Purgatory Invader Soldier","Солдат Захватчиков Чистилища",55,Demonic,15362,/skill4298.webp
Monster,r21_invader_elite_a,"Purgatory Invader Elite Soldier","Элитный Солдат Захватчиков Чистилища",55,Demonic,12787,/skill4298.webp
Monster,r22_invader_mage_a,"Purgatory Invader Magus","Маг Захватчиков Чистилища",55,Demonic,10097,/skill4298.webp
Monster,r23_invader_beserker,"Purgatory Invader Berserker","Берсерк Захватчиков Чистилища",55,Undead,13227,/skill4290.webp
Monster,r24_invader_elite_b,"Purgatory Invader Elite Soldier","Элитный Солдат Захватчиков Чистилища",55,Demonic,23694,/skill4298.webp
Monster,r24_invader_elite_c,"Purgatory Invader Elite Soldier","Элитный Солдат Захватчиков Чистилища",55,Demonic,24143,/skill4298.webp
Monster,r25_invader_elite_d,"Purgatory Invader Elite Soldier","Элитный Солдат Захватчиков Чистилища",55,Demonic,942,/skill4298.webp
Monster,r27_invader_elite_i,"Purgatory Invader Elite Soldier","Элитный Солдат Захватчиков Чистилища",55,Demonic,23156,/skill4298.webp
Monster,timiniels_spirit,"Spirit of Timiniel","Дух Тиминиэля",55,Fairy,2376,/skill4302.webp
Monster,panthera_baby,"Baby Panthera","Детеныш Пантеры",55,Beast,4625,/skill4292.webp
Monster,maze_gargoyle,"Lost Gargoyle","Горгулья Лабиринта",55,Construct,4157,/skill4291.webp
Monster,harit_lizardman_zealot,"Harit Lizardman Zealot","Зилот Ящеров Харит",55,Humanoid,,/skill4295.webp
Monster,tree_q0421_1,"Fairy Tree of Wind","Волшебное Дерево Ветра",55,Plant,,/skill4294.webp
Monster,tree_q0421_2,"Fairy Tree of Star","Волшебное Дерево Звезды",55,Plant,,/skill4294.webp
Monster,tree_q0421_3,"Fairy Tree of Twilight","Волшебное Дерево Сумерек",55,Plant,,/skill4294.webp
Monster,tree_q0421_4,"Fairy Tree of Abyss","Волшебное Дерево Бездны",55,Plant,,/skill4294.webp
Monster,fallen_chief_vergus,"Fallen Chieftain Vegus","Вегус Падший Вождь",55,Humanoid,,/skill4295.webp
Monster,undead_merc_sword_fix,"Recruit","Рекрут",55,Mercenary,303,/skill4416_mercenary.webp
Monster,undead_merc_pole_fix,"Recruit","Рекрут",55,Mercenary,303,/skill4416_mercenary.webp
Monster,undead_merc_bow_fix,"Recruit","Рекрут",55,Mercenary,303,/skill4416_mercenary.webp
Monster,undead_merc_cleric_fix,"Recruit","Рекрут",55,Mercenary,303,/skill4416_mercenary.webp
Monster,undead_merc_wizard_fix,"Recruit","Рекрут",55,Mercenary,303,/skill4416_mercenary.webp
Monster,undead_merc_sword_move,"Recruit","Рекрут",55,Mercenary,303,/skill4416_mercenary.webp
Monster,undead_merc_pole_move,"Recruit","Рекрут",55,Mercenary,303,/skill4416_mercenary.webp
Monster,undead_merc_bow_move,"Recruit","Рекрут",55,Mercenary,303,/skill4416_mercenary.webp
Monster,undead_merc_cleric_move,"Recruit","Рекрут",55,Mercenary,303,/skill4416_mercenary.webp
Monster,undead_merc_wizard_move,"Recruit","Рекрут",55,Mercenary,303,/skill4416_mercenary.webp
Monster,bloody_lord_nurka1,"Bloody Lord Nurka","Кровавый Властелин Нурка",55,Humanoid,1513,/skill4295.webp
Monster,bloody_lord_nurka2,"Bloody Lord Nurka","Нурка Кровавый Властелин",55,Humanoid,1513,/skill4295.webp
Monster,r26_invader_box_b,"Purgatory Invader Food","Сундук Захватчиков Чистилища",55,Others,,/skill4416_etc.webp
Monster,dusk_3_1_corner_leader,"Witch's Offering Elder","Старшая Жертва Ведьмы ",56,Humanoid,4666,/skill4295.webp
Monster,dusk_3_2_light_trp_2,"Witch's Offering Zealot","Зилот Жертва Ведьмы",56,Humanoid,4478,/skill4295.webp
Monster,dusk_3_4_last_trp_1,"Witch's Offering Disciple","Ученик Жертва Ведьмы",56,Humanoid,4478,/skill4295.webp
Monster,dawn_3_1_corner_leader,"Witch's Offering Elder","Старшая Жертва Ведьмы ",56,Humanoid,4666,/skill4295.webp
Monster,dawn_3_2_light_trp_2,"Witch's Offering Zealot","Зилот Жертва Ведьмы",56,Humanoid,4478,/skill4295.webp
Monster,dawn_3_4_last_trp_1,"Witch's Offering Disciple","Ученик Жертва Ведьмы",56,Humanoid,4478,/skill4295.webp
Monster,malruk_succubus_turen,"Malruk Succubus Turen","Суккуб Малрук Турен",56,Demonic,5473,/skill4298.webp
Monster,h_malruk_succubus_turen,"Malruk Succubus Turen","Суккуб Малрук Турен",56,Demonic,4561,/skill4298.webp
Monster,ynglzu,"Yintzu","Око Хаоса",56,Construct,8653,/skill4291.webp
Monster,oel_mahum_champion,"Oel Mahum Champion","Чемпион Сфинксов",56,Humanoid,6641,/skill4295.webp
Monster,bartal,"Bartal","Лик Ужаса",56,Construct,4431,/skill4291.webp
Monster,doom_scout,"Doom Scout","Разведчик Судьбы",56,Undead,6197,/skill4290.webp
Monster,ancient_gargoyle,"Ancient Gargoyle","Древняя Горгулья",56,Construct,6643,/skill4291.webp
Monster,pugatory_jaguar,"Purgatory Serpent","Змей Чистилища",56,Beast,14344,/skill4292.webp
Monster,panthera,"Panthera","Пантера",56,Beast,4795,/skill4292.webp
Monster,maze_gargoyle_lad,"Lost Gargoyle Youngling","Птенец Горгульи Лабиринта",56,Construct,4824,/skill4291.webp
Monster,pronghorn_spirit,"Pronghorn Spirit","Дух Вилорога",56,Animal,7743,/skill4293.webp
Monster,imperial_slave,"Imperial Slave","Имперский Раб",56,Undead,,/skill4290.webp
Monster,rainbow_big_gourd_a,"Hot Springs Gourd","Тыква Горячих Источников",56,Others,,/skill4416_etc.webp
Monster,rainbow_big_gourd_b,"Hot Springs Gourd","Тыква Горячих Источников",56,Others,,/skill4416_etc.webp
Monster,rainbow_big_gourd_c,"Hot Springs Gourd","Тыква Горячих Источников",56,Others,,/skill4416_etc.webp
Monster,rainbow_big_gourd_d,"Hot Springs Gourd","Тыква Горячих Источников",56,Others,,/skill4416_etc.webp
Monster,azit_anger_yetti,"Enraged Yeti","Бешеный Йети",56,Giant,,/skill4300.webp
Monster,azit_yetti_a,"Hot Springs Yeti","Йети Горячих Источников",56,Humanoid,,/skill4295.webp
Monster,azit_yetti_b,"Hot Springs Yeti","Йети Горячих Источников",56,Humanoid,,/skill4295.webp
Monster,azit_yetti_c,"Hot Springs Yeti","Йети Горячих Источников",56,Humanoid,,/skill4295.webp
Monster,azit_yetti_d,"Hot Springs Yeti","Йети Горячих Источников",56,Humanoid,,/skill4295.webp
Monster,azit_contest_pile_winner,"Victor's Flag","Флаг Победителя",56,Others,,/skill4416_etc.webp
Monster,azit_contest_pile_a,"Red Flag","Красный Флаг",56,Others,,/skill4416_etc.webp
Monster,azit_contest_pile_b,"Yellow Flag","Желтый Флаг",56,Others,,/skill4416_etc.webp
Monster,azit_contest_pile_c,"Green Flag","Зеленый Флаг",56,Others,,/skill4416_etc.webp
Monster,azit_contest_pile_d,"Blue Flag","Голубой Флаг",56,Others,,/skill4416_etc.webp
Monster,azit_contest_pile_e,"Purple Flag","Пурпурный Флаг",56,Others,,/skill4416_etc.webp
Monster,farm_hedge,"Gate  ","Ворота",56,Others,,/skill4416_etc.webp
Monster,dusk_3_5_mid_bomb,"Flame of the Witch","Пламя Ведьмы",57,Construct,12980,/skill4291.webp
Monster,dawn_3_5_mid_bomb,"Flame of the Witch","Пламя Ведьмы",57,Construct,12980,/skill4291.webp
Monster,drake,"Drake","Дрейк",57,Dragon,5784,/skill4299.webp
Monster,drake_hold,"Drake","Дрейк",57,Dragon,4820,/skill4299.webp
Monster,paliote,"Paliote","Палиот",57,Construct,9826,/skill4291.webp
Monster,pobby,"Pobby","Побби",57,Plant,5071,/skill4294.webp
Monster,float_of_grave,"Grave Lich","Могильный Лич",57,Construct,5670,/skill4291.webp
Monster,fallen_orc_archer,"Fallen Orc Archer","Стрелок Падших Орков",57,Humanoid,7312,/skill4295.webp
Monster,lilim_marauder,"Lilim Marauder","Мародер Лилим",57,Demonic,18790,/skill4298.webp
Monster,nephilim_guard,"Nephilim Guard","Страж Нефилим",57,Angel,18790,/skill4297.webp
Monster,sepulcher_inquisitor,"Sepulcher Inquisitor","Погребенный Инквизитор",57,Demonic,14098,/skill4298.webp
Monster,tomb_inquisitor,"Tomb Inquisitor","Инквизитор Гробницы",57,Demonic,14098,/skill4298.webp
Monster,pronghorn,"Pronghorn","Вилорог",57,Animal,4700,/skill4293.webp
Monster,tarantula_ice,"Ice Tarantula","Ледяной Тарантул",57,Bug,5402,/skill4301.webp
Monster,freya_buffalo,"Freya's Buffalo","Буйвол Фреи",57,Beast,31854,/skill4292.webp
Monster,freya_bear,"Freya's White Bear","Белый Медведь Фреи",57,Animal,33473,/skill4293.webp
Monster,treasure_box_57,"Treasure Chest","Сундук с Сокровищами",57,Others,,/skill4416_etc.webp
Monster,mimic_57,"Treasure Chest","Сундук с Сокровищами",57,Others,3899,/skill4416_etc.webp
Monster,freya_secretary_private2,"Freya's Servant","Слуга Фреи",58,Construct,,/skill4291.webp
Monster,cave_keeper,"Cave Keeper","Хранитель Пещеры",58,Beast,6987,/skill4292.webp
Monster,cave_keeper_hold,"Cave Keeper","Хранитель Пещеры",58,Beast,4893,/skill4292.webp
Monster,hamrut,"Hamrut","Паук Зомби",58,Bug,9781,/skill4301.webp
Monster,luminun,"Luminun","Люминус",58,Giant,5220,/skill4300.webp
Monster,dismal_pole,"Dismal Pole","Зловещий Дуб",58,Plant,6288,/skill4294.webp
Monster,fallen_orc_shaman,"Fallen Orc Shaman","Шаман Падших Орков",58,Humanoid,8278,/skill4295.webp
Monster,hell_keeper_medusa,"Hell Keeper Medusa","Медуза Хранитель Ада",58,Beast,15013,/skill4292.webp
Monster,fallen_orc_shaman_trans,"Fallen Orc Shaman","Шаман Падших Орков",58,Humanoid,,/skill4295.webp
Monster,ol_mahum_transcend_3,"Ol Mahum Transcender","Гнолл Бунтарь",58,Angel,13535,/skill4297.webp
Monster,tarantula_intense_cold,"Frost Tarantula","Замерзший Тарантул",58,Bug,5593,/skill4301.webp
Monster,maze_iron_golem,"Lost Iron Golem","Железный Голем Лабиринта",58,Construct,6029,/skill4291.webp
Monster,freya_gardener,"Freya's Gardener","Садовник Фреи",58,Construct,37927,/skill4291.webp
Monster,freya_secretary_private1,"Freya's Servant","Слуга Фреи",58,Construct,33143,/skill4291.webp
Monster,freya_secretary_leader,"Freya's Servant","Слуга Фреи",58,Construct,33143,/skill4291.webp
Monster,freya_pet,"Freya's Dog","Собака Фреи",58,Beast,34900,/skill4292.webp
Monster,jewel_guardian_pyton,"Jewel Guardian Pyton","Стражник Камня Питон",58,Beast,,/skill4292.webp
Monster,dusk_3_2_heavy_trp_2,"Witch's Offering Berserker","БерсеркЖертва Ведьмы",59,Humanoid,5790,/skill4295.webp
Monster,dawn_3_2_heavy_trp_2,"Witch's Offering Berserker","БерсеркЖертва Ведьмы",59,Humanoid,5790,/skill4295.webp
Monster,cave_maiden,"Cave Maiden","Пещерная Дева",59,Beast,6135,/skill4292.webp
Monster,cave_maiden_hold,"Cave Maiden","Пещерная Дева",59,Beast,5113,/skill4292.webp
Monster,kranrot,"Kranrot","Медведь Зомби",59,Animal,10586,/skill4293.webp
Monster,grave_predator,"Grave Predator","Могильный Хищник",59,Bug,6878,/skill4301.webp
Monster,sharp_talon_tiger,"Sharp Talon Tiger","Острый Коготь",59,Beast,7625,/skill4292.webp
Monster,beast_gaurdian,"Beast Guardian","Зверь Страж",59,Beast,15095,/skill4292.webp
Monster,beast_seer,"Beast Seer","Око Пророк",59,Construct,15095,/skill4291.webp
Monster,pugatory_congerer,"Purgatory Conjurer","Заклинатель Чистилища",59,Animal,15105,/skill4293.webp
Monster,sharp_talon_tiger_trans,"Fallen Orc Shaman","Шаман Падших Орков",59,Beast,15580,/skill4292.webp
Monster,iron_golem_intense_cold,"Frost Iron Golem","Обледенелый Железный Голем",59,Construct,6239,/skill4291.webp
Monster,bloody_queen,"Blood Queen","Кровавая Королева",60,Demonic,4536,/skill4298.webp
Monster,bloody_queen_hold,"Blood Queen","Кровавая Королева",60,Demonic,4320,/skill4298.webp
Monster,fishing_blocker_6,"Caught Homunculus","Пойманный Гомункул",60,Construct,6200,/skill4291.webp
Monster,gamlin,"Gamlin","Гамлин",60,Construct,9835,/skill4291.webp
Monster,ghost_of_tower,"Ghost of the Tower","Призрак Башни",60,Undead,14562,/skill4290.webp
Monster,seer_of_hallate,"Seer of Hallate","Пророк Халлета",60,Construct,14562,/skill4291.webp
Monster,banshee,"Banshee","Баньши",60,Demonic,5341,/skill4298.webp
Monster,innersen,"Innersen","Иннерсен",60,Giant,5619,/skill4300.webp
Monster,hungry_corpse,"Hungered Corpse","Голодный Труп",60,Undead,5991,/skill4290.webp
Monster,doom_servant,"Doom Servant","Слуга Судьбы",60,Undead,6537,/skill4290.webp
Monster,allen_orc_captian,"Fallen Orc Captain","Вожак Падших Орков",60,Humanoid,7754,/skill4295.webp
Monster,beast_lord,"Beast Lord","Повелитель Зверей",60,Beast,18913,/skill4292.webp
Monster,bloody_lady,"Bloody Lady","Кровавая Леди",60,Demonic,14806,/skill4298.webp
Monster,lilim_priest,"Lilim Priest","Жрец Лилим",60,Demonic,17292,/skill4298.webp
Monster,nephilim_bishop,"Nephilim Bishop","Епископ Нефилим",60,Angel,18777,/skill4297.webp
Monster,mausoleum_defender,"Sepulcher Guardian","Погребенный Стражник",60,Undead,15315,/skill4290.webp
Monster,crypt_defender,"Crypt Guardian","Стражник Склепа",60,Undead,15315,/skill4290.webp
Monster,brilliant_eye,"Eye of Splendor","Флинд Глаз",60,Angel,8960,/skill4297.webp
Monster,brilliant_claw,"Claws of Splendor","Флинд Коготь",60,Angel,8809,/skill4297.webp
Monster,brilliant_claw_1,"Claws of Splendor","Флинд Коготь",60,Animal,10498,/skill4293.webp
Monster,r30_invader_soldier_a,"Forbidden Path Invader Elite Soldier","Элитный Солдат Захватчиков Запретного Пути",60,Demonic,17487,/skill4298.webp
Monster,r31_invader_priest,"Forbidden Path Invader Priest","Жрец Захватчиков Запретного Пути",60,Demonic,12091,/skill4298.webp
Monster,r32_invader_martyr,"Forbidden Path Invader Martyrs","Мученик Захватчиков Запретного Пути",60,Demonic,12217,/skill4298.webp
Monster,r33_invader_soldier_c,"Forbidden Path Invader Soldier","Солдат Захватчиков Запретного Пути",60,Demonic,12862,/skill4298.webp
Monster,r35_invader_elite_e,"Forbidden Path Invader Elite Soldier","Элитный Солдат Захватчиков Запретного Пути",60,Demonic,3110,/skill4298.webp
Monster,r36_invader_elite_f,"Forbidden Path Invader Elite Soldier","Элитный Солдат Захватчиков Запретного Пути",60,Demonic,27952,/skill4298.webp
Monster,r37_invader_elite_h,"Forbidden Path Invader Elite Soldier","Элитный Солдат Захватчиков Запретного Пути",60,Demonic,27557,/skill4298.webp
Monster,maze_buffalo,"Lost Buffalo","Буйвол Лабиринта",60,Beast,8888,/skill4292.webp
Monster,great_demon_king,"Great Demon King","Великий Король Демонов",60,Undead,,/skill4290.webp
Monster,abyssal_jewel_1,"Abyssal Jewel 1","I Алмаз Бездны",60,Fairy,,/skill4302.webp
Monster,abyssal_jewel_2,"Abyssal Jewel 2","II Алмаз Бездны",60,Fairy,,/skill4302.webp
Monster,abyssal_jewel_3,"Abyssal Jewel 3","III Алмаз Бездны",60,Fairy,,/skill4302.webp
Monster,blitz_wyrm,"Blitz Wyrm","Стремительный Змей",60,Dragon,,/skill4299.webp
Monster,imperial_gravekeeper,"Imperial Gravekeeper","Имперский Хранитель Могил",60,Undead,,/skill4290.webp
Monster,ark_guardian_elberoth,"Ark Guardian Elberoth","Страж Элберот",60,Angel,,/skill4297.webp
Monster,ark_guardian_shadowfang,"Ark Guardian Shadowfang","Страж Клык Теней",60,Angel,,/skill4297.webp
Monster,angel_killer,"Angel Killer","Убийца Ангелов",60,Undead,,/skill4290.webp
Monster,mercenary_sword_fix,"Mercenary","Наемник",60,Mercenary,360,/skill4416_mercenary.webp
Monster,mercenary_pole_fix,"Mercenary","Наемник",60,Mercenary,360,/skill4416_mercenary.webp
Monster,mercenary_bow_fix,"Mercenary","Наемник",60,Mercenary,360,/skill4416_mercenary.webp
Monster,mercenary_cleric_fix,"Mercenary","Наемник",60,Mercenary,360,/skill4416_mercenary.webp
Monster,mercenary_wizard_fix,"Mercenary","Наемник",60,Mercenary,360,/skill4416_mercenary.webp
Monster,mercenary_sword_move,"Mercenary","Наемник",60,Mercenary,360,/skill4416_mercenary.webp
Monster,mercenary_pole_move,"Mercenary","Наемник",60,Mercenary,360,/skill4416_mercenary.webp
Monster,mercenary_bow_move,"Mercenary","Наемник",60,Mercenary,360,/skill4416_mercenary.webp
Monster,mercenary_cleric_move,"Mercenary","Наемник",60,Mercenary,360,/skill4416_mercenary.webp
Monster,mercenary_wizard_move,"Mercenary","Наемник",60,Mercenary,360,/skill4416_mercenary.webp
Monster,oel_mahum_berserker,"Oel Mahum Berserker","Берсерк Сфинксов",60,Humanoid,4320,/skill4295.webp
Monster,oel_mahum_scout,"Oel Mahum Scout","Разведчик Сфинксов",60,Humanoid,4320,/skill4295.webp
Monster,oel_mahum_leader,"Oel Mahum Leader","Главарь Сфинксов",60,Humanoid,4320,/skill4295.webp
Monster,oel_mahum_cleric,"Oel Mahum Cleric","Клерик Сфинксов",60,Humanoid,4320,/skill4295.webp
Monster,oel_mahum_thief,"Oel Mahum Thief","Вор Сфинксов",60,Humanoid,4320,/skill4295.webp
Monster,cougar_berserker,"Frenzied Cougar","Бешеный Кугуар",60,Beast,,/skill4292.webp
Monster,buffalo_scout,"Frenzied Buffalo","Бешеный Буйвол",60,Beast,,/skill4292.webp
Monster,kukaburo_leader,"Frenzied Kookaburra","Бешеная Кукабарра",60,Beast,,/skill4292.webp
Monster,baby_buffalo_cleric,"Frenzied Buffalo Baby","Бешеный Детеныш Буйвола",60,Beast,,/skill4292.webp
Monster,baby_tiger_thief,"Frenzied Baby Cougar","Бешеный Детеныш Кугуара",60,Beast,,/skill4292.webp
Monster,treasure_box_60,"Treasure Chest","Сундук с Сокровищами",60,Others,,/skill4416_etc.webp
Monster,mimic_60,"Treasure Chest","Сундук с Сокровищами",60,Others,4320,/skill4416_etc.webp
Monster,r34_invader_mimic,"Forbidden Path Invader Food","Сундук Захватчиков Запретного Пути",60,Others,5236,/skill4416_etc.webp
Monster,dusk_3_4_last_trp_2,"Witch's Offering Saint","Святой Жертва Ведьмы",61,Humanoid,5314,/skill4295.webp
Monster,dusk_4_1_corner_archer,"Dark Omen Offering Archer","Стрелок Жертва Темного Знамения",61,Humanoid,4599,/skill4295.webp
Monster,dawn_3_4_last_trp_2,"Witch's Offering Saint","Святой Жертва Ведьмы",61,Humanoid,5314,/skill4295.webp
Monster,dawn_4_1_corner_archer,"Dark Omen Offering Archer","Стрелок Жертва Темного Знамения",61,Humanoid,4599,/skill4295.webp
Monster,cave_beast,"Cave Beast","Пещерный Зверь",61,Giant,15494,/skill4300.webp
Monster,leogul,"Leogul","Леогул",61,Construct,10369,/skill4291.webp
Monster,lesser_giant,"Lesser Giant","Младший Гигант",61,Giant,14612,/skill4300.webp
Monster,crimson_drake,"Crimson Drake","Синий Дрейк",61,Dragon,6558,/skill4299.webp
Monster,barif_pet,"Barif's Pet","Питомец Барифа",61,Construct,15199,/skill4291.webp
Monster,ghastly_warrior,"Ghastly Warrior","Жуткий Воин",61,Undead,17170,/skill4290.webp
Monster,archer_of_despair,"Archer of Despair","Лучник Отчаяния",61,Undead,16950,/skill4290.webp
Monster,doom_guard,"Doom Guard","Страж Судьбы",61,Undead,7014,/skill4290.webp
Monster,pugatory_stalker,"Purgatory Shadow","Тень Чистилища",61,Demonic,16146,/skill4298.webp
Monster,brilliant_light,"Flash of Splendor","Флинд Молния",61,Angel,9035,/skill4297.webp
Monster,brilliant_blade,"Blade of Splendor","Флинд Клинок",61,Angel,9634,/skill4297.webp
Monster,brilliant_blade_1,"Blade of Splendor","Флинд Клинок",61,Angel,9634,/skill4297.webp
Monster,buffalo_intense_cold,"Frost Buffalo","Замерзший Буйвол",61,Beast,5383,/skill4292.webp
Monster,ursus_baby,"Ursus Cub","Детеныш Урсуса",61,Animal,5689,/skill4293.webp
Monster,dusk_4_2_heavy_trp_1,"Dark Omen Offering Warrior","Воин Жертва Темного Знамения",62,Humanoid,4613,/skill4295.webp
Monster,dusk_4_2_light_trp_1,"Dark Omen Offering Follower","Последователь Жертва Темного Знамения",62,Humanoid,5517,/skill4295.webp
Monster,dawn_4_2_heavy_trp_1,"Dark Omen Offering Warrior","Воин Жертва Темного Знамения",62,Humanoid,4613,/skill4295.webp
Monster,dawn_4_2_light_trp_1,"Dark Omen Offering Follower","Последователь Жертва Темного Знамения",62,Humanoid,5517,/skill4295.webp
Monster,death_wave,"Death Wave","Волна Смерти",62,Construct,16701,/skill4291.webp
Monster,lesser_giant_soldier,"Lesser Giant Soldier","Солдат Младших Гигантов",62,Giant,22406,/skill4300.webp
Monster,kadios,"Kadios","Хищная Личинка",62,Bug,6843,/skill4301.webp
Monster,credion,"Crendion","Лик Смерти",62,Construct,15397,/skill4291.webp
Monster,blader_of_despair,"Blader of Despair","Клинок Отчаяния",62,Undead,17778,/skill4290.webp
Monster,ghost_war,"Ghostly Warrior","Призрачный Воин",62,Undead,6398,/skill4290.webp
Monster,spite_soul_fighter,"Spiteful Soul Fighter","Боец Злобных Душ",62,Undead,10694,/skill4290.webp
Monster,doom_archer,"Doom Archer","Стрелок Судьбы",62,Undead,8965,/skill4290.webp
Monster,bathin_knight,"Bathin's Knight","Рыцарь Батина",62,Undead,16516,/skill4290.webp
Monster,bathin_wizzard,"Bathin's Wizard","Чародей Батина",62,Demonic,16007,/skill4298.webp
Monster,mausoleum_sage,"Sepulcher Sage","Погребенный Мудрец",62,Demonic,16680,/skill4298.webp
Monster,crypt_sage,"Crypt Sage","Мудрец Склепа",62,Demonic,16680,/skill4298.webp
Monster,brilliant_wisdom,"Wisdom of Splendor","Мудрый Флинд",62,Angel,11065,/skill4297.webp
Monster,prophets_acolyte,"Disciple of Pilgrim","Апостол Паломника",62,Angel,8319,/skill4297.webp
Monster,prophets_servitor,"Page of Pilgrim","Паж Паломника",62,Angel,9492,/skill4297.webp
Monster,ursus,"Ursus","Урсус",62,Animal,5877,/skill4293.webp
Monster,maze_yeti,"Lost Yeti","Йети Лабиринта",62,Giant,6728,/skill4300.webp
Monster,dusk_4_box,"Treasures of the Festival","Сокровища Фестиваля",63,Construct,397,/skill4291.webp
Monster,dawn_4_box,"Treasures of the Festival","Сокровища Фестиваля",63,Construct,397,/skill4291.webp
Monster,wasted_corpse,"Corpse of Deadman","Тело Мертвеца",63,Undead,,/skill4290.webp
Monster,malruk_soldier,"Malruk Soldier","Солдат Малрук",63,Undead,17833,/skill4290.webp
Monster,lesser_giant_shooter,"Lesser Giant Shooter","Стрелец Младших Гигантов",63,Giant,18307,/skill4300.webp
Monster,lesser_giant_scout,"Lesser Giant Scout","Разведчик Младших Гигантов",63,Giant,16702,/skill4300.webp
Monster,trives,"Trives","Змей Кочевник",63,Beast,6927,/skill4292.webp
Monster,hound_of_hallate,"Hound Dog of Hallate","Гончая Халлета",63,Animal,22001,/skill4293.webp
Monster,hallates_royal_guard,"Hallate's Royal Guard","Королевская Стража Халлета",63,Undead,18356,/skill4290.webp
Monster,spite_soul_wizard,"Spiteful Soul Wizard","Чародей Злобных Душ",63,Undead,12599,/skill4290.webp
Monster,doom_trooper,"Doom Trooper ","Солдат Судьбы",63,Undead,9559,/skill4290.webp
Monster,slaughter_bathin,"Slaughter Bathin","Батин",63,Undead,16790,/skill4290.webp
Monster,lilim_knight,"Lilim Knight","Рыцарь Лилим",63,Demonic,25957,/skill4298.webp
Monster,nephilim_centurion,"Nephilim Centurion","Центурион Нефилим",63,Angel,25957,/skill4297.webp
Monster,farm_marauder_1a,"Raider of Pastureland","Захватчик Пастбищ",63,Humanoid,8408,/skill4295.webp
Monster,farm_marauder_1b,"Raider of Pastureland","Захватчик Пастбищ",63,Humanoid,7066,/skill4295.webp
Monster,brilliant_wrath,"Anger of Splendor","Гневный Флинд",63,Angel,9759,/skill4297.webp
Monster,brilliant_wrath_1,"Anger of Splendor","Гневный Флинд",63,Animal,11574,/skill4293.webp
Monster,brilliant_soul,"Soul of Splendor","Флинд Дух",63,Angel,8853,/skill4297.webp
Monster,brilliant_prophet,"Pilgrim of Splendor","Флинд Паломник",63,Angel,11933,/skill4297.webp
Monster,corrupted_knight,"Corrupted Knight","Порочный Рыцарь",63,Undead,9739,/skill4290.webp
Monster,reanimated_knight,"Resurrected Knight","Воскресший Рыцарь",63,Undead,8423,/skill4290.webp
Monster,r30_invader_archer,"Forbidden Path Invader Archer","Стрелок Захватчиков Запретного Пути",63,Undead,16320,/skill4290.webp
Monster,r31_invader_shaman,"Forbidden Path Invader Shaman","Шаман Захватчиков Запретного Пути",63,Demonic,20606,/skill4298.webp
Monster,r32_invader_warrior_a,"Forbidden Path Invader Warrior","Воин Захватчиков Запретного Пути",63,Undead,13248,/skill4290.webp
Monster,r33_invader_zealot,"Forbidden Path Invader Disciple","Пророк Захватчиков Запретного Пути",63,Undead,13950,/skill4290.webp
Monster,r35_invader_warrior_b,"Forbidden Path Invader Warrior","Воин Захватчиков Запретного Пути",63,Undead,31766,/skill4290.webp
Monster,r36_invader_elite_g,"Forbidden Path Invader Elite Soldier","Элитный Солдат Захватчиков Запретного Пути",63,Demonic,30818,/skill4298.webp
Monster,r37_invader_mage_b,"Forbidden Path Invader Magus","Маг Захватчиков Запретного Пути",63,Demonic,29382,/skill4298.webp
Monster,yeti_intense_cold,"Frost Yeti","Морозный Йети",63,Giant,6947,/skill4300.webp
Monster,ghost_of_umul,"Soul of Well","Дух Колодца",63,Undead,,/skill4290.webp
Monster,treasure_box_63,"Treasure Chest","Сундук с Сокровищами",63,Others,,/skill4416_etc.webp
Monster,mimic_63,"Treasure Chest","Сундук с Сокровищами",63,Others,4763,/skill4416_etc.webp
Monster,r34_invader_box_a,"Forbidden Path Invader Food","Сундук Захватчиков Запретного Пути",63,Others,,/skill4416_etc.webp
Monster,plando,"Plando","Пландо",64,Humanoid,23778,/skill4295.webp
Monster,lesser_giant_mage,"Lesser Giant Mage","Маг Младших Гигантов",64,Giant,13228,/skill4300.webp
Monster,falibati,"Falibati","Фалибати",64,Beast,7219,/skill4292.webp
Monster,barif,"Barif","Бариф",64,Giant,15637,/skill4300.webp
Monster,corrypt_sage,"Corrupt Sage","Порочный Мудрец",64,Demonic,19137,/skill4298.webp
Monster,hallates_warrior,"Hallate's Warrior","Воин Халлета",64,Undead,17735,/skill4290.webp
Monster,past_knight,"Past Knight","Древний Рыцарь",64,Undead,6953,/skill4290.webp
Monster,bloody_ghost,"Bloody Ghost","Кровавый Призрак",64,Demonic,4793,/skill4298.webp
Monster,elmoradens_archer,"Elmoradan's Archer Escort","Стрелок Эльморедена",64,Undead,17930,/skill4290.webp
Monster,elmoradens_maid,"Elmoradan's Maid","Служанка Эльморедена",64,Demonic,17139,/skill4298.webp
Monster,doom_warrior,"Doom Warrior","Воин Судьбы",64,Undead,7656,/skill4290.webp
Monster,elmoradens_guardian,"Guardian Warrior of Elmoreden","Стражник Воин Эльморедена",64,Undead,16897,/skill4290.webp
Monster,pugatory_tarantula,"Purgatory Tarantula","Тарантул Чистилища",64,Bug,18280,/skill4301.webp
Monster,alpine_bandersnatch,"Alpen Bandersnatch","Горный Драколов",64,Beast,7292,/skill4292.webp
Monster,farm_marauder_2,"Raider of Pastureland","Захватчик Пастбищ",64,Humanoid,8972,/skill4295.webp
Monster,brilliant_legacy,"Victory of Splendor","Флинд Победитель",64,Angel,9608,/skill4297.webp
Monster,brilliant_vengeance,"Punishment of Splendor","Флинд Мститель",64,Angel,10605,/skill4297.webp
Monster,corrupted_guard,"Corrupted Guard","Порочный Страж",64,Undead,10051,/skill4290.webp
Monster,corrupted_guard_a,"Corrupted Guard","Порочный Страж",64,Undead,10252,/skill4290.webp
Monster,brilliant_vengeance_1,"Punishment of Splendor","Флинд Каратель",64,Angel,10605,/skill4297.webp
Monster,tamed_kukaburo_war,"Trained Kookaburra","Прирученная Кукабарра",65,Beast,,/skill4292.webp
Monster,tamed_kukaburo_wiz,"Trained Kookaburra","Прирученная Кукабарра",65,Beast,,/skill4292.webp
Monster,mon_tiny_kukaburo,"Tiny Baby Kookaburra","Крошечный Детеныш Кукабарры",65,Beast,2020,/skill4292.webp
Monster,tnpc_tiny_kukaburo,"Tame Tiny Baby Kookaburra","Ручной Крошечный Детеныш Кукабарры",65,Beast,2020,/skill4292.webp
Monster,dusk_4_1_corner_private,"Dark Omen Offering","Жертва Темного Знамения",65,Humanoid,6287,/skill4295.webp
Monster,dusk_4_3_mid_archer,"Dark Omen Offering Marksman","Зверолов Жертва Темного Знамения",65,Humanoid,5222,/skill4295.webp
Monster,dawn_4_1_corner_private,"Dark Omen Offering","Жертва Темного Знамения",65,Humanoid,6287,/skill4295.webp
Monster,dawn_4_3_mid_archer,"Dark Omen Offering Marksman","Зверолов Жертва Темного Знамения",65,Humanoid,5222,/skill4295.webp
Monster,cave_howler,"Cave Howler","Пещерный Ревун",65,Giant,24178,/skill4300.webp
Monster,lesser_giant_elder,"Lesser Giant Elder","Старейшина Младших Гигантов",65,Giant,12778,/skill4300.webp
Monster,doom_knight,"Doom Knight","Рыцарь Судьбы",65,Undead,10379,/skill4290.webp
Monster,judge_of_marsh,"Judge of Marsh","Болотный Судья",65,Plant,7447,/skill4294.webp
Monster,archer_of_abyss,"Archer of Abyss","Стрелок Бездны",65,Demonic,17603,/skill4298.webp
Monster,hallates_knight,"Hallate's Knight","Рыцарь Халлета",65,Undead,35090,/skill4290.webp
Monster,kel_mahum,"Kel Mahum","Псоглав",65,Angel,9389,/skill4297.webp
Monster,bloody_knight,"Bloody Knight","Кровавая Кукла",65,Demonic,7032,/skill4298.webp
Monster,spite_soul_leader,"Spiteful Soul Leader","Главарь Злобных Душ",65,Undead,14127,/skill4290.webp
Monster,elmoradens_lady,"Elmoradan's Lady","Леди Эльморедена",65,Demonic,18033,/skill4298.webp
Monster,sepulcher_defender,"Sepulcher Guardian","Погребенный Стражник",65,Undead,19326,/skill4290.webp
Monster,tomb_defender,"Tomb Guardian","Стражник Гробницы",65,Undead,19326,/skill4290.webp
Monster,heretic_warrior,"Heathen Warrior","Воин Язычник",65,Undead,1790,/skill4290.webp
Monster,alpine_kukaburo_1,"Alpen Kookaburra","Горная Кукабарра",65,Beast,3318,/skill4292.webp
Monster,alpine_kukaburo_2_war_a1,"Alpen Kookaburra","Горная Кукабарра",65,Beast,8775,/skill4292.webp
Monster,alpine_kukaburo_2_wiz_a1,"Alpen Kookaburra","Горная Кукабарра",65,Beast,7374,/skill4292.webp
Monster,alpine_kukaburo_2_war_a2,"Alpen Kookaburra","Горная Кукабарра",65,Beast,8775,/skill4292.webp
Monster,alpine_kukaburo_2_wiz_a2,"Alpen Kookaburra","Горная Кукабарра",65,Beast,7374,/skill4292.webp
Monster,alpine_kukaburo_2_war_i1,"Alpen Kookaburra","Горная Кукабарра",65,Beast,8775,/skill4292.webp
Monster,alpine_kukaburo_2_wiz_i1,"Alpen Kookaburra","Горная Кукабарра",65,Beast,7374,/skill4292.webp
Monster,alpine_kukaburo_2_war_i2,"Alpen Kookaburra","Горная Кукабарра",65,Beast,8775,/skill4292.webp
Monster,alpine_kukaburo_2_wiz_i2,"Alpen Kookaburra","Горная Кукабарра",65,Beast,7374,/skill4292.webp
Monster,alpine_kukaburo_3_war_a1,"Alpen Kookaburra","Горная Кукабарра",65,Beast,18387,/skill4292.webp
Monster,alpine_kukaburo_3_wiz_a1,"Alpen Kookaburra","Горная Кукабарра",65,Beast,19112,/skill4292.webp
Monster,alpine_kukaburo_3_war_a2,"Alpen Kookaburra","Горная Кукабарра",65,Beast,18387,/skill4292.webp
Monster,alpine_kukaburo_3_wiz_a2,"Alpen Kookaburra","Горная Кукабарра",65,Beast,17683,/skill4292.webp
Monster,alpine_kukaburo_3_war_i1,"Alpen Kookaburra","Горная Кукабарра",65,Beast,18387,/skill4292.webp
Monster,alpine_kukaburo_3_wiz_i1,"Alpen Kookaburra","Горная Кукабарра",65,Beast,19112,/skill4292.webp
Monster,alpine_kukaburo_3_war_i2,"Alpen Kookaburra","Горная Кукабарра",65,Beast,18387,/skill4292.webp
Monster,alpine_kukaburo_3_wiz_i2,"Alpen Kookaburra","Горная Кукабарра",65,Beast,17683,/skill4292.webp
Monster,alpine_kukaburo_4_war_a1,"Alpen Kookaburra","Горная Кукабарра",65,Beast,30997,/skill4292.webp
Monster,alpine_kukaburo_4_wiz_a1,"Alpen Kookaburra","Горная Кукабарра",65,Beast,29568,/skill4292.webp
Monster,brilliant_cry,"Shout of Splendor","Флинд Крикун",65,Angel,11348,/skill4297.webp
Monster,brilliant_will,"Alliance of Splendor","Флинд Воин Альянса",65,Angel,9320,/skill4297.webp
Monster,brilliant_will_1,"Alliance of Splendor","Флинд Воин Альянса",65,Animal,12321,/skill4293.webp
Monster,oppressed_one,"Trampled Man","Раздавленный Человек",65,Undead,7521,/skill4290.webp
Monster,oppressed_one_a,"Trampled Man","Раздавленный Человек",65,Undead,7521,/skill4290.webp
Monster,agent_of_slaughter,"Slaughter Executioner","Кровожадный Палач",65,Undead,9144,/skill4290.webp
Monster,agent_of_slaughter_a,"Slaughter Executioner","Кровожадный Палач",65,Undead,8922,/skill4290.webp
Monster,r30_invader_soldier_b,"Forbidden Path Invader Elite Soldier","Элитный Солдат Захватчиков Запретного Пути",65,Demonic,21456,/skill4298.webp
Monster,r31_invader_elite_a,"Forbidden Path Invader Elite Soldier","Элитный Солдат Захватчиков Запретного Пути",65,Demonic,17859,/skill4298.webp
Monster,r32_invader_mage_a,"Forbidden Path Invader Magus","Маг Захватчиков Запретного Пути",65,Demonic,14102,/skill4298.webp
Monster,r33_invader_beserker,"Forbidden Path Invader Berserker","Берсерк Захватчиков Запретного Пути",65,Undead,18474,/skill4290.webp
Monster,r34_invader_elite_b,"Forbidden Path Invader Elite Soldier","Элитный Солдат Захватчиков Запретного Пути",65,Demonic,33094,/skill4298.webp
Monster,r34_invader_elite_c,"Forbidden Path Invader Elite Soldier","Элитный Солдат Захватчиков Запретного Пути",65,Demonic,33720,/skill4298.webp
Monster,r35_invader_elite_d,"Forbidden Path Invader Elite Soldier","Элитный Солдат Захватчиков Запретного Пути",65,Demonic,1315,/skill4298.webp
Monster,r37_invader_elite_i,"Forbidden Path Invader Elite Soldier","Элитный Солдат Захватчиков Запретного Пути",65,Demonic,32342,/skill4298.webp
Monster,alpine_kukaburo_4_war_i1,"Alpen Kookaburra","Горная Кукабарра",65,Beast,30997,/skill4292.webp
Monster,alpine_kukaburo_4_wiz_i1,"Alpen Kookaburra","Горная Кукабарра",65,Beast,29568,/skill4292.webp
Monster,grave_keymaster,"Grave Keymaster","Могильный Ключник",65,Construct,,/skill4291.webp
Monster,triyol_zzolda,"Triol's Pawn","Миньон Триоля",65,Demonic,,/skill4298.webp
Monster,dusk_merc_sword_fix,"Greater Recruit","Продвинутый Рекрут",65,Mercenary,423,/skill4416_mercenary.webp
Monster,dusk_merc_pole_fix,"Greater Recruit","Продвинутый Рекрут",65,Mercenary,423,/skill4416_mercenary.webp
Monster,dusk_merc_bow_fix,"Greater Recruit","Продвинутый Рекрут",65,Mercenary,423,/skill4416_mercenary.webp
Monster,dusk_merc_cleric_fix,"Greater Recruit","Продвинутый Рекрут",65,Mercenary,423,/skill4416_mercenary.webp
Monster,dusk_merc_wizard_fix,"Greater Recruit","Продвинутый Рекрут",65,Mercenary,423,/skill4416_mercenary.webp
Monster,dusk_merc_sword_move,"Greater Recruit","Продвинутый Рекрут",65,Mercenary,423,/skill4416_mercenary.webp
Monster,dusk_merc_pole_move,"Greater Recruit","Продвинутый Рекрут",65,Mercenary,423,/skill4416_mercenary.webp
Monster,dusk_merc_bow_move,"Greater Recruit","Продвинутый Рекрут",65,Mercenary,423,/skill4416_mercenary.webp
Monster,dusk_merc_cleric_move,"Greater Recruit","Продвинутый Рекрут",65,Mercenary,423,/skill4416_mercenary.webp
Monster,dusk_merc_wizard_move,"Greater Recruit","Продвинутый Рекрут",65,Mercenary,423,/skill4416_mercenary.webp
Monster,doom_servant_agit,"Doom Servant","Слуга Судьбы",65,Undead,423,/skill4290.webp
Monster,r36_invader_box_b,"Forbidden Path Invader Food","Сундук Захватчиков Запретного Пути",65,Others,,/skill4416_etc.webp
Monster,dusk_4_2_light_prv,"Offering of Dark Omen, Evoked Spirit","Призванный Дух Жертва Темного Знамения",66,Humanoid,7004,/skill4295.webp
Monster,dawn_4_2_light_prv,"Offering of Dark Omen, Evoked Spirit","Призванный Дух Жертва Темного Знамения",66,Humanoid,7004,/skill4295.webp
Monster,malruk_knight,"Malruk Knight","Рыцарь Малрук",66,Undead,24146,/skill4290.webp
Monster,tulben,"Tulben","Крылатый Кровопийца",66,Animal,8363,/skill4293.webp
Monster,erin_ediunce,"Erin Ediunce","Эйрин Эдэнс",66,Demonic,25609,/skill4298.webp
Monster,hallates_maiden,"Hallate's Maid","Служанка Халлета",66,Demonic,23832,/skill4298.webp
Monster,kel_mahum_warrior,"Kel Mahum Warrior","Псоглав Воин",66,Angel,9224,/skill4297.webp
Monster,nihil_invader,"Nihil Invader","Бесплотный Захватчик",66,Undead,7250,/skill4290.webp
Monster,bloody_priest,"Bloody Priest","Кровавый Жрец",66,Demonic,7827,/skill4298.webp
Monster,lilim_assassin,"Lilim Assassin","Ассасин Лилим",66,Demonic,27475,/skill4298.webp
Monster,nephilim_scout,"Nephilim Scout","Разведчик Нефилим",66,Angel,27475,/skill4297.webp
Monster,heretic_convict,"Heathen Executed ","Казненный Язычник",66,Undead,1846,/skill4290.webp
Monster,farm_marauder_3a,"Raider of Pastureland","Захватчик Пастбищ",66,Humanoid,9228,/skill4295.webp
Monster,farm_marauder_3b,"Raider of Pastureland","Захватчик Пастбищ",66,Humanoid,7754,/skill4295.webp
Monster,splinter_stakato,"Splinter Stakato","Стакато Одиночка",66,Humanoid,8771,/skill4295.webp
Monster,brilliant_mark,"Signet of Splendor","Флинд Печати",66,Angel,11197,/skill4297.webp
Monster,brilliant_crown,"Crown of Splendor","Коронованный Флинд",66,Angel,11385,/skill4297.webp
Monster,judge_of_fire,"Judge of Fire","Судья Огня",66,Angel,9427,/skill4297.webp
Monster,judge_of_light,"Judge of Light","Судья Света",66,Angel,10756,/skill4297.webp
Monster,reanimated_guard,"Resurrected Guard","Восставший Страж",66,Undead,11449,/skill4290.webp
Monster,reanimated_guard_a,"Resurrected Guard","Восставший Страж",66,Undead,10903,/skill4290.webp
Monster,bone_snatcher,"Bone Snatcher","Коллекционер Костей",66,Humanoid,10529,/skill4295.webp
Monster,bone_snatcher_a,"Bone Snatcher","Коллекционер Костей",66,Humanoid,10529,/skill4295.webp
Monster,bone_maker,"Bone Maker","Костодел",66,Humanoid,11515,/skill4295.webp
Monster,bone_shaper,"Bone Shaper","Костяной Творец",66,Humanoid,11515,/skill4295.webp
Monster,gludio_spear_guard_e,"Guard","Страж",66,Mercenary,436,/skill4416_mercenary.webp
Monster,gludio_sword_guard_e,"Guard","Страж",66,Mercenary,436,/skill4416_mercenary.webp
Monster,gludio_bow_guard_e,"Guard","Страж",66,Mercenary,436,/skill4416_mercenary.webp
Monster,gludio_spear_guard_de,"Guard","Страж",66,Mercenary,436,/skill4416_mercenary.webp
Monster,gludio_sword_guard_de,"Guard","Страж",66,Mercenary,436,/skill4416_mercenary.webp
Monster,gludio_bow_guard_de,"Guard","Страж",66,Mercenary,436,/skill4416_mercenary.webp
Monster,gludio_spear_guard_hu,"Guard","Страж",66,Mercenary,436,/skill4416_mercenary.webp
Monster,gludio_sword_guard_hu,"Guard","Страж",66,Mercenary,436,/skill4416_mercenary.webp
Monster,gludio_bow_guard_hu,"Guard","Страж",66,Mercenary,436,/skill4416_mercenary.webp
Monster,gludio_spear_guard_s_e,"Guard","Страж",66,Mercenary,436,/skill4416_mercenary.webp
Monster,gludio_sword_guard_s_e,"Guard","Страж",66,Mercenary,436,/skill4416_mercenary.webp
Monster,gludio_bow_guard_s_e,"Guard","Страж",66,Mercenary,436,/skill4416_mercenary.webp
Monster,gludio_spear_guard_s_de,"Guard","Страж",66,Mercenary,436,/skill4416_mercenary.webp
Monster,gludio_sword_guard_s_de,"Guard","Страж",66,Mercenary,436,/skill4416_mercenary.webp
Monster,gludio_bow_guard_s_de,"Guard","Страж",66,Mercenary,436,/skill4416_mercenary.webp
Monster,gludio_spear_guard_s_hu,"Guard","Страж",66,Mercenary,436,/skill4416_mercenary.webp
Monster,gludio_sword_guard_s_hu,"Guard","Страж",66,Mercenary,436,/skill4416_mercenary.webp
Monster,gludio_bow_guard_s_hu,"Guard","Страж",66,Mercenary,436,/skill4416_mercenary.webp
Monster,dion_spear_guard_e,"Guard","Страж",66,Mercenary,436,/skill4416_mercenary.webp
Monster,dion_sword_guard_e,"Guard","Страж",66,Mercenary,436,/skill4416_mercenary.webp
Monster,dion_bow_guard_e,"Guard","Страж",66,Mercenary,436,/skill4416_mercenary.webp
Monster,dion_spear_guard_de,"Guard","Страж",66,Mercenary,436,/skill4416_mercenary.webp
Monster,dion_sword_guard_de,"Guard","Страж",66,Mercenary,436,/skill4416_mercenary.webp
Monster,dion_bow_guard_de,"Guard","Страж",66,Mercenary,436,/skill4416_mercenary.webp
Monster,dion_spear_guard_hu,"Guard","Страж",66,Mercenary,436,/skill4416_mercenary.webp
Monster,dion_sword_guard_hu,"Guard","Страж",66,Mercenary,436,/skill4416_mercenary.webp
Monster,dion_bow_guard_hu,"Guard","Страж",66,Mercenary,436,/skill4416_mercenary.webp
Monster,dion_spear_guard_s_e,"Court Guard","Придворный Страж",66,Mercenary,436,/skill4416_mercenary.webp
Monster,dion_sword_guard_s_e,"Court Guard","Придворный Страж",66,Mercenary,436,/skill4416_mercenary.webp
Monster,dion_bow_guard_s_e,"Court Guard","Придворный Страж",66,Mercenary,436,/skill4416_mercenary.webp
Monster,dion_spear_guard_s_de,"Court Guard","Придворный Страж",66,Mercenary,436,/skill4416_mercenary.webp
Monster,dion_sword_guard_s_de,"Court Guard","Придворный Страж",66,Mercenary,436,/skill4416_mercenary.webp
Monster,dion_bow_guard_s_de,"Court Guard","Придворный Страж",66,Mercenary,436,/skill4416_mercenary.webp
Monster,dion_spear_guard_s_hu,"Court Guard","Придворный Страж",66,Mercenary,436,/skill4416_mercenary.webp
Monster,dion_sword_guard_s_hu,"Court Guard","Придворный Страж",66,Mercenary,436,/skill4416_mercenary.webp
Monster,dion_bow_guard_s_hu,"Court Guard","Придворный Страж",66,Mercenary,436,/skill4416_mercenary.webp
Monster,giran_spear_guard_e,"Guard","Страж",66,Mercenary,436,/skill4416_mercenary.webp
Monster,giran_sword_guard_e,"Guard","Страж",66,Mercenary,436,/skill4416_mercenary.webp
Monster,giran_bow_guard_e,"Guard","Страж",66,Mercenary,436,/skill4416_mercenary.webp
Monster,giran_spear_guard_de,"Guard","Страж",66,Mercenary,436,/skill4416_mercenary.webp
Monster,giran_sword_guard_de,"Guard","Страж",66,Mercenary,436,/skill4416_mercenary.webp
Monster,giran_bow_guard_de,"Guard","Страж",66,Mercenary,436,/skill4416_mercenary.webp
Monster,giran_spear_guard_hu,"Guard","Страж",66,Mercenary,436,/skill4416_mercenary.webp
Monster,giran_sword_guard_hu,"Guard","Страж",66,Mercenary,436,/skill4416_mercenary.webp
Monster,giran_bow_guard_hu,"Guard","Страж",66,Mercenary,436,/skill4416_mercenary.webp
Monster,giran_spear_guard_s_e,"Guard","Страж",66,Mercenary,436,/skill4416_mercenary.webp
Monster,giran_sword_guard_s_e,"Guard","Страж",66,Mercenary,436,/skill4416_mercenary.webp
Monster,giran_bow_guard_s_e,"Guard","Страж",66,Mercenary,436,/skill4416_mercenary.webp
Monster,giran_spear_guard_s_de,"Guard","Страж",66,Mercenary,436,/skill4416_mercenary.webp
Monster,giran_sword_guard_s_de,"Guard","Страж",66,Mercenary,436,/skill4416_mercenary.webp
Monster,giran_bow_guard_s_de,"Guard","Страж",66,Mercenary,436,/skill4416_mercenary.webp
Monster,giran_spear_guard_s_hu,"Guard","Страж",66,Mercenary,436,/skill4416_mercenary.webp
Monster,giran_sword_guard_s_hu,"Guard","Страж",66,Mercenary,436,/skill4416_mercenary.webp
Monster,giran_bow_guard_s_hu,"Guard","Страж",66,Mercenary,436,/skill4416_mercenary.webp
Monster,oren_spear_guard_e,"Guard","Страж",66,Mercenary,436,/skill4416_mercenary.webp
Monster,oren_sword_guard_e,"Guard","Страж",66,Mercenary,436,/skill4416_mercenary.webp
Monster,oren_bow_guard_e,"Guard","Страж",66,Mercenary,436,/skill4416_mercenary.webp
Monster,oren_spear_guard_de,"Guard","Страж",66,Mercenary,436,/skill4416_mercenary.webp
Monster,oren_sword_guard_de,"Guard","Страж",66,Mercenary,436,/skill4416_mercenary.webp
Monster,oren_bow_guard_de,"Guard","Страж",66,Mercenary,436,/skill4416_mercenary.webp
Monster,oren_spear_guard_hu,"Guard","Страж",66,Mercenary,436,/skill4416_mercenary.webp
Monster,oren_sword_guard_hu,"Guard","Страж",66,Mercenary,436,/skill4416_mercenary.webp
Monster,oren_bow_guard_hu,"Guard","Страж",66,Mercenary,436,/skill4416_mercenary.webp
Monster,oren_spear_guard_s_e,"Guard","Страж",66,Mercenary,436,/skill4416_mercenary.webp
Monster,oren_sword_guard_s_e,"Guard","Страж",66,Mercenary,436,/skill4416_mercenary.webp
Monster,oren_bow_guard_s_e,"Guard","Страж",66,Mercenary,436,/skill4416_mercenary.webp
Monster,oren_spear_guard_s_de,"Guard","Страж",66,Mercenary,436,/skill4416_mercenary.webp
Monster,oren_sword_guard_s_de,"Guard","Страж",66,Mercenary,436,/skill4416_mercenary.webp
Monster,oren_bow_guard_s_de,"Guard","Страж",66,Mercenary,436,/skill4416_mercenary.webp
Monster,oren_spear_guard_s_hu,"Guard","Страж",66,Mercenary,436,/skill4416_mercenary.webp
Monster,oren_sword_guard_s_hu,"Guard","Страж",66,Mercenary,436,/skill4416_mercenary.webp
Monster,oren_bow_guard_s_hu,"Guard","Страж",66,Mercenary,436,/skill4416_mercenary.webp
Monster,innadrile_spear_guard_e,"Guard","Страж",66,Mercenary,436,/skill4416_mercenary.webp
Monster,innadrile_sword_guard_e,"Guard","Страж",66,Mercenary,436,/skill4416_mercenary.webp
Monster,innadrile_bow_guard_e,"Guard","Страж",66,Mercenary,436,/skill4416_mercenary.webp
Monster,innadrile_spear_guard_de,"Guard","Страж",66,Mercenary,436,/skill4416_mercenary.webp
Monster,innadrile_sword_guard_de,"Guard","Страж",66,Mercenary,436,/skill4416_mercenary.webp
Monster,innadrile_bow_guard_de,"Guard","Страж",66,Mercenary,436,/skill4416_mercenary.webp
Monster,innadrile_spear_guard_hu,"Guard","Страж",66,Mercenary,436,/skill4416_mercenary.webp
Monster,innadrile_sword_guard_hu,"Guard","Страж",66,Mercenary,436,/skill4416_mercenary.webp
Monster,innadrile_bow_guard_hu,"Guard","Страж",66,Mercenary,436,/skill4416_mercenary.webp
Monster,innadrile_sp_guard_s_e,"Guard","Страж",66,Mercenary,436,/skill4416_mercenary.webp
Monster,innadrile_sw_guard_s_e,"Guard","Страж",66,Mercenary,436,/skill4416_mercenary.webp
Monster,innadrile_bow_guard_s_e,"Guard","Страж",66,Mercenary,436,/skill4416_mercenary.webp
Monster,innadrile_sp_guard_s_de,"Guard","Страж",66,Mercenary,436,/skill4416_mercenary.webp
Monster,innadrile_sw_guard_s_de,"Guard","Страж",66,Mercenary,436,/skill4416_mercenary.webp
Monster,innadrile_bow_guard_s_de,"Guard","Страж",66,Mercenary,436,/skill4416_mercenary.webp
Monster,innadrile_sp_guard_s_hu,"Guard","Страж",66,Mercenary,436,/skill4416_mercenary.webp
Monster,innadrile_sw_guard_s_hu,"Guard","Страж",66,Mercenary,436,/skill4416_mercenary.webp
Monster,innadrile_bow_guard_s_hu,"Guard","Страж",66,Mercenary,436,/skill4416_mercenary.webp
Monster,godad_spear_guard_dw,"Bodyguard","Телохранитель",66,Mercenary,436,/skill4416_mercenary.webp
Monster,godad_sword_guard_dw,"Bodyguard","Телохранитель",66,Mercenary,436,/skill4416_mercenary.webp
Monster,godad_bow_guard_e,"Bodyguard","Телохранитель",66,Mercenary,436,/skill4416_mercenary.webp
Monster,godad_spear_guard_de,"Bodyguard","Телохранитель",66,Mercenary,436,/skill4416_mercenary.webp
Monster,godad_sword_guard_de,"Bodyguard","Телохранитель",66,Mercenary,436,/skill4416_mercenary.webp
Monster,godad_bow_guard_de,"Bodyguard","Телохранитель",66,Mercenary,436,/skill4416_mercenary.webp
Monster,godad_spear_guard_or,"Bodyguard","Телохранитель",66,Mercenary,436,/skill4416_mercenary.webp
Monster,godad_sword_guard_or,"Bodyguard","Телохранитель",66,Mercenary,436,/skill4416_mercenary.webp
Monster,godad_bow_guard_hu,"Bodyguard","Телохранитель",66,Mercenary,436,/skill4416_mercenary.webp
Monster,godad_sp_guard_s_dw,"Bodyguard","Телохранитель",66,Mercenary,436,/skill4416_mercenary.webp
Monster,godad_sw_guard_s_dw,"Bodyguard","Телохранитель",66,Mercenary,436,/skill4416_mercenary.webp
Monster,godad_bow_guard_s_e,"Bodyguard","Телохранитель",66,Mercenary,436,/skill4416_mercenary.webp
Monster,godad_sp_guard_s_de,"Bodyguard","Телохранитель",66,Mercenary,436,/skill4416_mercenary.webp
Monster,godad_sw_guard_s_de,"Bodyguard","Телохранитель",66,Mercenary,436,/skill4416_mercenary.webp
Monster,godad_bow_guard_s_de,"Bodyguard","Телохранитель",66,Mercenary,436,/skill4416_mercenary.webp
Monster,godad_sp_guard_s_or,"Bodyguard","Телохранитель",66,Mercenary,436,/skill4416_mercenary.webp
Monster,godad_sw_guard_s_or,"Bodyguard","Телохранитель",66,Mercenary,436,/skill4416_mercenary.webp
Monster,godad_bow_guard_s_hu,"Bodyguard","Телохранитель",66,Mercenary,436,/skill4416_mercenary.webp
Monster,doom_guard_agit,"Doom Guard","Страж Судьбы",66,Undead,436,/skill4290.webp
Monster,schutt_spear_guard_dw,"Guard","Страж",66,Mercenary,,/skill4416_mercenary.webp
Monster,schutt_sword_guard_dw,"Guard","Страж",66,Mercenary,,/skill4416_mercenary.webp
Monster,schutt_bow_guard_e,"Guard","Страж",66,Mercenary,,/skill4416_mercenary.webp
Monster,schutt_spear_guard_de,"Guard","Страж",66,Mercenary,,/skill4416_mercenary.webp
Monster,schutt_sword_guard_de,"Guard","Страж",66,Mercenary,,/skill4416_mercenary.webp
Monster,schutt_bow_guard_de,"Guard","Страж",66,Mercenary,,/skill4416_mercenary.webp
Monster,schutt_spear_guard_or,"Guard","Страж",66,Mercenary,,/skill4416_mercenary.webp
Monster,schutt_sword_guard_or,"Guard","Страж",66,Mercenary,,/skill4416_mercenary.webp
Monster,schutt_bow_guard_hu,"Guard","Страж",66,Mercenary,,/skill4416_mercenary.webp
Monster,schutt_sp_guard_s_dw,"Guard","Страж",66,Mercenary,,/skill4416_mercenary.webp
Monster,schutt_sw_guard_s_dw,"Guard","Страж",66,Mercenary,,/skill4416_mercenary.webp
Monster,schutt_bow_guard_s_e,"Guard","Страж",66,Mercenary,,/skill4416_mercenary.webp
Monster,schutt_sp_guard_s_de,"Guard","Страж",66,Mercenary,,/skill4416_mercenary.webp
Monster,schutt_sw_guard_s_de,"Guard","Страж",66,Mercenary,,/skill4416_mercenary.webp
Monster,schutt_bow_guard_s_de,"Guard","Страж",66,Mercenary,,/skill4416_mercenary.webp
Monster,schutt_sp_guard_s_or,"Guard","Страж",66,Mercenary,,/skill4416_mercenary.webp
Monster,schutt_sw_guard_s_or,"Guard","Страж",66,Mercenary,,/skill4416_mercenary.webp
Monster,schutt_bow_guard_s_hu,"Guard","Страж",66,Mercenary,,/skill4416_mercenary.webp
Monster,treasure_box_66,"Treasure Chest","Сундук с Сокровищами",66,Others,,/skill4416_etc.webp
Monster,mimic_66,"Treasure Chest","Сундук с Сокровищами",66,Others,5227,/skill4416_etc.webp
Monster,tamed_buffalo_war,"Trained Buffalo","Прирученный Буйвол",67,Beast,,/skill4292.webp
Monster,tamed_buffalo_wiz,"Trained Buffalo","Прирученный Буйвол",67,Beast,,/skill4292.webp
Monster,mon_tiny_buffalo,"Tiny Baby Buffalo","Крошечный Детеныш Буйвола",67,Beast,2146,/skill4292.webp
Monster,tnpc_tiny_buffalo,"Tame Tiny Baby Buffalo","Ручной Крошечный Детеныш Буйвола",67,Beast,2146,/skill4292.webp
Monster,dusk_4_1_corner_leader,"Dark Omen Offering Elder","Старшая Жертва Темного Знамения",67,Humanoid,6680,/skill4295.webp
Monster,dusk_4_2_light_trp_2,"Dark Omen Offering Zealot","Зилот Жертва Темного Знамения",67,Humanoid,6410,/skill4295.webp
Monster,dusk_4_4_last_trp_1,"Dark Omen Offering Disciple","Ученик Жертва Темного Знамения",67,Humanoid,6410,/skill4295.webp
Monster,dawn_4_1_corner_leader,"Dark Omen Offering Elder","Старшая Жертва Темного Знамения",67,Humanoid,6680,/skill4295.webp
Monster,dawn_4_2_light_trp_2,"Dark Omen Offering Zealot","Зилот Жертва Темного Знамения",67,Humanoid,6410,/skill4295.webp
Monster,dawn_4_4_last_trp_1,"Dark Omen Offering Disciple","Ученик Жертва Темного Знамения",67,Humanoid,6410,/skill4295.webp
Monster,malruk_berserker,"Malruk Berserker","Берсерк Малрук",67,Undead,34656,/skill4290.webp
Monster,platinum_tribe_grunt,"Platinum Tribe Soldier","Солдат Платинового Клана",67,Angel,27669,/skill4297.webp
Monster,hallates_commander,"Hallate's Commander","Командир Халлета",67,Undead,24884,/skill4290.webp
Monster,kel_mahum_archer,"Kel Mahum Archer","Псоглав Стрелок",67,Angel,10680,/skill4297.webp
Monster,muls_wizard,"Mul's Wizard","Чародей Молоха",67,Demonic,18154,/skill4298.webp
Monster,muls_knight,"Mul's Knight","Рыцарь Молоха",67,Demonic,16025,/skill4298.webp
Monster,glow_wisp,"Glow Wisp","Пучок Света",67,Construct,7835,/skill4291.webp
Monster,hell_keeper_crimson_doll,"Hell Keeper Crimson Doll","Багровая Кукла Хранитель Ада",67,Undead,20533,/skill4290.webp
Monster,sepulcher_sage,"Sepulcher Sage","Погребенный Мудрец",67,Undead,21777,/skill4290.webp
Monster,tomb_sage,"Tomb Sage","Мудрец Гробницы",67,Undead,21777,/skill4290.webp
Monster,kukaburo,"Kookaburra","Кукабарра",67,Beast,8972,/skill4292.webp
Monster,kukaburo_a,"Kookaburra","Кукабарра",67,Beast,9030,/skill4292.webp
Monster,kukaburo_b,"Kookaburra","Кукабарра",67,Beast,8921,/skill4292.webp
Monster,kukaburo_c,"Kookaburra","Kookaburra",67,Animal,2938,/skill4293.webp
Monster,heretic_archer,"Heathen Archer","Стрелок Язычник",67,Undead,2021,/skill4290.webp
Monster,alpine_buffalo_1,"Alpen Buffalo","Горный Буйвол",67,Beast,3526,/skill4292.webp
Monster,alpine_buffalo_2_war_a1,"Alpen Buffalo","Горный Буйвол",67,Beast,9323,/skill4292.webp
Monster,alpine_buffalo_2_wiz_a1,"Alpen Buffalo","Горный Буйвол",67,Beast,7835,/skill4292.webp
Monster,alpine_buffalo_2_war_a2,"Alpen Buffalo","Горный Буйвол",67,Beast,9323,/skill4292.webp
Monster,alpine_buffalo_2_wiz_a2,"Alpen Buffalo","Горный Буйвол",67,Beast,7835,/skill4292.webp
Monster,alpine_buffalo_2_war_i1,"Alpen Buffalo","Горный Буйвол",67,Beast,9323,/skill4292.webp
Monster,alpine_buffalo_2_wiz_i1,"Alpen Buffalo","Горный Буйвол",67,Beast,7835,/skill4292.webp
Monster,alpine_buffalo_2_war_i2,"Alpen Buffalo","Горный Буйвол",67,Beast,9323,/skill4292.webp
Monster,alpine_buffalo_2_wiz_i2,"Alpen Buffalo","Горный Буйвол",67,Beast,7835,/skill4292.webp
Monster,alpine_buffalo_3_war_a1,"Alpen Buffalo","Горный Буйвол",67,Beast,19535,/skill4292.webp
Monster,alpine_buffalo_3_wiz_a1,"Alpen Buffalo","Горный Буйвол",67,Beast,20306,/skill4292.webp
Monster,alpine_buffalo_3_war_a2,"Alpen Buffalo","Горный Буйвол",67,Beast,19535,/skill4292.webp
Monster,alpine_buffalo_3_wiz_a2,"Alpen Buffalo","Горный Буйвол",67,Beast,18788,/skill4292.webp
Monster,alpine_buffalo_3_war_i1,"Alpen Buffalo","Горный Буйвол",67,Beast,19535,/skill4292.webp
Monster,alpine_buffalo_3_wiz_i1,"Alpen Buffalo","Горный Буйвол",67,Beast,20306,/skill4292.webp
Monster,alpine_buffalo_3_war_i2,"Alpen Buffalo","Горный Буйвол",67,Beast,19535,/skill4292.webp
Monster,alpine_buffalo_3_wiz_i2,"Alpen Buffalo","Горный Буйвол",67,Beast,18788,/skill4292.webp
Monster,alpine_buffalo_4_war_a1,"Alpen Buffalo","Горный Буйвол",67,Beast,32934,/skill4292.webp
Monster,alpine_buffalo_4_wiz_a1,"Alpen Buffalo","Горный Буйвол",67,Beast,31415,/skill4292.webp
Monster,splinter_stakato_worker,"Splinter Stakato Walker","Стакато Одиночка Рабочий",67,Humanoid,8134,/skill4295.webp
Monster,brilliant_fang,"Fang of Splendor","Клыкастый Флинд",67,Angel,10686,/skill4297.webp
Monster,brilliant_fang_1,"Fang of Splendor","Клыкастый Флинд",67,Animal,13091,/skill4293.webp
Monster,brilliant_anguish,"Wailing of Splendor","Ревущий Флинд",67,Angel,11622,/skill4297.webp
Monster,brilliant_anguish_1,"Wailing of Splendor","Ревущий Флинд",67,Angel,11622,/skill4297.webp
Monster,brilliant_justice,"Judge of Splendor","Флинд Судья",67,Angel,13598,/skill4297.webp
Monster,sacrificed_one,"Sacrificed Man","Жертва",67,Undead,9669,/skill4290.webp
Monster,beheaded,"Guillotine's Ghost","Призрак Гильотины",67,Construct,10013,/skill4291.webp
Monster,bone_collector,"Bone Collector","Призрак Гильотины",67,Humanoid,11634,/skill4295.webp
Monster,skull_collector,"Skull Collector","Собиратель Черепов",67,Humanoid,11068,/skill4295.webp
Monster,requiem_behemoth_1,"Requiem Behemoth","Чудовище Реквиема",67,Undead,9919,/skill4290.webp
Monster,requiem_behemoth_2,"Requiem Behemoth","Чудовище Реквиема",67,Undead,11015,/skill4290.webp
Monster,alpine_buffalo_4_war_i1,"Alpen Buffalo","Горный Буйвол",67,Beast,32934,/skill4292.webp
Monster,alpine_buffalo_4_wiz_i1,"Alpen Buffalo","Горный Буйвол",67,Beast,31415,/skill4292.webp
Monster,dietrich,"Dietrich","Дейтрич",67,Undead,449,/skill4290.webp
Monster,mikhail,"Mikhail","Микаэль",67,Undead,449,/skill4290.webp
Monster,doom_archer_agit,"Doom Archer","Стрелок Судьбы",67,Undead,449,/skill4290.webp
Monster,malruk_lord_a,"Maruk Lord","Лорд Марук",68,Undead,6057,/skill4290.webp
Monster,dusk_4_5_mid_bomb,"Flame of Dark Omen","Пламя Темного Знамения",68,Construct,18473,/skill4291.webp
Monster,dawn_4_5_mid_bomb,"Flame of Dark Omen","Пламя Темного Знамения",68,Construct,18473,/skill4291.webp
Monster,malruk_lord,"Malruk Lord","Повелитель Малрук",68,Undead,29789,/skill4290.webp
Monster,pytan_knight,"Pytan Knight","Рыцарь Питан",68,Undead,16852,/skill4290.webp
Monster,hallates_inspector,"Hallate's Inspector","Инспектор Халлета",68,Demonic,25991,/skill4298.webp
Monster,platinum_tribe_archer,"Platinum Tribe Archer","Стрелок Платинового Клана",68,Angel,27541,/skill4297.webp
Monster,kel_mahum_shaman,"Kel Mahum Shaman","Псоглав Шаман",68,Angel,7669,/skill4297.webp
Monster,blade_death,"Death Agent","Агент Смерти",68,Undead,5411,/skill4290.webp
Monster,bloody_lord,"Bloody Lord","Кровавый Повелитель",68,Demonic,5630,/skill4298.webp
Monster,hallates_follower_mul,"Hallate's Follower Mul","Последователь Халлета Молох",68,Demonic,18255,/skill4298.webp
Monster,hames_orc_scout,"Hames Orc Scout","Разведчик Орков Хамес",68,Humanoid,9699,/skill4295.webp
Monster,pugatory_gargoyle,"Purgatory Gargoyle","Горгулья Чистилища",68,Construct,21151,/skill4291.webp
Monster,antelope,"Antelope","Антилопа",68,Animal,9242,/skill4293.webp
Monster,antelope_a,"Antelope","Антилопа",68,Animal,9189,/skill4293.webp
Monster,antelope_b,"Antelope","Антилопа",68,Animal,9302,/skill4293.webp
Monster,antelope_c,"Antelope","Antelope",68,Animal,3026,/skill4293.webp
Monster,valley_antelope,"Canyon Antelope ","Антилопа Каньона",68,Animal,16544,/skill4293.webp
Monster,heretic_solider,"Heathen Grunt","Воитель Язычник",68,Undead,1959,/skill4290.webp
Monster,farm_marauder_4,"Raider of Pastureland","Захватчик Пастбищ",68,Humanoid,10128,/skill4295.webp
Monster,alpine_grendel,"Alpen Grendel","Горный Грендель",68,Animal,9796,/skill4293.webp
Monster,splinter_stakato_soldier,"Splinter Stakato Soldier","Стакато Одиночка Солдат",68,Humanoid,9561,/skill4295.webp
Monster,frenzy_stakato_soldier,"Frenzy Stakato Soldier","Солдат Бешеных Стакато",68,Humanoid,9228,/skill4295.webp
Monster,bone_animator,"Bone Animator","Аниматор Костей",68,Humanoid,11177,/skill4295.webp
Monster,skull_animator,"Skull Animator","Аниматор Черепов",68,Humanoid,12224,/skill4295.webp
Monster,bone_slayer,"Bone Slayer","Костяной Убийца",68,Humanoid,14611,/skill4295.webp
Monster,devil_bat,"Devil Bat","Дьявольская Летучая Мышь",68,Animal,12528,/skill4293.webp
Monster,devil_bat_a,"Devil Bat","Дьявольская Летучая Мышь",68,Animal,9730,/skill4293.webp
Monster,requiem_lord,"Requiem Lord","Повелитель Реквиема",68,Humanoid,14446,/skill4295.webp
Monster,gludio_wizard,"Court Sorcerer","Придворная Волшебница",68,Mercenary,462,/skill4416_mercenary.webp
Monster,gludio_cleric,"Court Sorcerer","Придворная Волшебница",68,Mercenary,462,/skill4416_mercenary.webp
Monster,gludio_court_guard,"Court Guard","Придворный Страж",68,Mercenary,462,/skill4416_mercenary.webp
Monster,gludio_wizard_s,"Court Sorcerer","Придворная Волшебница",68,Mercenary,462,/skill4416_mercenary.webp
Monster,gludio_cleric_s,"Court Sorcerer","Придворная Волшебница",68,Mercenary,462,/skill4416_mercenary.webp
Monster,gludio_court_guard_s,"Court Guard","Придворный Страж",68,Mercenary,462,/skill4416_mercenary.webp
Monster,dion_wizard,"Court Sorcerer","Придворная Волшебница",68,Mercenary,462,/skill4416_mercenary.webp
Monster,dion_cleric,"Court Sorcerer","Придворная Волшебница",68,Mercenary,462,/skill4416_mercenary.webp
Monster,dion_court_guard,"Court Guard","Придворный Страж",68,Mercenary,462,/skill4416_mercenary.webp
Monster,dion_wizard_s,"Court Sorcerer","Придворная Волшебница",68,Mercenary,462,/skill4416_mercenary.webp
Monster,dion_cleric_s,"Court Sorcerer","Придворная Волшебница",68,Mercenary,462,/skill4416_mercenary.webp
Monster,dion_court_guard_s,"Court Guard","Придворный Страж",68,Mercenary,462,/skill4416_mercenary.webp
Monster,giran_wizard,"Court Sorcerer","Придворная Волшебница",68,Mercenary,462,/skill4416_mercenary.webp
Monster,giran_cleric,"Court Sorcerer","Придворная Волшебница",68,Mercenary,462,/skill4416_mercenary.webp
Monster,giran_court_guard,"Court Guard","Придворный Страж",68,Mercenary,462,/skill4416_mercenary.webp
Monster,giran_wizard_s,"Court Sorcerer","Придворная Волшебница",68,Mercenary,462,/skill4416_mercenary.webp
Monster,giran_cleric_s,"Court Sorcerer","Придворная Волшебница",68,Mercenary,462,/skill4416_mercenary.webp
Monster,giran_court_guard_s,"Court Guard","Придворный Страж",68,Mercenary,462,/skill4416_mercenary.webp
Monster,oren_wizard,"Court Sorcerer","Придворная Волшебница",68,Mercenary,462,/skill4416_mercenary.webp
Monster,oren_cleric,"Court Sorcerer","Придворная Волшебница",68,Mercenary,462,/skill4416_mercenary.webp
Monster,oren_court_guard,"Court Guard","Придворный Страж",68,Mercenary,462,/skill4416_mercenary.webp
Monster,oren_wizard_s,"Court Sorcerer","Придворная Волшебница",68,Mercenary,462,/skill4416_mercenary.webp
Monster,oren_cleric_s,"Court Sorcerer","Придворная Волшебница",68,Mercenary,462,/skill4416_mercenary.webp
Monster,oren_court_guard_s,"Court Guard","Придворный Страж",68,Mercenary,462,/skill4416_mercenary.webp
Monster,innadrile_wizard,"Court Sorcerer","Придворная Волшебница",68,Mercenary,462,/skill4416_mercenary.webp
Monster,innadrile_cleric,"Court Sorcerer","Придворная Волшебница",68,Mercenary,462,/skill4416_mercenary.webp
Monster,innadrile_court_guard,"Court Guard","Придворный Страж",68,Mercenary,462,/skill4416_mercenary.webp
Monster,innadrile_wizard_s,"Court Sorcerer","Придворная Волшебница",68,Mercenary,462,/skill4416_mercenary.webp
Monster,innadrile_cleric_s,"Court Sorcerer","Придворная Волшебница",68,Mercenary,462,/skill4416_mercenary.webp
Monster,innadrile_court_guard_s,"Court Guard","Придворный Страж",68,Mercenary,462,/skill4416_mercenary.webp
Monster,godad_wizard,"Court Sorcerer","Придворная Волшебница",68,Mercenary,462,/skill4416_mercenary.webp
Monster,godad_cleric,"Court Sorcerer","Придворная Волшебница",68,Mercenary,462,/skill4416_mercenary.webp
Monster,godad_court_guard,"Guard","Страж",68,Mercenary,462,/skill4416_mercenary.webp
Monster,godad_wizard_s,"Court Sorcerer","Придворная Волшебница",68,Mercenary,462,/skill4416_mercenary.webp
Monster,godad_cleric_s,"Court Sorcerer","Придворная Волшебница",68,Mercenary,462,/skill4416_mercenary.webp
Monster,godad_court_guard_s,"Guard","Страж",68,Mercenary,462,/skill4416_mercenary.webp
Monster,doom_trooper_agit,"Doom Trooper ","Солдат Судьбы",68,Undead,462,/skill4290.webp
Monster,schutt_wizard,"Court Sorcerer","Придворная Волшебница",68,Mercenary,,/skill4416_mercenary.webp
Monster,schutt_cleric,"Court Sorcerer","Придворная Волшебница",68,Mercenary,,/skill4416_mercenary.webp
Monster,schutt_court_guard,"Court Guard","Придворный Страж",68,Mercenary,,/skill4416_mercenary.webp
Monster,schutt_wizard_s,"Court Sorcerer","Придворная Волшебница",68,Mercenary,,/skill4416_mercenary.webp
Monster,schutt_cleric_s,"Court Sorcerer","Придворная Волшебница",68,Mercenary,,/skill4416_mercenary.webp
Monster,schutt_court_guard_s,"Court Guard","Придворный Страж",68,Mercenary,,/skill4416_mercenary.webp
Monster,vampire_servant_agit,"Vampire Adept","Адепт Вампиров",68,Demonic,,/skill4298.webp
Monster,tamed_cougar_war,"Trained Cougar","Прирученный Кугуар",69,Beast,,/skill4292.webp
Monster,tamed_cougar_wiz,"Trained Cougar","Прирученный Кугуар",69,Beast,,/skill4292.webp
Monster,mon_tiny_cougar,"Tiny Baby Cougar","Крошечный Детеныш Кугуара",69,Beast,2276,/skill4292.webp
Monster,tnpc_tiny_cougar,"Tame Tiny Baby Cougar","Ручной Крошечный Детеныш Кугуара",69,Beast,2276,/skill4292.webp
Monster,limal_karinness_a,"Limal Karinness","Лимал Каринесс",69,Demonic,5951,/skill4298.webp
Monster,limal_karinness,"Limal Karinness","Лимал Каринесс",69,Demonic,32098,/skill4298.webp
Monster,pytan,"Pytan","Питан",69,Demonic,23881,/skill4298.webp
Monster,platinum_tribe_warrior,"Platinum Tribe Warrior","Воин Платинового Клана",69,Angel,28758,/skill4297.webp
Monster,hallates_guardian,"Hallate's Guardian","Стражник Халлета",69,Demonic,30701,/skill4298.webp
Monster,valac_creator,"Valac's Creature","Тварь Валака",69,Beast,18497,/skill4292.webp
Monster,valac_guard,"Valac's Guardian Spirit","Дух Защитник Валака",69,Demonic,17096,/skill4298.webp
Monster,marsh_predator,"Marsh Predator","Болотный Хищник",69,Bug,8268,/skill4301.webp
Monster,lilim_adviser,"Lilim Soldier","Солдат Лилим",69,Demonic,22868,/skill4298.webp
Monster,nephilim_highpriest,"Nephilim Archbishop","Архиепископ Нефилим",69,Angel,24833,/skill4297.webp
Monster,bandersnatch,"Bandersnatch","Драколов",69,Beast,9516,/skill4292.webp
Monster,bandersnatch_a,"Bandersnatch","Драколов",69,Beast,9578,/skill4292.webp
Monster,bandersnatch_b,"Bandersnatch","Драколов",69,Beast,9461,/skill4292.webp
Monster,bandersnatch_c,"Bandersnatch","Bandersnatch",69,Animal,3178,/skill4293.webp
Monster,antelope_slave,"Canyon Antelope Slave","Порабощенная Антилопа Каньона",69,Animal,17547,/skill4293.webp
Monster,heretic_knight,"Heathen Knight","Рыцарь Язычник",69,Undead,2017,/skill4290.webp
Monster,alpine_cougar_1,"Alpen Cougar","Горный Кугуар",69,Beast,3739,/skill4292.webp
Monster,alpine_cougar_2_war_a1,"Alpen Cougar","Горный Кугуар",69,Beast,9888,/skill4292.webp
Monster,alpine_cougar_2_wiz_a1,"Alpen Cougar","Горный Кугуар",69,Beast,8309,/skill4292.webp
Monster,alpine_cougar_2_war_a2,"Alpen Cougar","Горный Кугуар",69,Beast,9888,/skill4292.webp
Monster,alpine_cougar_2_wiz_a2,"Alpen Cougar","Горный Кугуар",69,Beast,8309,/skill4292.webp
Monster,alpine_cougar_2_war_i1,"Alpen Cougar","Горный Кугуар",69,Beast,9888,/skill4292.webp
Monster,alpine_cougar_2_wiz_i1,"Alpen Cougar","Горный Кугуар",69,Beast,8309,/skill4292.webp
Monster,alpine_cougar_2_war_i2,"Alpen Cougar","Горный Кугуар",69,Beast,9888,/skill4292.webp
Monster,alpine_cougar_2_wiz_i2,"Alpen Cougar","Горный Кугуар",69,Beast,8309,/skill4292.webp
Monster,alpine_cougar_3_war_a1,"Alpen Cougar","Горный Кугуар",69,Beast,20719,/skill4292.webp
Monster,alpine_cougar_3_wiz_a1,"Alpen Cougar","Горный Кугуар",69,Beast,21536,/skill4292.webp
Monster,alpine_cougar_3_war_a2,"Alpen Cougar","Горный Кугуар",69,Beast,20719,/skill4292.webp
Monster,alpine_cougar_3_wiz_a2,"Alpen Cougar","Горный Кугуар",69,Beast,19926,/skill4292.webp
Monster,alpine_cougar_3_war_i1,"Alpen Cougar","Горный Кугуар",69,Beast,20719,/skill4292.webp
Monster,alpine_cougar_3_wiz_i1,"Alpen Cougar","Горный Кугуар",69,Beast,21536,/skill4292.webp
Monster,alpine_cougar_3_war_i2,"Alpen Cougar","Горный Кугуар",69,Beast,20719,/skill4292.webp
Monster,alpine_cougar_3_wiz_i2,"Alpen Cougar","Горный Кугуар",69,Beast,19926,/skill4292.webp
Monster,alpine_cougar_4_war_a1,"Alpen Cougar","Горный Кугуар",69,Beast,34929,/skill4292.webp
Monster,alpine_cougar_4_wiz_a1,"Alpen Cougar","Горный Кугуар",69,Beast,33319,/skill4292.webp
Monster,splinter_stakato_drone,"Splinter Stakato Drone","Стакато Одиночка Трутень",69,Humanoid,10158,/skill4295.webp
Monster,restless_rebel,"Ghost of Betrayer","Призрак Предателя",69,Undead,9069,/skill4290.webp
Monster,restless_rebel_soldier,"Ghost of Rebellion Soldier","Призрак Повстанца",69,Undead,12862,/skill4290.webp
Monster,bone_sweeper,"Bone Sweeper","Костяной Чистильщик",69,Humanoid,12339,/skill4295.webp
Monster,atrox,"Atrox","Отродье",69,Bug,13747,/skill4301.webp
Monster,alpine_cougar_4_war_i1,"Alpen Cougar","Горный Кугуар",69,Beast,34929,/skill4292.webp
Monster,alpine_cougar_4_wiz_i1,"Alpen Cougar","Горный Кугуар",69,Beast,33319,/skill4292.webp
Monster,doom_warrior_agit,"Doom Warrior","Воин Судьбы",69,Undead,476,/skill4290.webp
Monster,vampire_guard_agit,"Vampire Soldier","Солдат Вампиров",69,Demonic,,/skill4298.webp
Monster,treasure_box_69,"Treasure Chest","Сундук с Сокровищами",69,Others,,/skill4416_etc.webp
Monster,mimic_69,"Treasure Chest","Сундук с Сокровищами",69,Others,5713,/skill4416_etc.webp
Monster,karik_a,"Karik","Карик",70,Demonic,6370,/skill4298.webp
Monster,dusk_4_2_heavy_trp_2,"Dark Omen Offering Berserker","Берсерк Жертва Темного Знамения",70,Humanoid,8150,/skill4295.webp
Monster,dawn_4_2_heavy_trp_2,"Dark Omen Offering Berserker","Берсерк Жертва Темного Знамения",70,Humanoid,8150,/skill4295.webp
Monster,fishing_blocker_7,"Caught Flava","Пойманный Цветок",70,Plant,8439,/skill4294.webp
Monster,karik,"Karik","Карик",70,Demonic,39507,/skill4298.webp
Monster,congerer,"Conjurer Bat ","Зачарованная Летучая Мышь",70,Animal,13368,/skill4293.webp
Monster,platinum_tribe_shaman,"Platinum Tribe Shaman","Шаман Платинового Клана",70,Angel,35291,/skill4297.webp
Monster,kel_mahum_champion,"Kel Mahum Champion","Псоглав Чемпион",70,Angel,9780,/skill4297.webp
Monster,dark_guard,"Dark Guard","Темный Страж",70,Undead,8318,/skill4290.webp
Monster,messenger_angel,"Messenger Angel","Ангел Вестник",70,Angel,,/skill4297.webp
Monster,messenger_angel_r,"Messenger Angel","Ангел Вестник",70,Angel,62784,/skill4297.webp
Monster,magus_valac,"Magus Valac","Валак",70,Demonic,20355,/skill4298.webp
Monster,lava_wyrm,"Lava Wyrm","Лавовый Змей",70,Dragon,8637,/skill4299.webp
Monster,mausoleum_highguard,"Sepulcher Guard ","Погребенный Страж",70,Undead,20845,/skill4290.webp
Monster,crypt_highguard,"Crypt Guard ","Страж Склепа",70,Undead,20845,/skill4290.webp
Monster,buffalo,"Buffalo","Буйвол",70,Beast,9794,/skill4292.webp
Monster,buffalo_a,"Buffalo","Буйвол",70,Beast,9737,/skill4292.webp
Monster,buffalo_b,"Buffalo","Буйвол",70,Beast,9857,/skill4292.webp
Monster,buffalo_c,"Buffalo","Buffalo",70,Animal,3207,/skill4293.webp
Monster,valley_bandersnatch,"Canyon Bandersnatch ","Драколов Каньона",70,Beast,26081,/skill4292.webp
Monster,splinter_stakato_drone_a,"Splinter Stakato Drone","Стакато Одиночка Трутень",70,Humanoid,9379,/skill4295.webp
Monster,needle_stakato,"Needle Stakato","Игольчатый Стакато",70,Humanoid,9867,/skill4295.webp
Monster,bone_grinder,"Bone Grinder","Дробитель Костей",70,Humanoid,15483,/skill4295.webp
Monster,bone_grinder_a,"Bone Grinder","Дробитель Костей",70,Humanoid,8723,/skill4295.webp
Monster,guillotine_spirit,"Ghost of Guillotine ","Призрак Гильотины",70,Construct,11220,/skill4291.webp
Monster,guillotine_spirit_a,"Ghost of Guillotine ","Призрак Гильотины",70,Construct,9835,/skill4291.webp
Monster,requiem_behemoth_3,"Requiem Behemoth","Чудовище Реквиема",70,Undead,10827,/skill4290.webp
Monster,requiem_behemoth_4,"Requiem Behemoth","Чудовище Реквиема",70,Undead,12879,/skill4290.webp
Monster,r40_invader_soldier_a,"Dark Omen Invader Soldier","Солдат Захватчиков Темного Знамения",70,Undead,23802,/skill4290.webp
Monster,r41_invader_priest,"Dark Omen Invader Priest","Жрец Захватчиков Темного Знамения",70,Undead,16457,/skill4290.webp
Monster,r42_invader_martyr,"Dark Omen Invader Martyrs","Мученик Захватчиков Темного Знамения",70,Undead,16629,/skill4290.webp
Monster,r43_invader_soldier_c,"Dark Omen Invader Soldier","Солдат Захватчиков Темного Знамения",70,Undead,17506,/skill4290.webp
Monster,r45_invader_elite_e,"Dark Omen Invader Elite Soldier","Элитный Солдат Захватчиков Темного Знамения",70,Undead,4233,/skill4290.webp
Monster,r46_invader_elite_f,"Dark Omen Invader Elite Soldier","Элитный Солдат Захватчиков Темного Знамения",70,Undead,38046,/skill4290.webp
Monster,r47_invader_elite_h,"Dark Omen Invader Elite Soldier","Элитный Солдат Захватчиков Темного Знамения",70,Undead,37509,/skill4290.webp
Monster,radiant_constrainer,"Restrainer of Glory","Защитник Славы",70,Angel,,/skill4297.webp
Monster,el_lord_chamber_ghost,"Ghost Chamberlain of Elmoreden","Призрак Казначея Эльморедена",70,Human,,/skill4416_human.webp
Monster,el_chamber_ghost,"Ghost Chamberlain of Elmoreden","Призрак Казначея Эльморедена",70,Human,,/skill4416_human.webp
Monster,conquerors_keeper,"Conquerors' Sepulcher Manager","Управляющий Гробницы Завоевателей",70,Construct,,/skill4291.webp
Monster,lords_keeper,"Emperors' Sepulcher Manager","Управляющий Гробницы Императора",70,Construct,,/skill4291.webp
Monster,savants_keeper,"Great Sages' Sepulcher Manager","Управляющий Гробницы Великих Мудрецов",70,Construct,,/skill4291.webp
Monster,magistrates_keeper,"Judges' Sepulcher Manager","Управляющий Гробницы Судей",70,Construct,,/skill4291.webp
Monster,conq_barons_lock,"Baron's Hall Gatekeeper","Хранитель Портала Зала Баронов",70,Construct,,/skill4291.webp
Monster,conq_viscounts_lock,"Viscount's Hall Gatekeeper","Хранитель Портала Зала Виконтов",70,Construct,,/skill4291.webp
Monster,conq_counts_lock,"Count's Hall Gatekeeper","Хранитель Портала Зала Графов",70,Construct,,/skill4291.webp
Monster,conq_marquis_lock,"Marquis' Hall Gatekeeper","Хранитель Портала Зала Маркизов",70,Construct,,/skill4291.webp
Monster,conq_dukes_lock,"Duke's Hall Gatekeeper","Хранитель Портала Зала Герцогов",70,Construct,,/skill4291.webp
Monster,lords_barons_lock,"Baron's Hall Gatekeeper","Хранитель Портала Зала Баронов",70,Construct,,/skill4291.webp
Monster,lords_viscounts_lock,"Viscount's Hall Gatekeeper","Хранитель Портала Зала Виконтов",70,Construct,,/skill4291.webp
Monster,lords_counts_lock,"Count's Hall Gatekeeper","Хранитель Портала Зала Графов",70,Construct,,/skill4291.webp
Monster,lords_marquis_lock,"Marquis' Hall Gatekeeper","Хранитель Портала Зала Маркизов",70,Construct,,/skill4291.webp
Monster,lords_dukes_lock,"Duke's Hall Gatekeeper","Хранитель Портала Зала Герцогов",70,Construct,,/skill4291.webp
Monster,sav_barons_lock,"Baron's Hall Gatekeeper","Хранитель Портала Зала Баронов",70,Construct,,/skill4291.webp
Monster,sav_viscounts_lock,"Viscount's Hall Gatekeeper","Хранитель Портала Зала Виконтов",70,Construct,,/skill4291.webp
Monster,sav_counts_lock,"Count's Hall Gatekeeper","Хранитель Портала Зала Графов",70,Construct,,/skill4291.webp
Monster,sav_marquis_lock,"Marquis' Hall Gatekeeper","Хранитель Портала Зала Маркизов",70,Construct,,/skill4291.webp
Monster,sav_dukes_lock,"Duke's Hall Gatekeeper","Хранитель Портала Зала Герцогов",70,Construct,,/skill4291.webp
Monster,mag_barons_lock,"Baron's Hall Gatekeeper","Хранитель Портала Зала Баронов",70,Construct,,/skill4291.webp
Monster,mag_viscounts_lock,"Viscount's Hall Gatekeeper","Хранитель Портала Зала Виконтов",70,Construct,,/skill4291.webp
Monster,mag_counts_lock,"Count's Hall Gatekeeper","Хранитель Портала Зала Графов",70,Construct,,/skill4291.webp
Monster,mag_marquis_lock,"Marquis' Hall Gatekeeper","Хранитель Портала Зала Маркизов",70,Construct,,/skill4291.webp
Monster,mag_dukes_lock,"Duke's Hall Gatekeeper","Хранитель Портала Зала Герцогов",70,Construct,,/skill4291.webp
Monster,altar_object_01,"Triol's Revelation","Откровение Тироля",70,Others,,/skill4416_etc.webp
Monster,altar_object_02,"Triol's Revelation","Откровение Тироля",70,Others,,/skill4416_etc.webp
Monster,altar_object_03,"Triol's Revelation","Откровение Тироля",70,Others,,/skill4416_etc.webp
Monster,altar_object_04,"Triol's Revelation","Откровение Тироля",70,Others,,/skill4416_etc.webp
Monster,altar_object_05,"Triol's Revelation","Откровение Тироля",70,Others,,/skill4416_etc.webp
Monster,altar_object_06,"Triol's Revelation","Откровение Тироля",70,Others,,/skill4416_etc.webp
Monster,altar_object_07,"Triol's Revelation","Откровение Тироля",70,Others,,/skill4416_etc.webp
Monster,altar_object_08,"Triol's Revelation","Откровение Тироля",70,Others,,/skill4416_etc.webp
Monster,altar_object_09,"Triol's Revelation","Откровение Тироля",70,Others,,/skill4416_etc.webp
Monster,altar_object_10,"Triol's Revelation","Откровение Тироля",70,Others,,/skill4416_etc.webp
Monster,altar_object_11_rboss,"Triol's Revelation","Откровение Тироля",70,Others,,/skill4416_etc.webp
Monster,elite_merc_sword_fix,"Elite Mercenary Guild Member","Член Гильдии Элитных Наемников",70,Mercenary,490,/skill4416_mercenary.webp
Monster,elite_merc_pole_fix,"Elite Mercenary Guild Member","Член Гильдии Элитных Наемников",70,Mercenary,490,/skill4416_mercenary.webp
Monster,elite_merc_bow_fix,"Elite Mercenary Guild Member","Член Гильдии Элитных Наемников",70,Mercenary,490,/skill4416_mercenary.webp
Monster,elite_merc_cleric_fix,"Elite Mercenary Guild Member","Член Гильдии Элитных Наемников",70,Mercenary,490,/skill4416_mercenary.webp
Monster,elite_merc_wizard_fix,"Elite Mercenary Guild Member","Член Гильдии Элитных Наемников",70,Mercenary,490,/skill4416_mercenary.webp
Monster,elite_merc_sword_move,"Elite Mercenary Guild Member","Член Гильдии Элитных Наемников",70,Mercenary,490,/skill4416_mercenary.webp
Monster,elite_merc_pole_move,"Elite Mercenary Guild Member","Член Гильдии Элитных Наемников",70,Mercenary,490,/skill4416_mercenary.webp
Monster,elite_merc_bow_move,"Elite Mercenary Guild Member","Член Гильдии Элитных Наемников",70,Mercenary,490,/skill4416_mercenary.webp
Monster,elite_merc_cleric_move,"Elite Mercenary Guild Member","Член Гильдии Элитных Наемников",70,Mercenary,490,/skill4416_mercenary.webp
Monster,elite_merc_wizard_move,"Elite Mercenary Guild Member","Член Гильдии Элитных Наемников",70,Mercenary,490,/skill4416_mercenary.webp
Monster,gludio_knight,"Royal Knight","Королевский Рыцарь",70,Mercenary,490,/skill4416_mercenary.webp
Monster,gludio_knight_s,"Royal Knight","Королевский Рыцарь",70,Mercenary,490,/skill4416_mercenary.webp
Monster,dion_knight,"Royal Knight","Королевский Рыцарь",70,Mercenary,490,/skill4416_mercenary.webp
Monster,dion_knight_s,"Royal Knight","Королевский Рыцарь",70,Mercenary,490,/skill4416_mercenary.webp
Monster,giran_knight,"Royal Knight","Королевский Рыцарь",70,Mercenary,490,/skill4416_mercenary.webp
Monster,giran_knight_s,"Royal Knight","Королевский Рыцарь",70,Mercenary,490,/skill4416_mercenary.webp
Monster,oren_knight,"Royal Knight","Королевский Рыцарь",70,Mercenary,490,/skill4416_mercenary.webp
Monster,oren_knight_s,"Royal Knight","Королевский Рыцарь",70,Mercenary,490,/skill4416_mercenary.webp
Monster,innadrile_knight,"Royal Knight","Королевский Рыцарь",70,Mercenary,490,/skill4416_mercenary.webp
Monster,innadrile_knight_s,"Royal Knight","Королевский Рыцарь",70,Mercenary,490,/skill4416_mercenary.webp
Monster,godad_knight,"Royal Knight","Королевский Рыцарь",70,Mercenary,490,/skill4416_mercenary.webp
Monster,godad_knight_s,"Royal Knight","Королевский Рыцарь",70,Mercenary,490,/skill4416_mercenary.webp
Monster,gustav,"Gustav","Густав",70,Undead,490,/skill4290.webp
Monster,doom_knight_agit,"Doom Knight","Рыцарь Судьбы",70,Undead,490,/skill4290.webp
Monster,schutt_knight,"Royal Knight","Королевский Рыцарь",70,Mercenary,,/skill4416_mercenary.webp
Monster,schutt_knight_s,"Royal Knight","Королевский Рыцарь",70,Mercenary,,/skill4416_mercenary.webp
Monster,vampire_archer_agit,"Vampire Caster","Заклинатель Вампиров",70,Demonic,,/skill4298.webp
Monster,vampire_archer_agit_p,"Vampire Caster","Вампир Заклинатель",70,Demonic,,/skill4298.webp
Monster,r44_invader_mimic,"Dark Omen Invader Food","Сундук Захватчиков Темного Знамения",70,Others,7127,/skill4416_etc.webp
Monster,platinum_tribe_lord,"Platinum Tribe Overlord","Владыка Платинового Клана",71,Angel,50697,/skill4297.webp
Monster,plat_protect_archer,"Platinum Guardian Archer","Стрелок Платиновых Стражей",71,Angel,38444,/skill4297.webp
Monster,bloody_sniper,"Bloody Sniper","Кровавый Снайпер",71,Demonic,33449,/skill4298.webp
Monster,hames_orc_footman,"Hames Orc Footman","Пехотинец Орков Хамес",71,Humanoid,10470,/skill4295.webp
Monster,pugatory_liviona,"Purgatory Liviona","Лик Чистилища",71,Construct,21874,/skill4291.webp
Monster,grendel,"Grendel","Грендель",71,Animal,10076,/skill4293.webp
Monster,grendel_a,"Grendel","Грендель",71,Animal,10017,/skill4293.webp
Monster,grendel_b,"Grendel","Грендель",71,Animal,10141,/skill4293.webp
Monster,grendel_c,"Grendel","Grendel",71,Animal,3365,/skill4293.webp
Monster,bandersnatch_slave,"Canyon Bandersnatch Slave","Порабощенный Драколов Каньона",71,Beast,26191,/skill4292.webp
Monster,binding_eye,"Eye of Restrainer ","Гипнотический Глаз",71,Construct,16857,/skill4291.webp
Monster,needle_stakato_worker,"Needle Stakato Walker","Рабочий Игольчатых Стакато",71,Humanoid,9134,/skill4295.webp
Monster,behemoth_zombie,"Behemoth Zombie","Чудовищный Зомби",71,Undead,12370,/skill4290.webp
Monster,restless_rebel_leader,"Ghost of Rebellion Leader","Призрак Главаря Повстанцев",71,Undead,13012,/skill4290.webp
Monster,bone_caster,"Bone Caster","Заклинатель Костей",71,Humanoid,12185,/skill4295.webp
Monster,bone_puppeteer,"Bone Puppeteer","Костяной Кукловод",71,Humanoid,13326,/skill4295.webp
Monster,vampire_soldier,"Vampire Soldier","Солдат Вампиров",71,Demonic,14270,/skill4298.webp
Monster,requiem_priest,"Requiem Priest","Жрец Реквиема",71,Humanoid,15301,/skill4295.webp
Monster,aden_spear_guard_e,"Guard","Страж",71,Mercenary,504,/skill4416_mercenary.webp
Monster,aden_sword_guard_e,"Guard","Страж",71,Mercenary,504,/skill4416_mercenary.webp
Monster,aden_bow_guard_e,"Guard","Страж",71,Mercenary,504,/skill4416_mercenary.webp
Monster,aden_spear_guard_de,"Guard","Страж",71,Mercenary,504,/skill4416_mercenary.webp
Monster,aden_sword_guard_de,"Guard","Страж",71,Mercenary,504,/skill4416_mercenary.webp
Monster,aden_bow_guard_de,"Guard","Страж",71,Mercenary,504,/skill4416_mercenary.webp
Monster,aden_spear_guard_hu,"Guard","Страж",71,Mercenary,504,/skill4416_mercenary.webp
Monster,aden_sword_guard_hu,"Guard","Страж",71,Mercenary,504,/skill4416_mercenary.webp
Monster,aden_bow_guard_hu,"Guard","Страж",71,Mercenary,504,/skill4416_mercenary.webp
Monster,aden_spear_guard_s_e,"Guard","Страж",71,Mercenary,504,/skill4416_mercenary.webp
Monster,aden_sword_guard_s_e,"Guard","Страж",71,Mercenary,504,/skill4416_mercenary.webp
Monster,aden_bow_guard_s_e,"Guard","Страж",71,Mercenary,504,/skill4416_mercenary.webp
Monster,aden_spear_guard_s_de,"Guard","Страж",71,Mercenary,504,/skill4416_mercenary.webp
Monster,aden_sword_guard_s_de,"Guard","Страж",71,Mercenary,504,/skill4416_mercenary.webp
Monster,aden_bow_guard_s_de,"Guard","Страж",71,Mercenary,504,/skill4416_mercenary.webp
Monster,aden_spear_guard_s_hu,"Guard","Страж",71,Mercenary,504,/skill4416_mercenary.webp
Monster,aden_sword_guard_s_hu,"Guard","Страж",71,Mercenary,504,/skill4416_mercenary.webp
Monster,aden_bow_guard_s_hu,"Guard","Страж",71,Mercenary,504,/skill4416_mercenary.webp
Monster,rune_spear_guard_e,"Guard","Страж",71,Mercenary,,/skill4416_mercenary.webp
Monster,rune_sword_guard_e,"Guard","Страж",71,Mercenary,,/skill4416_mercenary.webp
Monster,rune_bow_guard_e,"Guard","Страж",71,Mercenary,,/skill4416_mercenary.webp
Monster,rune_spear_guard_de,"Guard","Страж",71,Mercenary,,/skill4416_mercenary.webp
Monster,rune_sword_guard_de,"Guard","Страж",71,Mercenary,,/skill4416_mercenary.webp
Monster,rune_bow_guard_de,"Guard","Страж",71,Mercenary,,/skill4416_mercenary.webp
Monster,rune_spear_guard_hu,"Guard","Страж",71,Mercenary,,/skill4416_mercenary.webp
Monster,rune_sword_guard_hu,"Guard","Страж",71,Mercenary,,/skill4416_mercenary.webp
Monster,rune_bow_guard_hu,"Guard","Страж",71,Mercenary,,/skill4416_mercenary.webp
Monster,rune_spear_guard_s_e,"Guard","Страж",71,Mercenary,,/skill4416_mercenary.webp
Monster,rune_sword_guard_s_e,"Guard","Страж",71,Mercenary,,/skill4416_mercenary.webp
Monster,rune_bow_guard_s_e,"Guard","Страж",71,Mercenary,,/skill4416_mercenary.webp
Monster,rune_spear_guard_s_de,"Guard","Страж",71,Mercenary,,/skill4416_mercenary.webp
Monster,rune_sword_guard_s_de,"Guard","Страж",71,Mercenary,,/skill4416_mercenary.webp
Monster,rune_bow_guard_s_de,"Guard","Страж",71,Mercenary,,/skill4416_mercenary.webp
Monster,rune_spear_guard_s_hu,"Guard","Страж",71,Mercenary,,/skill4416_mercenary.webp
Monster,rune_sword_guard_s_hu,"Guard","Страж",71,Mercenary,,/skill4416_mercenary.webp
Monster,rune_bow_guard_s_hu,"Guard","Страж",71,Mercenary,,/skill4416_mercenary.webp
Monster,vampire_trooper_agit,"Vampire Magister","Магистр Вампиров",71,Demonic,,/skill4298.webp
Monster,dusk_4_4_last_trp_2,"Dark Omen Offering Saint","Святой Жертва Темного Знамения",72,Humanoid,7403,/skill4295.webp
Monster,dawn_4_4_last_trp_2,"Dark Omen Offering Saint","Святой Жертва Темного Знамения",72,Humanoid,7403,/skill4295.webp
Monster,dusk_5_box,"Treasures of the Festival","Сокровища Фестиваля",72,Construct,518,/skill4291.webp
Monster,dawn_5_box,"Treasures of the Festival","Сокровища Фестиваля",72,Construct,518,/skill4291.webp
Monster,congerer_lord,"Conjurer Bat Lord","Повелитель Зачарованных Летучих Мышей",72,Animal,12643,/skill4293.webp
Monster,guardian_angel,"Guardian Angel","Ангел Хранитель",72,Angel,,/skill4297.webp
Monster,angel,"Angel","Ангел",72,Angel,10923,/skill4297.webp
Monster,guardian_angel_r,"Guardian Angel","Ангел Хранитель",72,Angel,59729,/skill4297.webp
Monster,binding_warrior,"Bound Warrior","Воин Невольник",72,Angel,23326,/skill4297.webp
Monster,binding_archer,"Bound Archer","Стрелок Невольник",72,Angel,23154,/skill4297.webp
Monster,plat_protect_warrior,"Platinum Guardian Warrior","Воин Платиновых Стражей",72,Angel,36221,/skill4297.webp
Monster,binding_shaman,"Bound Shaman","Шаман Невольник",72,Angel,23163,/skill4297.webp
Monster,bloody_liviona,"Bloody Liviona","Кровавый Лик",72,Construct,33396,/skill4291.webp
Monster,hames_orc_sniper,"Hames Orc Sniper","Снайпер Орков Хамес",72,Humanoid,11667,/skill4295.webp
Monster,lilim_knight_lord,"Lilim Knight Banneret","Командир Рыцарей Лилим",72,Demonic,33903,/skill4298.webp
Monster,nephilim_praetorian,"Nephilim Praetorian","Преторианец Нефилим",72,Angel,33903,/skill4297.webp
Monster,mausoleum_oracle,"Sepulcher Preacher","Погребенный Проповедник",72,Demonic,22494,/skill4298.webp
Monster,crypt_oracle,"Crypt Preacher","Проповедник Склепа",72,Demonic,22494,/skill4298.webp
Monster,buffalo_slave,"Buffalo Slave","Буйвол Невольник",72,Beast,26934,/skill4292.webp
Monster,guiding_eye,"Eye of Guide","Глаз Проводника",72,Construct,26498,/skill4291.webp
Monster,eye_of_nightmare,"Gaze of Nightmare","Око Ночного Кошмара",72,Construct,31797,/skill4291.webp
Monster,cunning_hound,"Sly Hound Dog","Адская Гончая",72,Beast,37061,/skill4292.webp
Monster,needle_stakato_soldier,"Needle Stakato Soldier","Солдат Игольчатых Стакато",72,Humanoid,10718,/skill4295.webp
Monster,frenzy_stakato_drone,"Frenzy Stakato Drone","Трутень Бешеных Стакато",72,Humanoid,10345,/skill4295.webp
Monster,bone_scavenger,"Bone Scavenger","Костяной Падальщик",72,Humanoid,13436,/skill4295.webp
Monster,bone_scavenger_a,"Bone Scavenger","Костяной Падальщик",72,Humanoid,12531,/skill4295.webp
Monster,vampire_magician,"Vampire Magician","Маг Вампиров",72,Demonic,11554,/skill4298.webp
Monster,vampire_adept,"Vampire Adept","Адепт Вампиров",72,Demonic,13649,/skill4298.webp
Monster,vampire_warrior,"Vampire Warrior","Воин Вампиров",72,Demonic,14223,/skill4298.webp
Monster,spike_stakato,"Spiked Stakato","Шипастый Стакато",72,Humanoid,30856,/skill4295.webp
Monster,sir_cronenberg,"Cronenberg","Кроненберг",72,Mercenary,518,/skill4416_mercenary.webp
Monster,sir_ivano,"Ivano","Ивано",72,Mercenary,518,/skill4416_mercenary.webp
Monster,sir_ulric,"Ulric","Улрик",72,Mercenary,518,/skill4416_mercenary.webp
Monster,sir_quant,"Quant","Куант",72,Mercenary,518,/skill4416_mercenary.webp
Monster,sir_schacht,"Schaht","Шат",72,Mercenary,518,/skill4416_mercenary.webp
Monster,sir_haenz,"Heinz","Хейнз",72,Mercenary,518,/skill4416_mercenary.webp
Monster,sir_verus,"Verus","Верус",72,Mercenary,,/skill4416_mercenary.webp
Monster,alfred_von_helmann,"Alfred von Hellmann","Альфред фон Хельман",72,Demonic,,/skill4298.webp
Monster,giselle_von_helmann,"Giselle von Hellmann","Гизель фон Хельман",72,Demonic,,/skill4298.webp
Monster,vampire_warrior_agit,"Vampire Warlord","Полководец Вампиров",72,Demonic,,/skill4298.webp
Monster,treasure_box_72,"Treasure Chest","Сундук с Сокровищами",72,Others,,/skill4416_etc.webp
Monster,mimic_72,"Treasure Chest","Сундук с Сокровищами",72,Others,6221,/skill4416_etc.webp
Monster,seal_angel,"Seal Angel","Ангел Печати",73,Angel,,/skill4297.webp
Monster,seal_angel_r,"Seal Angel","Ангел Печати",73,Angel,83696,/skill4297.webp
Monster,chimera_piece,"Chimera Piece","Яростный Саблезуб",73,Construct,22599,/skill4291.webp
Monster,ancients_soldier,"Soldier of Ancient Times","Солдат Древних Времен",73,Giant,22599,/skill4300.webp
Monster,binder,"Binder","Латник Псоглавов",73,Angel,24823,/skill4297.webp
Monster,plat_protect_shaman,"Platinum Guardian Shaman","Шаман Платиновых Стражей",73,Angel,39180,/skill4297.webp
Monster,bloody_armor,"Bloody Knight","Кровавая Кукла",73,Undead,53594,/skill4290.webp
Monster,cursed_guardian,"Cursed Guardian","Проклятый Страж",73,Undead,11078,/skill4290.webp
Monster,ancient_saint_hermit,"Lesser Ancient Soldier","Младший Древний Солдат",73,Beast,23782,/skill4292.webp
Monster,watching_eye,"Eye of Watchman","Глаз Наблюдателя",73,Construct,25580,/skill4291.webp
Monster,homunculus,"Homunculus","Гомункул",73,Construct,25867,/skill4291.webp
Monster,thermal_bandersnatchling,"Hot Springs Bandersnatchling","Детеныш Драколова Горячих Источников",73,Beast,20662,/skill4292.webp
Monster,thermal_buffalo,"Hot Springs Buffalo","Буйвол Горячих Источников",73,Beast,21532,/skill4292.webp
Monster,needle_stakato_drone,"Needle Stakato Drone","Трутень Игольчатых Стакато",73,Humanoid,10730,/skill4295.webp
Monster,vampire_wizard,"Vampire Wizard","Чародей Вампиров",73,Demonic,11923,/skill4298.webp
Monster,vampire_wizard_a,"Vampire Wizard","Чародей Вампиров",73,Demonic,12202,/skill4298.webp
Monster,vampire_magister,"Vampire Magister","Магистр Вампиров",73,Demonic,11923,/skill4298.webp
Monster,vampire_magister_a,"Vampire Magister","Магистр Вампиров",73,Demonic,13756,/skill4298.webp
Monster,vampire_magister_b,"Vampire Magister","Магистр Вампиров",73,Demonic,9301,/skill4298.webp
Monster,vampire_warlord,"Vampire Warlord","Полководец Вампиров",73,Demonic,16016,/skill4298.webp
Monster,vampire_warlord_a,"Vampire Warlord","Полководец Вампиров",73,Demonic,15086,/skill4298.webp
Monster,vampire_warlord_b,"Vampire Warlord","Полководец Вампиров",73,Demonic,10993,/skill4298.webp
Monster,grave_scarab,"Grave Scarab","Могильный Скарабей",73,Bug,12247,/skill4301.webp
Monster,scavenger_scarab,"Scavenger Scarab","Скарабей Падальщик",73,Bug,10332,/skill4301.webp
Monster,r40_invader_archer,"Dark Omen Invader Archer","Стрелок Захватчиков Темного Знамения",73,Undead,21912,/skill4290.webp
Monster,r41_invader_shaman,"Dark Omen Invader Shaman","Шаман Захватчиков Темного Знамения",73,Undead,27667,/skill4290.webp
Monster,r42_invader_warrior_a,"Dark Omen Invader Warrior","Воин Захватчиков Темного Знамения",73,Undead,17787,/skill4290.webp
Monster,r43_invader_zealot,"Dark Omen Invader Disciple","Апостол Захватчиков Темного Знамения",73,Undead,18730,/skill4290.webp
Monster,r45_invader_warrior_b,"Dark Omen Invader Warrior","Воин Захватчиков Темного Знамения",73,Undead,42650,/skill4290.webp
Monster,r46_invader_elite_g,"Dark Omen Invader Elite Soldier","Элитный Солдат Захватчиков Темного Знамения",73,Undead,41377,/skill4290.webp
Monster,r47_invader_mage_b,"Dark Omen Invader Magus","Маг Захватчиков Темного Знамения",73,Undead,39450,/skill4290.webp
Monster,spike_stakato_worker,"Spiked Stakato Worker","Рабочий Шипастых Стакато",73,Humanoid,31719,/skill4295.webp
Monster,aden_wizard,"Court Sorcerer","Придворная Волшебница",73,Mercenary,533,/skill4416_mercenary.webp
Monster,aden_cleric,"Court Sorcerer","Придворный Волшебник",73,Mercenary,533,/skill4416_mercenary.webp
Monster,aden_court_guard,"Court Guard","Придворный Страж",73,Mercenary,533,/skill4416_mercenary.webp
Monster,aden_wizard_s,"Court Sorcerer","Придворная Волшебница",73,Mercenary,533,/skill4416_mercenary.webp
Monster,aden_cleric_s,"Court Sorcerer","Придворная Волшебница",73,Mercenary,533,/skill4416_mercenary.webp
Monster,aden_court_guard_s,"Court Guard","Придворный Страж",73,Mercenary,533,/skill4416_mercenary.webp
Monster,rune_wizard,"Court Sorcerer","Придворная Волшебница",73,Mercenary,,/skill4416_mercenary.webp
Monster,rune_cleric,"Court Sorcerer","Придворная Волшебница",73,Mercenary,,/skill4416_mercenary.webp
Monster,rune_court_guard,"Court Guard","Придворный Страж",73,Mercenary,,/skill4416_mercenary.webp
Monster,rune_wizard_s,"Court Sorcerer","Придворная Волшебница",73,Mercenary,,/skill4416_mercenary.webp
Monster,rune_cleric_s,"Court Sorcerer","Придворная Волшебница",73,Mercenary,,/skill4416_mercenary.webp
Monster,rune_court_guard_s,"Court Guard","Придворный Страж",73,Mercenary,,/skill4416_mercenary.webp
Monster,lidia_von_helmann,"Lidia von Hellmann","Лидия фон Хельман",73,Demonic,,/skill4298.webp
Monster,vampire_knight_agit,"Vampire Leader","Главарь Вампиров",73,Demonic,,/skill4298.webp
Monster,vampire_knight_agit_p,"Vampire Leader","Вампир Главарь",73,Demonic,,/skill4298.webp
Monster,r44_invader_box_a,"Dark Omen Invader Food","Сундук Захватчиков Темного Знамения",73,Others,,/skill4416_etc.webp
Monster,black_shadow,"Black Shadow","Перевоплощенное создание",74,Construct,31161,/skill4291.webp
Monster,guardian_arch_angel,"Guardian Archangel","Архангел Хранитель",74,Angel,,/skill4297.webp
Monster,guardian_arch_angel_r,"Guardian Archangel","Архангел Хранитель",74,Angel,85242,/skill4297.webp
Monster,plat_protect_warlord,"Platinum Guardian Prefect","Префект Платиновых Стражей",74,Angel,53456,/skill4297.webp
Monster,amon_guard,"Amon's Captain of the Guards","Капитан Стражи Амона",74,Angel,20511,/skill4297.webp
Monster,amon_spirits,"Amon's Spirits","Дух Амона",74,Fairy,24232,/skill4302.webp
Monster,bloody_banshee,"Bloody Banshee","Кровавая Баньши",74,Demonic,35277,/skill4298.webp
Monster,bloody_keeper,"Bloody Keeper","Кровавый Хранитель",74,Demonic,21195,/skill4298.webp
Monster,bloody_mage,"Bloody Mystic","Кровавый Мистик",74,Demonic,20706,/skill4298.webp
Monster,hames_orc_shaman,"Hames Orc Shaman","Шаман Орков Хамес",74,Humanoid,9652,/skill4295.webp
Monster,ancient_saint_totem,"Lesser Ancient Scout","Младший Древний Разведчик",74,Humanoid,23761,/skill4295.webp
Monster,grendel_slave,"Grendel Slave","Грендель Невольник",74,Animal,38011,/skill4293.webp
Monster,protecting_eye,"Eye of Pilgrim","Глаз Пилигрима",74,Construct,27990,/skill4291.webp
Monster,apostle_defender,"Disciples of Protection","Апостол Защиты",74,Angel,50649,/skill4297.webp
Monster,dominating_eye,"Eye of Ruler","Глаз Повелителя",74,Construct,38709,/skill4291.webp
Monster,thermal_flava,"Hot Springs Flava","Цветок Горячих Источников",74,Plant,25336,/skill4294.webp
Monster,thermal_atroxspawn,"Hot Springs Atroxspawn","Ужасное Отродье Горячих Источников",74,Bug,21232,/skill4301.webp
Monster,thermal_antelope,"Hot Springs Antelope","Антилопа Горячих Источников",74,Animal,22193,/skill4293.webp
Monster,needle_stakato_drone_a,"Needle Stakato Drone","Трутень Игольчатых Стакато",74,Humanoid,10481,/skill4295.webp
Monster,grave_ant,"Grave Ant","Могильный Муравей",74,Bug,11260,/skill4301.webp
Monster,scavenger_ant,"Scavenger Ant","Муравей Падальщик",74,Bug,13319,/skill4301.webp
Monster,spike_stakato_guard,"Spiked Stakato Guard","Страж Шипастых Стакато",74,Humanoid,32594,/skill4295.webp
Monster,female_spike_stakato,"Female Spiked Stakato","Самка Шипастого Стакато",74,Humanoid,45208,/skill4295.webp
Monster,male_spike_stakato,"Male Spiked Stakato","Самец Шипастого Стакато",74,Humanoid,44602,/skill4295.webp
Monster,male_spike_stakato_c,"Male Spiked Stakato","Самец Шипастого Стакато",74,Humanoid,33935,/skill4295.webp
Monster,cannibal_stakato,"Cannibalistic Stakato Follower ","Последователь Каннибалов Стакато",74,Humanoid,41268,/skill4295.webp
Monster,death_lord,"Death Lord","Лорд Смерти",75,Undead,9330,/skill4290.webp
Monster,ancients_warrior,"Warrior of Ancient Times","Воин Древних Времен",75,Giant,23855,/skill4300.webp
Monster,ancients_shaman,"Shaman of Ancient Times","Шаман Древних Времен",75,Giant,24719,/skill4300.webp
Monster,seal_arch_angel,"Seal Archangel","Архангел Печати",75,Angel,,/skill4297.webp
Monster,seal_arch_angel_r,"Seal Archangel","Архангел Печати",75,Angel,88404,/skill4297.webp
Monster,plat_protect_lord,"Platinum Guardian Chief","Глава Платиновых Стражей",75,Angel,40513,/skill4297.webp
Monster,power_angel_amon,"Power Angel Amon","Могущественный Ангел Амон",75,Angel,21329,/skill4297.webp
Monster,bloody_lord_d,"Bloody Lord","Кровавый Лорд",75,Demonic,40903,/skill4298.webp
Monster,bloody_guardian,"Bloody Guardian","Кровавый Стражник",75,Undead,31444,/skill4290.webp
Monster,hames_orc_chieftain,"Hames Orc Overlord","Владыка Орков Хамес",75,Humanoid,15240,/skill4295.webp
Monster,lilim_slayer,"Lilim Slayer","Убийца Лилим",75,Demonic,35479,/skill4298.webp
Monster,nephilim_highguard,"Nephilim Royal Guard","Королевский Страж Нефилим",75,Angel,35479,/skill4297.webp
Monster,sepulcher_highguard,"Sepulcher Guard","Погребенный Страж",75,Undead,25729,/skill4290.webp
Monster,tomb_highguard,"Tomb Guard","Страж Гробницы",75,Undead,25729,/skill4290.webp
Monster,elder_homunculus,"Elder Homunculus","Старший Гомункул",75,Construct,35496,/skill4291.webp
Monster,apostle_avenger,"Disciples of Punishment","Апостол Страшного Суда",75,Angel,47163,/skill4297.webp
Monster,apostle_avenger_a,"Disciples of Punishment","Апостол Страшного Суда",75,Angel,49155,/skill4297.webp
Monster,thermal_nepenthes,"Hot Springs Nepenthes","Непентис Горячих Источников",75,Plant,27928,/skill4294.webp
Monster,thermal_yeti,"Hot Springs Yeti","Йети Горячих Источников",75,Giant,22728,/skill4300.webp
Monster,shrine_knight,"Shrine Knight","Рыцарь Усыпальницы",75,Undead,12179,/skill4290.webp
Monster,shrine_guard,"Shrine Guard","Страж Усыпальницы",75,Undead,11635,/skill4290.webp
Monster,r40_invader_soldier_b,"Dark Omen Invader Soldier","Солдат Захватчиков Темного Знамения",75,Undead,28565,/skill4290.webp
Monster,r41_invader_elite_a,"Dark Omen Invader Elite Soldier","Элитный Солдат Захватчиков Темного Знамения",75,Undead,23777,/skill4290.webp
Monster,r42_invader_mage_a,"Dark Omen Invader Magus","Маг Захватчиков Темного Знамения",75,Undead,18775,/skill4290.webp
Monster,r43_invader_beserker,"Dark Omen Invader Berserker","Берсерк Захватчиков Темного Знамения",75,Undead,24596,/skill4290.webp
Monster,r44_invader_elite_b,"Dark Omen Invader Elite Soldier","Элитный Солдат Захватчиков Темного Знамения",75,Undead,44060,/skill4290.webp
Monster,r44_invader_elite_c,"Dark Omen Invader Elite Soldier","Элитный Солдат Захватчиков Темного Знамения",75,Undead,44894,/skill4290.webp
Monster,r45_invader_elite_d,"Dark Omen Invader Elite Soldier","Элитный Солдат Захватчиков Темного Знамения",75,Undead,1751,/skill4290.webp
Monster,r47_invader_elite_i,"Dark Omen Invader Elite Soldier","Элитный Солдат Захватчиков Темного Знамения",75,Undead,43058,/skill4290.webp
Monster,spike_stakato_shaman,"Spiked Stakato Sorcerer","Волшебник Шипастых Стакато",75,Humanoid,32663,/skill4295.webp
Monster,leader_canni_stakato,"Cannibalistic Stakato Leader","Главарь Каннибалов Стакато",75,Humanoid,51731,/skill4295.webp
Monster,leader_canni_stakato_c,"Cannibalistic Stakato Leader ","Главарь Каннибалов Стакато",75,Humanoid,34858,/skill4295.webp
Monster,dawn_merc_sword_fix,"Mercenary of Dawn","Наемник Рассвета",75,Mercenary,563,/skill4416_mercenary.webp
Monster,dawn_merc_pole_fix,"Mercenary of Dawn","Наемник Рассвета",75,Mercenary,563,/skill4416_mercenary.webp
Monster,dawn_merc_bow_fix,"Mercenary of Dawn","Наемник Рассвета",75,Mercenary,563,/skill4416_mercenary.webp
Monster,dawn_merc_cleric_fix,"Mercenary of Dawn","Наемник Рассвета",75,Mercenary,563,/skill4416_mercenary.webp
Monster,dawn_merc_wizard_fix,"Mercenary of Dawn","Наемник Рассвета",75,Mercenary,563,/skill4416_mercenary.webp
Monster,dawn_merc_sword_move,"Mercenary of Dawn","Наемник Рассвета",75,Mercenary,563,/skill4416_mercenary.webp
Monster,dawn_merc_pole_move,"Mercenary of Dawn","Наемник Рассвета",75,Mercenary,563,/skill4416_mercenary.webp
Monster,dawn_merc_bow_move,"Mercenary of Dawn","Наемник Рассвета",75,Mercenary,563,/skill4416_mercenary.webp
Monster,dawn_merc_cleric_move,"Mercenary of Dawn","Наемник Рассвета",75,Mercenary,563,/skill4416_mercenary.webp
Monster,dawn_merc_wizard_move,"Mercenary of Dawn","Наемник Рассвета",75,Mercenary,563,/skill4416_mercenary.webp
Monster,duke_lewin_waldner,"Baron Lewin Waldner","Барон Ливен Валднер",75,Mercenary,563,/skill4416_mercenary.webp
Monster,duke_byron_ashton,"Duke Byron Ashton","Герцог Байрон Эштон",75,Mercenary,563,/skill4416_mercenary.webp
Monster,baron_carmon_esthus,"Baron Carmon Esthus","Барон Кармон Эстус",75,Mercenary,563,/skill4416_mercenary.webp
Monster,duke_balthus_van_deik,"Balthus Van Dyke","Балтус Ван Дайк",75,Mercenary,563,/skill4416_mercenary.webp
Monster,aden_knight,"Royal Knight","Королевский Рыцарь",75,Mercenary,563,/skill4416_mercenary.webp
Monster,aden_knight_s,"Royal Knight","Королевский Рыцарь",75,Mercenary,563,/skill4416_mercenary.webp
Monster,baron_lionel_hunter,"Baron Lionel Hunter","Барон Леонел Хантер",75,Mercenary,563,/skill4416_mercenary.webp
Monster,duke_morah_ken_abigail,"Duke Mora Ken Abygail","Кен Абигайл Герцог Мора",75,Mercenary,563,/skill4416_mercenary.webp
Monster,rune_knight,"Royal Knight","Королевский Рыцарь",75,Mercenary,,/skill4416_mercenary.webp
Monster,rune_knight_s,"Royal Knight","Королевский Рыцарь",75,Mercenary,,/skill4416_mercenary.webp
Monster,count_swain_ken_orwen,"Swain Ken Orwen","Свэн Кен Орвен",75,Mercenary,,/skill4416_mercenary.webp
Monster,treasure_box_75,"Treasure Chest","Сундук с Сокровищами",75,Others,,/skill4416_etc.webp
Monster,mimic_75,"Treasure Chest","Сундук с Сокровищами",75,Others,6750,/skill4416_etc.webp
Monster,r46_invader_box_b,"Dark Omen Invader Food","Сундук Захватчиков Темного Знамения",75,Others,,/skill4416_etc.webp
Monster,dusk_5_1_corner_private,"Offering of Forbidden Path","Жертва Запретного Пути",76,Humanoid,8595,/skill4295.webp
Monster,dusk_5_3_mid_archer,"Offering of Forbidden Path Marksman","Зверолов Жертва Запретного Пути",76,Humanoid,7139,/skill4295.webp
Monster,dawn_5_1_corner_private,"Offering of Forbidden Path","Жертва Запретного Пути",76,Humanoid,8595,/skill4295.webp
Monster,dawn_5_3_mid_archer,"Offering of Forbidden Path Marksman","Зверолов Жертва Запретного Пути",76,Humanoid,7139,/skill4295.webp
Monster,past_creature,"Past Creature","Древняя Тварь",76,Construct,22942,/skill4291.webp
Monster,ancient_saint_wing,"Lesser Ancient Shaman","Младший Древний Шаман",76,Demonic,25063,/skill4298.webp
Monster,apostle_magistrate,"Disciples of Authority","Апостол Божьей Кары",76,Angel,40357,/skill4297.webp
Monster,apostle_magistrate_a,"Disciples of Authority","Апостол Божьей Кары",76,Angel,37210,/skill4297.webp
Monster,thermal_atrox,"Hot Springs Atrox","Отродье Горячих Источников",76,Bug,22270,/skill4301.webp
Monster,thermal_bandersnatch,"Hot Springs Bandersnatch","Драколов Горячих Источников",76,Beast,22270,/skill4292.webp
Monster,thermal_grendel,"Hot Springs Grendel","Грендель Горячих Источников",76,Animal,19507,/skill4293.webp
Monster,guard_skeleton_2d,"Ghost of a Gatekeeper","Призрак Хранителя Портала",76,Undead,14209,/skill4290.webp
Monster,guard_skeleton_3d,"Ghost of a Gatekeeper","Призрак Хранителя Портала",76,Undead,26132,/skill4290.webp
Monster,spike_stakato_soldier,"Spiked Stakato Soldier","Солдат Шипастых Стакато",76,Humanoid,28650,/skill4295.webp
Monster,guardian_of_secrets_a,"Guardian of Forbidden Knowledge","Страж Запретных Знаний",76,Angel,,/skill4297.webp
Monster,guardian_of_secrets_b,"Guardian of Forbidden Knowledge","Страж Запретных Знаний",76,Angel,,/skill4297.webp
Monster,guardian_of_secrets_c,"Guardian of Forbidden Knowledge","Страж Запретных Знаний",76,Angel,,/skill4297.webp
Monster,argos_boss_01,"Archon of Halisha","Архонт Халиши",76,Demonic,,/skill4298.webp
Monster,argos_boss_02,"Archon of Halisha","Архонт Халиши",76,Demonic,,/skill4298.webp
Monster,argos_boss_03,"Archon of Halisha","Архонт Халиши",76,Demonic,,/skill4298.webp
Monster,argos_boss_04,"Archon of Halisha","Архонт Халиши",76,Demonic,,/skill4298.webp
Monster,argos_boss_05,"Archon of Halisha","Архонт Халиши",76,Demonic,,/skill4298.webp
Monster,argos_boss_06,"Archon of Halisha","Архонт Халиши",76,Demonic,,/skill4298.webp
Monster,argos_boss_07,"Archon of Halisha","Архонт Халиши",76,Demonic,,/skill4298.webp
Monster,argos_boss_08,"Archon of Halisha","Архонт Халиши",76,Demonic,,/skill4298.webp
Monster,argos_boss_09,"Archon of Halisha","Архонт Халиши",76,Demonic,,/skill4298.webp
Monster,argos_boss_10,"Archon of Halisha","Архонт Халиши",76,Demonic,,/skill4298.webp
Monster,argos_boss_11,"Archon of Halisha","Архонт Халиши",76,Demonic,,/skill4298.webp
Monster,argos_boss_12,"Archon of Halisha","Архонт Халиши",76,Demonic,,/skill4298.webp
Monster,argos_boss_13,"Archon of Halisha","Архонт Халиши",76,Demonic,,/skill4298.webp
Monster,argos_boss_14,"Archon of Halisha","Архонт Халиши",76,Demonic,,/skill4298.webp
Monster,argos_boss_15,"Archon of Halisha","Архонт Халиши",76,Demonic,,/skill4298.webp
Monster,argos_boss_16,"Archon of Halisha","Архонт Халиши",76,Demonic,,/skill4298.webp
Monster,argos_boss_17,"Archon of Halisha","Архонт Халиши",76,Demonic,,/skill4298.webp
Monster,argos_boss_18,"Archon of Halisha","Архонт Халиши",76,Demonic,,/skill4298.webp
Monster,argos_boss_19,"Archon of Halisha","Архонт Халиши",76,Demonic,,/skill4298.webp
Monster,argos_boss_20,"Archon of Halisha","Архонт Халиши",76,Demonic,,/skill4298.webp
Monster,argos_boss_21,"Archon of Halisha","Архонт Халиши",76,Demonic,,/skill4298.webp
Monster,argos_boss_22,"Archon of Halisha","Архонт Халиши",76,Demonic,,/skill4298.webp
Monster,argos_boss_23,"Archon of Halisha","Архонт Халиши",76,Demonic,,/skill4298.webp
Monster,argos_boss_24,"Archon of Halisha","Архонт Халиши",76,Demonic,,/skill4298.webp
Monster,argos_boss_25,"Archon of Halisha","Архонт Халиши",76,Demonic,,/skill4298.webp
Monster,argos_boss_26,"Archon of Halisha","Архонт Халиши",76,Demonic,,/skill4298.webp
Monster,argos_boss_27,"Archon of Halisha","Архонт Халиши",76,Demonic,,/skill4298.webp
Monster,argos_boss_28,"Archon of Halisha","Архонт Халиши",76,Demonic,,/skill4298.webp
Monster,argos_boss_29,"Archon of Halisha","Архонт Халиши",76,Demonic,,/skill4298.webp
Monster,argos_boss_30,"Archon of Halisha","Архонт Халиши",76,Demonic,,/skill4298.webp
Monster,argos_boss_31,"Archon of Halisha","Архонт Халиши",76,Demonic,,/skill4298.webp
Monster,fallenangel_allector_1,"Fallen Angel Allector","Падший Ангел Алектор",76,Demonic,,/skill4298.webp
Monster,fallenangel_allector_2,"Fallen Angel Allector","Падший Ангел Алектор",76,Demonic,,/skill4298.webp
Monster,fallenangel_allector_3,"Fallen Angel Allector","Падший Ангел Алектор",76,Demonic,,/skill4298.webp
Monster,allector_private,"Hell Fire","Адский Огонь",76,Construct,,/skill4291.webp
Monster,angel_iconoclasis_1,"Archangel Iconoclasis","Архангел Богоборец",76,Angel,,/skill4297.webp
Monster,angel_iconoclasis_2,"Archangel Iconoclasis","Архангел Богоборец",76,Angel,,/skill4297.webp
Monster,angel_iconoclasis_3,"Archangel Iconoclasis","Архангел Богоборец",76,Angel,,/skill4297.webp
Monster,angel_iconoclasis_4,"Archangel Iconoclasis","Архангел Богоборец",76,Angel,,/skill4297.webp
Monster,iconaclasis_private,"Bead of Sacred Flame","Шар Священного Огня",76,Construct,,/skill4291.webp
Monster,fallenangel_haures_1,"Fallen Angel Haures","Падший Ангел Хаурес",76,Undead,,/skill4290.webp
Monster,fallenangel_haures_2,"Fallen Angel Haures","Падший Ангел Хаурес",76,Undead,,/skill4290.webp
Monster,haures_private,"Guard of Haures","Страж Хауреса",76,Undead,,/skill4290.webp
Monster,fallenangel_naverius_1,"Fallen Angel Naverius","Падший Ангел Навериус",76,Demonic,,/skill4298.webp
Monster,fallenangel_naverius_2,"Fallen Angel Naverius","Падший Ангел Навериус",76,Demonic,,/skill4298.webp
Monster,kimera_golem,"Chimera Golem","Голем Химера",76,Construct,,/skill4291.webp
Monster,dark_ballerina_lilian,"Hallate's Dancer Lillian","Танцовщица Халлета Лилиан",76,Demonic,,/skill4298.webp
Monster,lost_knight_adhil,"Fallen Knight Adhil","Падший Рыцарь Адхил",76,Human,,/skill4416_human.webp
Monster,binding_elf_panacea,"Bound Elf Panacea","Порабощенный Эльф Панацей",76,Elf,,/skill4416_elf.webp
Monster,swordplayer_baiel,"Sword Player Biel","Виртуоз Меча Биэль",76,Elf,,/skill4416_elf.webp
Monster,swordmaster_aion,"Ancient Sword Master Iron","Древний Мастер Меча Айрон",76,Demonic,,/skill4298.webp
Monster,whitewing_commander,"White Wing Commander ","Командир Белого Крыла",76,Angel,,/skill4297.webp
Monster,whitewing_fighter,"White Wing Fighter","Боец Белого Крыла",76,Angel,,/skill4297.webp
Monster,fallen_orc_muhark,"Fallen Noble Orc Muhark","Падший Элитный Орк Мухарк",76,Humanoid,,/skill4295.webp
Monster,kavatari_uruz,"Khavatari Uruz","Аватар Уруз",76,Humanoid,,/skill4295.webp
Monster,overlord_atrus,"Overlord Atrus","Верховный Шаман Атрус",76,Humanoid,,/skill4295.webp
Monster,mouth_of_saruhi_mudaha,"Sharuhi Mouth Mudaha","Глашатай Шарухи Мадаха",76,Humanoid,,/skill4295.webp
Monster,guardian_ejekiel1,"Monument Watcher Ezekiel","Страж Эзекиэль",76,Angel,,/skill4297.webp
Monster,guardian_ejekiel2,"Monument Watcher Ezekiel","Страж Эзекиэль",76,Angel,,/skill4297.webp
Monster,guardian_ejekiel3,"Monument Watcher Ezekiel","Страж Эзекиэль",76,Angel,,/skill4297.webp
Monster,guardian_ejekiel4,"Monument Watcher Ezekiel","Страж Эзекиэль",76,Angel,,/skill4297.webp
Monster,guardian_ejekiel5,"Monument Watcher Ezekiel","Страж Эзекиэль",76,Angel,,/skill4297.webp
Monster,guardian_ejekiel6,"Monument Watcher Ezekiel","Страж Эзекиэль",76,Angel,,/skill4297.webp
Monster,secret_keeper_shakiel1,"Vision Guardian Shakiel","Шакиэль Страж Видений",76,Angel,,/skill4297.webp
Monster,secret_keeper_shakiel2,"Vision Guardian Shakiel","Шакиэль Страж Видений",76,Angel,,/skill4297.webp
Monster,secret_keeper_shakiel3,"Vision Guardian Shakiel","Шакиэль Страж Видений",76,Angel,,/skill4297.webp
Monster,dusk_5_2_light_prv,"Offering of /Forbidden Path, Evoked Spirit","Призванный Дух Жертва Запретного Пути",77,Humanoid,9534,/skill4295.webp
Monster,dawn_5_2_light_prv,"Offering of Forbidden Path, Evoked Spirit","Призванный Дух Жертва Запретного Пути",77,Humanoid,9534,/skill4295.webp
Monster,forgetten_ancients,"Forgotten Ancient People","Забытые Древние Жители",77,Giant,31618,/skill4300.webp
Monster,sepulcher_oracle,"Sepulcher Preacher","Погребенный Проповедник",77,Undead,25727,/skill4290.webp
Monster,tomb_oracle,"Tomb Preacher","Проповедник Гробницы",77,Undead,28763,/skill4290.webp
Monster,ketra_orc_footman,"Ketra Orc Footman","Пехотинец Орков Кетра",77,Humanoid,18647,/skill4295.webp
Monster,ketra_war_hound,"Ketra's War Hound","Боевая Гончая Кетра",77,Beast,18031,/skill4292.webp
Monster,grazing_kukaburo,"Grazing Kookaburra","Луговая Кукабарра",77,Beast,18031,/skill4292.webp
Monster,varka_silenos_grunt,"Varka Silenos Recruit","Рекрут Фавнов Варка",77,Humanoid,21105,/skill4295.webp
Monster,varka_silenos_footman,"Varka Silenos Footman","Пехотинец Фавнов Варка",77,Humanoid,18501,/skill4295.webp
Monster,grazing_antelope,"Grazing Antelope","Луговая Антилопа",77,Animal,11091,/skill4293.webp
Monster,guard_undead,"Vassal Ghost","Призрак Вассал",77,Undead,13234,/skill4290.webp
Monster,spike_stakato_drone,"Spiked Stakato Drone","Трутень Шипастых Стакато",77,Humanoid,29409,/skill4295.webp
Monster,dawn_hero_wizard_move,"Nephilim Mercenary","Наемник Нефилим",77,Mercenary,593,/skill4416_mercenary.webp
Monster,dusk_5_1_corner_leader,"Offering of Forbidden Path Elder","Старшая Жертва Запретного Пути",78,Humanoid,9053,/skill4295.webp
Monster,dusk_5_1_corner_archer,"Offering of Forbidden Path Archer","Стрелок Жертва Запретного Пути",78,Humanoid,8311,/skill4295.webp
Monster,dusk_5_2_heavy_trp_1,"Offering of Forbidden Path Warrior","Воин Жертва Запретного Пути",78,Humanoid,7680,/skill4295.webp
Monster,dusk_5_2_light_trp_1,"Offering of Forbidden Path Follower","Последователь Жертва Запретного Пути",78,Humanoid,9185,/skill4295.webp
Monster,dusk_5_2_heavy_trp_2,"Offering of Forbidden Path Berserker","Берсерк Жертва Запретного Пути",78,Humanoid,10912,/skill4295.webp
Monster,dusk_5_2_light_trp_2,"Offering of Forbidden Path Zealot","Зилот Жертва Запретного Пути",78,Humanoid,8688,/skill4295.webp
Monster,dusk_5_4_last_trp_1,"Offering of Forbidden Path Disciple","Ученик Жертва Запретного Пути",78,Humanoid,8688,/skill4295.webp
Monster,dusk_5_4_last_trp_2,"Offering of Forbidden Path Saint","Святой Жертва Запретного Пути",78,Humanoid,9837,/skill4295.webp
Monster,dawn_5_1_corner_leader,"Offering of Forbidden Path Elder","Старшая Жертва Запретного Пути",78,Humanoid,9053,/skill4295.webp
Monster,dawn_5_1_corner_archer,"Offering of Forbidden Path Archer","Стрелок Жертва Запретного Пути",78,Humanoid,8311,/skill4295.webp
Monster,dawn_5_2_heavy_trp_1,"Offering of Forbidden Path Warrior","Воин Жертва Запретного Пути",78,Humanoid,7680,/skill4295.webp
Monster,dawn_5_2_light_trp_1,"Offering of Forbidden Path Follower","Последователь Жертва Запретного Пути",78,Humanoid,9185,/skill4295.webp
Monster,dawn_5_2_heavy_trp_2,"Offering of Forbidden Path Berserker","Берсерк Жертва Запретного Пути",78,Humanoid,10912,/skill4295.webp
Monster,dawn_5_2_light_trp_2,"Offering of Forbidden Path Zealot","Зилот Жертва Запретного Пути",78,Humanoid,8688,/skill4295.webp
Monster,dawn_5_4_last_trp_1,"Offering of Forbidden Path Disciple","Ученик Жертва Запретного Пути",78,Humanoid,8688,/skill4295.webp
Monster,dawn_5_4_last_trp_2,"Offering of Forbidden Path Saint","Святой Жертва Запретного Пути",78,Humanoid,9837,/skill4295.webp
Monster,r11_roomboss_strong,"Halisha's Officer","Офицер Халиши",78,Undead,58584,/skill4290.webp
Monster,r11_roomboss_weak,"Halisha's Officer","Офицер Халиши",78,Undead,55563,/skill4290.webp
Monster,r11_roomboss_teleport,"Halisha's Officer","Офицер Халиши",78,Undead,42434,/skill4290.webp
Monster,r12_roomboss_strong,"Halisha's Officer","Офицер Халиши",78,Undead,58584,/skill4290.webp
Monster,r12_roomboss_weak,"Halisha's Officer","Офицер Халиши",78,Undead,55563,/skill4290.webp
Monster,r12_roomboss_teleport,"Halisha's Officer","Офицер Халиши",78,Undead,42434,/skill4290.webp
Monster,r13_roomboss_strong,"Halisha's Officer","Офицер Халиши",78,Undead,58584,/skill4290.webp
Monster,r13_roomboss_weak,"Halisha's Officer","Офицер Халиши",78,Undead,55563,/skill4290.webp
Monster,r13_roomboss_teleport,"Halisha's Officer","Офицер Халиши",78,Undead,42434,/skill4290.webp
Monster,r14_roomboss_strong,"Halisha's Officer","Офицер Халиши",78,Undead,58584,/skill4290.webp
Monster,r14_roomboss_weak,"Halisha's Officer","Офицер Халиши",78,Undead,55563,/skill4290.webp
Monster,r14_roomboss_teleport,"Halisha's Officer","Офицер Халиши",78,Undead,42434,/skill4290.webp
Monster,r1_beatle_healer,"Imperial Healer","Имперский Целитель",78,Bug,59699,/skill4301.webp
Monster,r1_scorpion_warrior,"Imperial Mosaic","Имперский Скорпион",78,Bug,55141,/skill4301.webp
Monster,r1_warrior_longatk1_h,"Imperial Mosaic","Имперский Скорпион",78,Bug,41438,/skill4301.webp
Monster,r1_warrior_longatk2,"Imperial Mosaic","Имперский Скорпион",78,Bug,54900,/skill4301.webp
Monster,r1_warrior_selfbuff,"Imperial Mosaic","Имперский Скорпион",78,Bug,55141,/skill4301.webp
Monster,r1_wizard_h,"Imperial Mosaic","Имперский Скорпион",78,Bug,40876,/skill4301.webp
Monster,r1_wizard_clanbuff,"Imperial Mosaic","Имперский Скорпион",78,Bug,54418,/skill4301.webp
Monster,r1_wizard_debuff,"Imperial Mosaic","Имперский Скорпион",78,Bug,53615,/skill4301.webp
Monster,r1_wizard_selfbuff,"Imperial Mosaic","Имперский Скорпион",78,Bug,54394,/skill4301.webp
Monster,r21_scarab_roombosss,"Beetle of Grave","Могильный Жук",78,Bug,34982,/skill4301.webp
Monster,r22_scarab_roombosss,"Beetle of Grave","Могильный Жук",78,Bug,34982,/skill4301.webp
Monster,r23_scarab_roombosss,"Beetle of Grave","Могильный Жук",78,Bug,34982,/skill4301.webp
Monster,r24_scarab_roombosss,"Beetle of Grave","Могильный Жук",78,Bug,34982,/skill4301.webp
Monster,r2_wizard_clanbuff,"Beetle of Grave","Могильный Жук",78,Bug,29597,/skill4301.webp
Monster,r2_warrior_longatk2,"Beetle of Grave","Могильный Жук",78,Bug,30276,/skill4301.webp
Monster,r2_wizard,"Beetle of Grave","Могильный Жук",78,Bug,28188,/skill4301.webp
Monster,r2_warrior,"Beetle of Grave","Могильный Жук",78,Bug,32814,/skill4301.webp
Monster,r2_bomb,"Beetle of Grave","Могильный Жук",78,Bug,28991,/skill4301.webp
Monster,r31_mission_roomboss1,"Victim","Жертва",78,Human,,/skill4416_human.webp
Monster,r31_mission_roomboss2,"Victim","Жертва",78,Human,,/skill4416_human.webp
Monster,r32_mission_roomboss1,"Victim","Жертва",78,Human,,/skill4416_human.webp
Monster,r32_mission_roomboss2,"Victim","Жертва",78,Human,,/skill4416_human.webp
Monster,r33_mission_roomboss1,"Victim","Жертва",78,Human,,/skill4416_human.webp
Monster,r33_mission_roomboss2,"Victim","Жертва",78,Human,,/skill4416_human.webp
Monster,r34_mission_roomboss1,"Victim","Жертва",78,Human,,/skill4416_human.webp
Monster,r34_mission_roomboss2,"Victim","Жертва",78,Human,,/skill4416_human.webp
Monster,r31_roomboss1,"Executioner of Halisha","Палач Халиши",78,Demonic,,/skill4298.webp
Monster,r31_roomboss2,"Executioner of Halisha","Палач Халиши",78,Demonic,,/skill4298.webp
Monster,r32_roomboss1,"Executioner of Halisha","Палач Халиши",78,Demonic,,/skill4298.webp
Monster,r32_roomboss2,"Executioner of Halisha","Палач Халиши",78,Demonic,,/skill4298.webp
Monster,r33_roomboss1,"Executioner of Halisha","Палач Халиши",78,Demonic,,/skill4298.webp
Monster,r33_roomboss2,"Executioner of Halisha","Палач Халиши",78,Demonic,,/skill4298.webp
Monster,r34_roomboss1,"Executioner of Halisha","Палач Халиши",78,Demonic,,/skill4298.webp
Monster,r34_roomboss2,"Executioner of Halisha","Палач Халиши",78,Demonic,,/skill4298.webp
Monster,r3_warrior,"Imperial Guard","Имперский Страж",78,Undead,42032,/skill4290.webp
Monster,r3_warrior_longatk1_h,"Imperial Guard","Имперский Страж",78,Undead,41438,/skill4290.webp
Monster,r3_warrior_longatk2,"Imperial Guard","Имперский Страж",78,Undead,42595,/skill4290.webp
Monster,r3_warrior_selfbuff,"Imperial Guard","Имперский Страж",78,Undead,41237,/skill4290.webp
Monster,r3_wizard_h,"Imperial Guard","Имперский Страж",78,Undead,41278,/skill4290.webp
Monster,r3_wizard_clanbuff,"Imperial Guard","Имперский Страж",78,Undead,42884,/skill4290.webp
Monster,r3_wizard_selfbuff,"Imperial Guard","Имперский Страж",78,Undead,40876,/skill4290.webp
Monster,r41_roomboss_strong,"Halisha's Foreman","Бригадир Халиши",78,Demonic,45345,/skill4298.webp
Monster,r41_roomboss_weak,"Halisha's Foreman","Бригадир Халиши",78,Demonic,55932,/skill4298.webp
Monster,r41_roomboss_teleport,"Halisha's Foreman","Бригадир Халиши",78,Demonic,42803,/skill4298.webp
Monster,r42_roomboss_strong,"Halisha's Foreman","Бригадир Халиши",78,Demonic,45345,/skill4298.webp
Monster,r42_roomboss_weak,"Halisha's Foreman","Бригадир Халиши",78,Demonic,55932,/skill4298.webp
Monster,r42_roomboss_teleport,"Halisha's Foreman","Бригадир Халиши",78,Demonic,42803,/skill4298.webp
Monster,r43_roomboss_strong,"Halisha's Foreman","Бригадир Халиши",78,Demonic,45345,/skill4298.webp
Monster,r43_roomboss_weak,"Halisha's Foreman","Бригадир Халиши",78,Demonic,55932,/skill4298.webp
Monster,r43_roomboss_teleport,"Halisha's Foreman","Бригадир Халиши",78,Demonic,42803,/skill4298.webp
Monster,r44_roomboss_strong,"Halisha's Foreman","Бригадир Халиши",78,Demonic,45345,/skill4298.webp
Monster,r44_roomboss_weak,"Halisha's Foreman","Бригадир Халиши",78,Demonic,55932,/skill4298.webp
Monster,r44_roomboss_teleport,"Halisha's Foreman","Бригадир Халиши",78,Demonic,42803,/skill4298.webp
Monster,r4_healer_srddmagic,"Evil Astrologer","Астролог Зла",78,Demonic,56482,/skill4298.webp
Monster,r4_hearler_srdebuff,"Evil Astrologer","Астролог Зла",78,Demonic,56803,/skill4298.webp
Monster,r4_warrior,"Knight of Darkness","Рыцарь Тьмы",78,Undead,55141,/skill4290.webp
Monster,r4_warrior_longatk1_h,"Knight of Darkness","Рыцарь Тьмы",78,Undead,41438,/skill4290.webp
Monster,r4_warrior_longatk2,"Knight of Darkness","Рыцарь Тьмы",78,Undead,54900,/skill4290.webp
Monster,r4_warrior_selfbuff,"Knight of Darkness","Рыцарь Тьмы",78,Undead,55141,/skill4290.webp
Monster,r4_wizard_h,"Witch of dust","Ведьма Праха",78,Demonic,40876,/skill4298.webp
Monster,r4_wizard_clanbuff,"Witch of dust","Ведьма Праха",78,Demonic,54418,/skill4298.webp
Monster,r4_wizard_debuff,"Witch of dust","Ведьма Праха",78,Demonic,53615,/skill4298.webp
Monster,r4_wizard_selfbuff,"Witch of dust","Ведьма Праха",78,Demonic,54394,/skill4298.webp
Monster,r4_bomb,"Signet of Emperor","Печать Императора",78,Bug,41679,/skill4301.webp
Monster,r41_controller_weakness,"Charm of Corner","Оберег Угла",78,Construct,136143,/skill4291.webp
Monster,r41_controller_pddown,"Charm of Corner","Оберег Угла",78,Construct,136143,/skill4291.webp
Monster,r41_controller_poison,"Charm of Corner","Оберег Угла",78,Construct,136143,/skill4291.webp
Monster,r41_controller_nonheal,"Charm of Corner","Оберег Угла",78,Construct,136143,/skill4291.webp
Monster,r42_controller_weakness,"Charm of Corner","Оберег Угла",78,Construct,136143,/skill4291.webp
Monster,r42_controller_pddown,"Charm of Corner","Оберег Угла",78,Construct,136143,/skill4291.webp
Monster,r42_controller_poison,"Charm of Corner","Оберег Угла",78,Construct,136143,/skill4291.webp
Monster,r42_controller_nonheal,"Charm of Corner","Оберег Угла",78,Construct,136143,/skill4291.webp
Monster,r43_controller_weakness,"Charm of Corner","Оберег Угла",78,Construct,136143,/skill4291.webp
Monster,r43_controller_pddown,"Charm of Corner","Оберег Угла",78,Construct,136143,/skill4291.webp
Monster,r43_controller_poison,"Charm of Corner","Оберег Угла",78,Construct,136143,/skill4291.webp
Monster,r43_controller_nonheal,"Charm of Corner","Оберег Угла",78,Construct,136143,/skill4291.webp
Monster,r44_controller_weakness,"Charm of Corner","Оберег Угла",78,Construct,136143,/skill4291.webp
Monster,r44_controller_pddown,"Charm of Corner","Оберег Угла",78,Construct,136143,/skill4291.webp
Monster,r44_controller_poison,"Charm of Corner","Оберег Угла",78,Construct,136143,/skill4291.webp
Monster,r44_controller_nonheal,"Charm of Corner","Оберег Угла",78,Construct,136143,/skill4291.webp
Monster,r51_roomboss_clanbuff1,"Archon of Halisha","Архонт Халиши",78,Demonic,173610,/skill4298.webp
Monster,r51_roomboss_clanbuff2,"Archon of Halisha","Архонт Халиши",78,Demonic,173610,/skill4298.webp
Monster,r52_roomboss_clanbuff1,"Archon of Halisha","Архонт Халиши",78,Demonic,173610,/skill4298.webp
Monster,r52_roomboss_clanbuff2,"Archon of Halisha","Архонт Халиши",78,Demonic,173610,/skill4298.webp
Monster,r53_roomboss_clanbuff1,"Archon of Halisha","Архонт Халиши",78,Demonic,173610,/skill4298.webp
Monster,r53_roomboss_clanbuff2,"Archon of Halisha","Архонт Халиши",78,Demonic,173610,/skill4298.webp
Monster,r54_roomboss_clanbuff1,"Archon of Halisha","Архонт Халиши",78,Demonic,173610,/skill4298.webp
Monster,r54_roomboss_clanbuff2,"Archon of Halisha","Архонт Халиши",78,Demonic,173610,/skill4298.webp
Monster,r5_healer1,"Shaman of Darkness","Темный Шаман",78,Demonic,56803,/skill4298.webp
Monster,r5_healer2,"Shaman of Darkness","Темный Шаман",78,Demonic,58329,/skill4298.webp
Monster,r5_warrior,"Assassin of Darkness","Темный Ассасин",78,Demonic,55261,/skill4298.webp
Monster,r5_warrior_longatk1_h,"Assassin of Darkness","Темный Ассасин",78,Demonic,41438,/skill4298.webp
Monster,r5_warrior_longatk2,"Assassin of Darkness","Темный Ассасин",78,Demonic,55823,/skill4298.webp
Monster,r5_warrior_sbuff,"Assassin of Darkness","Темный Ассасин",78,Demonic,55261,/skill4298.webp
Monster,r5_wizard_h,"Caster of Darkness","Заклинатель Тьмы",78,Demonic,40876,/skill4298.webp
Monster,r5_wizard_clanbuff,"Caster of Darkness","Заклинатель Тьмы",78,Demonic,70240,/skill4298.webp
Monster,r5_wizard_debuff,"Caster of Darkness","Заклинатель Тьмы",78,Demonic,52812,/skill4298.webp
Monster,r5_wizard_slefbuff,"Caster of Darkness","Заклинатель Тьмы",78,Demonic,54394,/skill4298.webp
Monster,r5_bomb,"Signet of Emperor","Печать Императора",78,Bug,22486,/skill4301.webp
Monster,r612_roomboss,"Statue of Protection","Страж Истукан",78,Construct,66895,/skill4291.webp
Monster,r613_roomboss,"Statue of Protection","Страж Истукан",78,Construct,66895,/skill4291.webp
Monster,r614_roomboss,"Statue of Protection","Страж Истукан",78,Construct,66895,/skill4291.webp
Monster,r622_roomboss,"Statue of Protection","Страж Истукан",78,Construct,66895,/skill4291.webp
Monster,r623_roomboss,"Statue of Protection","Страж Истукан",78,Construct,66895,/skill4291.webp
Monster,r624_roomboss,"Statue of Protection","Страж Истукан",78,Construct,66895,/skill4291.webp
Monster,r632_roomboss,"Statue of Protection","Страж Истукан",78,Construct,66895,/skill4291.webp
Monster,r633_roomboss,"Statue of Protection","Страж Истукан",78,Construct,66895,/skill4291.webp
Monster,r634_roomboss,"Statue of Protection","Страж Истукан",78,Construct,66895,/skill4291.webp
Monster,r642_roomboss,"Statue of Protection","Страж Истукан",78,Construct,66895,/skill4291.webp
Monster,r643_roomboss,"Statue of Protection","Страж Истукан",78,Construct,66895,/skill4291.webp
Monster,r644_roomboss,"Statue of Protection","Страж Истукан",78,Construct,66895,/skill4291.webp
Monster,r6_guard_statue,"Statue of Protection","Страж Истукан",78,Construct,66895,/skill4291.webp
Monster,d1_afflict_bomb,"Watchman of Grave","Смотритель Кладбища",78,Construct,,/skill4291.webp
Monster,d1_afflict_heal,"Watchman of Grave","Смотритель Кладбища",78,Construct,,/skill4291.webp
Monster,d1_afflict_debuff,"Watchman of Grave","Смотритель Кладбища",78,Construct,,/skill4291.webp
Monster,d2_afflict_bomb,"Watchman of Grave","Смотритель Кладбища",78,Construct,,/skill4291.webp
Monster,d2_afflict_heal,"Watchman of Grave","Смотритель Кладбища",78,Construct,,/skill4291.webp
Monster,d2_afflict_debuff,"Watchman of Grave","Смотритель Кладбища",78,Construct,,/skill4291.webp
Monster,d3_afflict_bomb,"Watchman of Grave","Смотритель Кладбища",78,Construct,,/skill4291.webp
Monster,d3_afflict_heal,"Watchman of Grave","Смотритель Кладбища",78,Construct,,/skill4291.webp
Monster,d3_afflict_debuff,"Watchman of Grave","Смотритель Кладбища",78,Construct,,/skill4291.webp
Monster,d4_afflict_bomb,"Watchman of Grave","Смотритель Кладбища",78,Construct,,/skill4291.webp
Monster,d4_afflict_heal,"Watchman of Grave","Смотритель Кладбища",78,Construct,,/skill4291.webp
Monster,d4_afflict_debuff,"Watchman of Grave","Смотритель Кладбища",78,Construct,,/skill4291.webp
Monster,halisha_treasurebox,"Halisha's Treasure Box","Сундук с Сокровищами Халиши",78,Construct,,/skill4291.webp
Monster,dusk_5_5_mid_bomb,"Flame of Forbidden Path","Пламя Запретного Пути",78,Construct,24933,/skill4291.webp
Monster,dawn_5_5_mid_bomb,"Flame of Forbidden Path","Пламя Запретного Пути",78,Construct,24933,/skill4291.webp
Monster,fishing_blocker_8,"Caught Gigantic Eye","Пойманный Гигантский Глаз",78,Construct,11022,/skill4291.webp
Monster,hall_alarm_device,"Hall Alarm Device","Устройство Сигнализации Зала",78,Construct,,/skill4291.webp
Monster,hall_keeper_captain,"Hall Keeper Captain","Начальник Охраны Зала",78,Undead,38689,/skill4290.webp
Monster,hall_keeper_wizard,"Hall Keeper Wizard","Чародей Хранитель Зала",78,Demonic,29019,/skill4298.webp
Monster,hall_keeper_guard,"Hall Keeper Guard","Страж Хранитель Зала",78,Undead,31388,/skill4290.webp
Monster,hall_keeper_patrol,"Hall Keeper Patrol","Дозорный Хранитель Зала",78,Undead,30627,/skill4290.webp
Monster,hall_keeper_destruction,"Hall Keeper Suicidal Soldier","Камикадзе Хранитель Зала",78,Undead,29875,/skill4290.webp
Monster,undeadband_bandmaster,"Dark Choir Captain","Капитан Темного Хора",78,Demonic,41536,/skill4298.webp
Monster,undeadband_member_leader,"Dark Choir Prima Donna","Примадонна Темного Хора",78,Demonic,31388,/skill4298.webp
Monster,undeadband_member_lance,"Dark Choir Lancer","Копейщик Темного Хора",78,Undead,31388,/skill4290.webp
Monster,undeadband_member_archer,"Dark Choir Archer","Стрелок Темного Хора",78,Undead,31388,/skill4290.webp
Monster,undeadband_member_wizard,"Dark Choir Witch Doctor","Ведьмак Темного Хора",78,Demonic,23952,/skill4298.webp
Monster,undeadband_player,"Dark Choir Player","Музыкант Темного Хора",78,Undead,29875,/skill4290.webp
Monster,hall_timer_bomb1,"Hall Keeper Suicidal Soldier","Камикадзе Хранитель Зала",78,Undead,,/skill4290.webp
Monster,hall_timer_bomb2,"Hall Keeper Suicidal Soldier","Камикадзе Хранитель Зала",78,Undead,,/skill4290.webp
Monster,sewer_guard_zombie1,"Gatekeeper Zombie","Зомби Хранитель Портала",78,Undead,,/skill4290.webp
Monster,ancient_egg,"Ancient Egg","Древнее Яйцо",78,Others,,/skill4416_etc.webp
Monster,arachnoid,"Sprigant","Сприган",78,Plant,8267,/skill4294.webp
Monster,arachnoid_a,"Sprigant","Сприган",78,Plant,8267,/skill4294.webp
Monster,nonexistent_man,"Nonexistent Man","Несуществующий",78,Construct,27816,/skill4291.webp
Monster,giant_shadow,"Giant's Shadow","Тень Гиганта",78,Giant,36095,/skill4300.webp
Monster,ancient_saint_tutelary,"Guardian Spirit of Ancient Holy Ground","Призрачный Страж Древней Святой Земли",78,Undead,28547,/skill4290.webp
Monster,ancient_saint_vision,"Lesser Ancient Warrior","Младший Древний Воин",78,Demonic,31048,/skill4298.webp
Monster,lilim_archmage,"Lilim Great Mystic","Великий Мистик Лилим",78,Demonic,29223,/skill4298.webp
Monster,lilim_knight_guardian,"Lilim Court Knight","Почтенный Рыцарь Лилим",78,Demonic,41856,/skill4298.webp
Monster,nephilim_cardinal,"Nephilim Cardinal","Кардинал Нефилим",78,Angel,31734,/skill4297.webp
Monster,nephilim_commander,"Nephilim Commander","Командир Нефилим",78,Angel,41856,/skill4297.webp
Monster,ketra_orc_trooper,"Ketra Orc Raider","Налетчик Орков Кетра",78,Humanoid,20480,/skill4295.webp
Monster,ketra_orc_scout,"Ketra Orc Scout","Разведчик Орков Кетра",78,Humanoid,19634,/skill4295.webp
Monster,ketra_orc_shaman,"Ketra Orc Shaman","Шаман Орков Кетра",78,Humanoid,19912,/skill4295.webp
Monster,grazing_buffalo,"Grazing Buffalo","Луговой Буйвол",78,Beast,18980,/skill4292.webp
Monster,ketra_orc_warrior,"Ketra Orc Warrior","Воин Орков Кетра",78,Humanoid,18609,/skill4295.webp
Monster,ketra_orc_captain,"Ketra Orc Lieutenant","Лейтенант Орков Кетра",78,Humanoid,20841,/skill4295.webp
Monster,grazing_windsus,"Grazing Windsus","Луговой Вепрь",78,Animal,19953,/skill4293.webp
Monster,ketra_orc_medium,"Ketra Orc Medium","Медиум Орков Кетра",78,Humanoid,29867,/skill4295.webp
Monster,ketra_orc_elite,"Ketra Orc Elite Soldier","Элитный Солдат Орков Кетра",78,Humanoid,19252,/skill4295.webp
Monster,ketra_orc_centurion,"Ketra Orc White Captain","Белый Капитан Орков Кетра",78,Humanoid,22635,/skill4295.webp
Monster,grazing_elder_buffalo,"Grazing Elder Buffalo","Луговой Матерый Буйвол",78,Beast,20950,/skill4292.webp
Monster,ketra_orc_seer,"Ketra Orc Seer","Пророк Орков Кетра",78,Humanoid,27568,/skill4295.webp
Monster,ketra_orc_officer,"Ketra Orc General","Генерал Орков Кетра",78,Humanoid,20989,/skill4295.webp
Monster,ketra_orc_praefect,"Ketra Orc Battalion Commander","Командир Батальона Орков Кетра",78,Humanoid,20989,/skill4295.webp
Monster,grazing_elder_kukaburo,"Grazing Elder Kookaburra","Луговая Матерая Кукабарра",78,Beast,21972,/skill4292.webp
Monster,ketra_orc_overseer,"Ketra Orc Grand Seer","Великий Пророк Орков Кетра",78,Humanoid,28912,/skill4295.webp
Monster,ketra_orc_legatus,"Ketra Commander","Командир Кетра",78,Humanoid,32801,/skill4295.webp
Monster,ketra_elite_guard,"Ketra Elite Guard","Элитный Страж Кетра",78,Humanoid,22276,/skill4295.webp
Monster,ketra_high_shaman,"Ketra's Head Shaman","Главный Шаман Кетра",78,Humanoid,24720,/skill4295.webp
Monster,ketra_high_guard,"Ketra's Head Guard","Главный Страж Кетра",78,Humanoid,24560,/skill4295.webp
Monster,ketra_soothsayer,"Ketra Prophet","Предсказатель Кетра",78,Humanoid,37558,/skill4295.webp
Monster,soothsayers_guard,"Prophet's Guard","Страж Пророка",78,Humanoid,25743,/skill4295.webp
Monster,soothsayers_aide,"Prophet's Aide","Советник Пророка",78,Humanoid,26143,/skill4295.webp
Monster,varka_silenos_scout,"Varka Silenos Scout","Разведчик Фавнов Варка",78,Humanoid,25065,/skill4295.webp
Monster,varka_silenos_hunter,"Varka Silenos Hunter","Охотник Фавнов Варка",78,Humanoid,24846,/skill4295.webp
Monster,varka_silenos_shaman,"Varka Silenos Shaman","Шаман Фавнов Варка",78,Humanoid,24583,/skill4295.webp
Monster,grazing_nephentes,"Grazing Nepenthes","Луговой Непентис",78,Plant,15612,/skill4294.webp
Monster,varka_silenos_priest,"Varka Silenos Priest","Жрец Фавнов Варка",78,Humanoid,25424,/skill4295.webp
Monster,varka_silenos_warrior,"Varka Silenos Warrior","Воин Фавнов Варка",78,Humanoid,25564,/skill4295.webp
Monster,grazing_bandersnatch,"Grazing Bandersnatch","Луговой Драколов",78,Beast,15761,/skill4292.webp
Monster,varka_silenos_medium,"Varka Silenos Medium","Медиум Фавнов Варка",78,Humanoid,33108,/skill4295.webp
Monster,varka_silenos_mage,"Varka Silenos Magus","Маг Фавнов Варка",78,Humanoid,23322,/skill4295.webp
Monster,varka_silenos_sergeant,"Varka Silenos Officer","Офицер Фавнов Варка",78,Humanoid,25564,/skill4295.webp
Monster,grazing_flava,"Grazing Flava","Луговой Цветок",78,Plant,23952,/skill4294.webp
Monster,varka_silenos_seer,"Varka Silenos Seer","Пророк Фавнов Варка",78,Humanoid,18179,/skill4295.webp
Monster,varka_silenos_archmage,"Varka Silenos Great Magus","Великий Маг Фавнов Варка",78,Humanoid,25065,/skill4295.webp
Monster,varka_silenos_officer,"Varka Silenos General","Генерал Фавнов Варка",78,Humanoid,27045,/skill4295.webp
Monster,grazing_elder_antelope,"Grazing Elder Antelope","Луговая Резвая Антилопа",78,Animal,15761,/skill4293.webp
Monster,varka_silenos_overseer,"Varka Silenos Great Seer","Великий Пророк Фавнов Варка",78,Humanoid,32232,/skill4295.webp
Monster,varka_silenos_general,"Varka's Commander","Командир Фавнов Варка",78,Humanoid,31469,/skill4295.webp
Monster,varka_elite_guard,"Varka's Elite Guard","Элитный Страж Фавнов Варка",78,Humanoid,26151,/skill4295.webp
Monster,varka_high_magus,"Varka's Head Magus","Главный Маг Фавнов Варка",78,Humanoid,24846,/skill4295.webp
Monster,varka_high_guard,"Varka's Head Guard","Главный Страж Фавнов Варка",78,Humanoid,16812,/skill4295.webp
Monster,varka_soothsayer,"Varka's Prophet","Предсказатель Фавнов Варка",78,Humanoid,32074,/skill4295.webp
Monster,soothsayers_escort,"Prophet Guard","Страж Пророчества",78,Humanoid,16952,/skill4295.webp
Monster,soothsayers_apostle,"Disciple of Prophet","Апостол Пророчества",78,Humanoid,16339,/skill4295.webp
Monster,scarlet_stakato_worker,"Scarlet Stakato Walker","Рабочий Алых Стакато",78,Humanoid,35275,/skill4295.webp
Monster,scarlet_stakato_soldier,"Scarlet Stakato Soldier","Солдат Алых Стакато",78,Humanoid,34523,/skill4295.webp
Monster,scarlet_stakato_noble,"Scarlet Stakato Noble","Элитный Алый Стакато",78,Humanoid,49148,/skill4295.webp
Monster,tephra_scorpion,"Tepra Scorpion","Скорпион Тепра",78,Bug,35491,/skill4301.webp
Monster,tephra_scarab,"Tepra Scarab","Скарабей Тепра",78,Bug,36185,/skill4301.webp
Monster,assassin_beetle,"Assassin Beetle","Жук Убийца",78,Bug,42075,/skill4301.webp
Monster,destroyer_mercenary,"Mercenary of Destruction","Наемник Разрушения",78,Undead,51904,/skill4290.webp
Monster,destroyer_knight,"Knight of Destruction","Рыцарь Разрушения",78,Undead,51983,/skill4290.webp
Monster,destroyer_savant,"Necromancer of Destruction","Некромант Разрушения",78,Demonic,44576,/skill4298.webp
Monster,lavastone_golem,"Lavastone Golem","Голем из Лавы",78,Construct,42930,/skill4291.webp
Monster,magma_golem,"Magma Golem","Голем из Магмы",78,Construct,45872,/skill4291.webp
Monster,destroyer_ahrimanes,"Arimanes of Destruction","Ариманес Разрушения",78,Demonic,36575,/skill4298.webp
Monster,destroyer_iblis,"Iblis of Destruction","Ивлис Разрушения",78,Demonic,55327,/skill4298.webp
Monster,destroyer_balor,"Balrog of Destruction","Балрог Разрушения",78,Demonic,59328,/skill4298.webp
Monster,destroyer_ashuras,"Ashuras of Destruction","Ашурас Разрушения",78,Demonic,68450,/skill4298.webp
Monster,lavasilisk,"Lavasillisk","Лавасилиск",78,Beast,47322,/skill4292.webp
Monster,blazing_ifrit,"Blazing Ifrit","Пылающий Ифрит",78,Elemental,67509,/skill4296.webp
Monster,magma_drake,"Magma Drake","Дрейк из Магмы",78,Dragon,56964,/skill4299.webp
Monster,lavasaurus,"Lavasaurus","Лавазавр",78,Construct,44944,/skill4291.webp
Monster,elder_lavasaurus,"Elder Lavasaurus","Матерый Лавазавр",78,Construct,58564,/skill4291.webp
Monster,carrion_scarab,"Carrion Scarab","Скарабей Падальщик",78,Bug,24549,/skill4301.webp
Monster,carrion_scarab_a,"Carrion Scarab","Скарабей Падальщик",78,Bug,21310,/skill4301.webp
Monster,soldier_scarab,"Soldier Scarab","Скарабей Солдат",78,Bug,40465,/skill4301.webp
Monster,soldier_scarab_a,"Soldier Scarab","Скарабей Солдат",78,Bug,38680,/skill4301.webp
Monster,hexa_beetle,"Hexa Beetle","Хекса Жук",78,Bug,33055,/skill4301.webp
Monster,hexa_beetle_a,"Hexa Beetle","Хекса Жук",78,Bug,29087,/skill4301.webp
Monster,katraxith,"Katraxis","Катраксис",78,Bug,30013,/skill4301.webp
Monster,katraxith_a,"Katraxis","Катраксис",78,Bug,34642,/skill4301.webp
Monster,tera_beetle,"Tera Beetle","Тера Жук",78,Bug,59626,/skill4301.webp
Monster,tera_beetle_a,"Tera Beetle","Тера Жук",78,Bug,28588,/skill4301.webp
Monster,imperial_knight,"Knight of Empire","Имперский Рыцарь",78,Undead,42272,/skill4290.webp
Monster,imperial_knight_a,"Knight of Empire","Имперский Рыцарь",78,Undead,27052,/skill4290.webp
Monster,imperial_guard,"Royal Guard of Empire","Королевский Страж Империи",78,Undead,36791,/skill4290.webp
Monster,imperial_guard_a,"Royal Guard of Empire","Королевский Страж Империи",78,Undead,41142,/skill4290.webp
Monster,guardian_scarab,"Guardian Scarab","Скарабей Стражник",78,Bug,38010,/skill4301.webp
Monster,guardian_scarab_a,"Guardian Scarab","Скарабей Стражник",78,Bug,30337,/skill4301.webp
Monster,ustralith,"Ustralith","Астралит",78,Bug,48414,/skill4301.webp
Monster,ustralith_a,"Ustralith","Астралит",78,Bug,37229,/skill4301.webp
Monster,imperial_assassin,"Assassin of Empire","Имперский Ассасин",78,Undead,36181,/skill4290.webp
Monster,imperial_assassin_a,"Assassin of Empire","Имперский Ассасин",78,Undead,36499,/skill4290.webp
Monster,imperial_warlord,"Imperial Commander","Имперский Командир",78,Undead,43189,/skill4290.webp
Monster,imperial_warlord_a,"Imperial Commander","Имперский Командир",78,Undead,75345,/skill4290.webp
Monster,imperial_highguard,"Imperial Royal Guard","Имперский Королевский Страж",78,Undead,32124,/skill4290.webp
Monster,imperial_highguard_a,"Imperial Royal Guard","Имперский Королевский Страж",78,Undead,32694,/skill4290.webp
Monster,ashuras,"Ashuras","Ашурас",78,Demonic,38520,/skill4298.webp
Monster,ashuras_a,"Ashuras","Ашурас",78,Demonic,36159,/skill4298.webp
Monster,imperial_dancer,"Dancer of Empire","Имперский Танцор",78,Demonic,41481,/skill4298.webp
Monster,imperial_dancer_a,"Dancer of Empire","Имперский Танцор",78,Demonic,43973,/skill4298.webp
Monster,ashikenas,"Ashkenas","Ашкенас",78,Demonic,55732,/skill4298.webp
Monster,ashikenas_a,"Ashkenas","Ашкенас",78,Demonic,56668,/skill4298.webp
Monster,abraxian,"Abraxion","Абраксион",78,Demonic,65250,/skill4298.webp
Monster,abraxian_a,"Abraxion","Абраксион",78,Demonic,38349,/skill4298.webp
Monster,hasturan,"Hasturan","Хастуран",78,Demonic,36621,/skill4298.webp
Monster,hasturan_a,"Hasturan","Хастуран",78,Demonic,38239,/skill4298.webp
Monster,ahrimanes,"Arimanes","Ариманес",78,Demonic,52810,/skill4298.webp
Monster,ahrimanes_a,"Arimanes","Ариманес",78,Demonic,45045,/skill4298.webp
Monster,chakram_beetle,"Chakram Beetle","Жук Шакрам",78,Bug,72932,/skill4301.webp
Monster,jamadhr_beetle,"Jamadar Beetle","Жук Падальщик",78,Bug,70729,/skill4301.webp
Monster,priest_of_blood,"Seer of Blood ","Пророк Крови",78,Demonic,141369,/skill4298.webp
Monster,sacrifice_guide,"Guide of Offering","Проводник Жертвы",78,Undead,71537,/skill4290.webp
Monster,sacrifice_bearer,"Leader of Offering","Верховный Жрец Жертвоприношений",78,Undead,74207,/skill4290.webp
Monster,sacrifice_scarab,"Offering Bug","Скарабей Жертва",78,Bug,29957,/skill4301.webp
Monster,scarlet_stakato_noble_bs,"Scarlet Stakato Noble","Элитный Алый Стакато",78,Humanoid,46911,/skill4295.webp
Monster,assassin_beetle_bs,"Assassin Beetle","Жук Ассасин",78,Bug,34021,/skill4301.webp
Monster,destroyer_savant_bs,"Necromancer of Destruction","Некромант Разрушения",78,Demonic,40213,/skill4298.webp
Monster,destroyer_ahrimanes_bs,"Arimanes of Destruction","Ариманес Разрушения",78,Demonic,35744,/skill4298.webp
Monster,destroyer_ashuras_bs,"Ashuras of Destruction","Ашурас Разрушения",78,Demonic,62781,/skill4298.webp
Monster,magma_drake_bs,"Magma Drake","Дрейк из Магмы",78,Dragon,54374,/skill4299.webp
Monster,r50_invader_soldier_a,"Messenger Invader Soldier","Вестник Захватчик Солдат",78,Undead,31088,/skill4290.webp
Monster,r50_invader_soldier_b,"Messenger Invader Soldier","Вестник Захватчик Солдат",78,Undead,36690,/skill4290.webp
Monster,r50_invader_archer,"Messenger Invader Archer","Вестник Захватчик Стрелок",78,Undead,28326,/skill4290.webp
Monster,r51_invader_elite_a,"Messenger Invader Elite Soldier","Вестник Захватчик Элитный Солдат ",78,Undead,30540,/skill4290.webp
Monster,r51_invader_shaman,"Messenger Invader Shaman","Вестник Захватчик Шаман",78,Undead,35766,/skill4290.webp
Monster,r51_invader_priest,"Messenger Invader Priest","Вестник Захватчик Жрец",78,Undead,21494,/skill4290.webp
Monster,r52_invader_mage_a,"Messenger Invader Magus","Вестник Захватчик Маг",78,Undead,24116,/skill4290.webp
Monster,r52_invader_martyr,"Messenger Invader Martyrs","Вестник Захватчик Мученик",78,Undead,21719,/skill4290.webp
Monster,r52_invader_warrior_a,"Messenger Invader Warrior","Вестник Захватчик Воин",78,Undead,22994,/skill4290.webp
Monster,r53_invader_soldier_c,"Messenger Invader Soldier","Вестник Захватчик Солдат",78,Undead,22865,/skill4290.webp
Monster,r53_invader_zealot,"Messenger Invader Disciple","Вестник Захватчик Апостол",78,Undead,24213,/skill4290.webp
Monster,r53_invader_beserker,"Messenger Invader Berserker","Вестник Захватчик Берсерк",78,Undead,31592,/skill4290.webp
Monster,r54_invader_elite_b,"Messenger Invader Elite Soldier","Вестник Захватчик Элитный Солдат",78,Undead,56592,/skill4290.webp
Monster,r54_invader_elite_c,"Messenger Invader Elite Soldier","Вестник Захватчик Элитный Солдат ",78,Undead,57664,/skill4290.webp
Monster,r55_invader_elite_d,"Messenger Invader Elite Soldier","Вестник Захватчик Элитный Солдат",78,Undead,2249,/skill4290.webp
Monster,r55_invader_elite_e,"Messenger Invader Elite Soldier","Вестник Захватчик Элитный Солдат",78,Undead,5529,/skill4290.webp
Monster,r55_invader_warrior_b,"Messenger Invader Warrior","Вестник Захватчик Воин",78,Undead,55136,/skill4290.webp
Monster,r56_invader_elite_f,"Messenger Invader Elite Soldier","Вестник Захватчик Элитный Солдат",78,Undead,49693,/skill4290.webp
Monster,r56_invader_elite_g,"Messenger Invader Elite Soldier","Вестник Захватчик Элитный Солдат",78,Undead,53490,/skill4290.webp
Monster,r57_invader_elite_h,"Messenger Invader Elite Soldier","Вестник Захватчик Элитный Солдат",78,Undead,48991,/skill4290.webp
Monster,r57_invader_elite_i,"Messenger Invader Elite Soldier","Вестник Захватчик Элитный Солдат",78,Undead,55306,/skill4290.webp
Monster,r57_invader_mage_b,"Messenger Invader Magus","Вестник Захватчик Маг",78,Undead,50999,/skill4290.webp
Monster,sacrifice_executer,"Executor of Sacrificial Offerings","Ритуальный Палач",78,Undead,72252,/skill4290.webp
Monster,spike_stakato_raider,"Spiked Stakato Captain","Вожак Шипастых Стакато",78,Humanoid,30177,/skill4295.webp
Monster,nurse_spike_stakato,"Spiked Stakato Nurse","Нянька Шипастых Стакато",78,Humanoid,41892,/skill4295.webp
Monster,nurse_spike_stakato_c,"Spiked Stakato Nurse","Нянька Шипастых Стакато",78,Humanoid,31155,/skill4295.webp
Monster,baby_spike_stakato,"Spiked Stakato Baby","Детеныш Шипастого Стакато",78,Humanoid,39719,/skill4295.webp
Monster,spike_stakato_shaman_s,"Spiked Stakato Shaman","Шаман Шипастых Стакато",78,Humanoid,30969,/skill4295.webp
Monster,cloister_pilgrim,"Monastic Pilgrim","Монах Паломник",78,Angel,41281,/skill4297.webp
Monster,cloister_crusader,"Monastic Crusader","Монах Крестоносец",78,Angel,41690,/skill4297.webp
Monster,solina_brother,"Solina Brother","Брат Солины",78,Angel,33265,/skill4297.webp
Monster,solina_lay_brother,"Solina Lay Brother","Лжебрат Солины",78,Angel,33305,/skill4297.webp
Monster,silence_seeker,"Silent Seeker","Безмолвный Искатель",78,Angel,34092,/skill4297.webp
Monster,silence_brother,"Silent Brother","Безмолвный Брат",78,Angel,34122,/skill4297.webp
Monster,cloister_protector,"Monastery Guardian","Стражник Монастыря",78,Angel,9741,/skill4297.webp
Monster,monk_warrior,"Warrior Monk","Монах Воин",78,Angel,35775,/skill4297.webp
Monster,divinity_advocate,"Divine Advocate","Божественный Защитник",78,Angel,52227,/skill4297.webp
Monster,light_pligrim,"Pilgrim of Light","Паломник Света",78,Angel,56598,/skill4297.webp
Monster,light_judge,"Judge of Light","Судья Света",78,Angel,37163,/skill4297.webp
Monster,protector_holy_grail,"Guardian of the Grail","Стражник Грааля",78,Construct,13890,/skill4291.webp
Monster,sacred_guard,"Guardian of the Holy Land","Стражник Святой Земли",78,Angel,37490,/skill4297.webp
Monster,light_guard,"Beholder of Light","Смотритель Света",78,Angel,60962,/skill4297.webp
Monster,sewer_guard_zombie,"Gatekeeper Zombie","Зомби Хранитель Портала",78,Undead,35842,/skill4290.webp
Monster,penance_roomguard,"Penance Guard","Страж Комнаты Покаяния",78,Undead,3681,/skill4290.webp
Monster,chapel_guard,"Chapel Guard","Страж Часовни",78,Undead,4054,/skill4290.webp
Monster,zombie_enlisted_man,"Old Aristocrat's Soldier","Солдат Старого Аристократа",78,Undead,33132,/skill4290.webp
Monster,zombie_laborer,"Zombie Worker","Зомби Рабочий",78,Undead,32319,/skill4290.webp
Monster,forgotten_victim,"Forgotten Victim","Забытая Жертва",78,Undead,33394,/skill4290.webp
Monster,trioll_s_laity,"Triol's Layperson","Дилетант Тироля",78,Humanoid,33855,/skill4295.webp
Monster,penance_1st_rboss,"Triol's Believer","Верующий Тироля",78,Humanoid,39134,/skill4295.webp
Monster,zombie_em_knight,"Resurrected Temple Knight","Воскресший Рыцарь Храма",78,Undead,33955,/skill4290.webp
Monster,ritual_victim_penance,"Ritual Sacrifice","Ритуальная Жертва",78,Undead,32635,/skill4290.webp
Monster,chapel_1st_rboss,"Triol's Priest","Жрец Тироля",78,Humanoid,36409,/skill4295.webp
Monster,ritual_immolation_range,"Ritual Offering","Ритуальное Подношение",78,Undead,35945,/skill4290.webp
Monster,trioll_s_devotee,"Triol's Believer","Верующий Тироля",78,Humanoid,28321,/skill4295.webp
Monster,ritual_immolation_one,"Ritual Offering","Ритуальное Подношение",78,Undead,33955,/skill4290.webp
Monster,triolls_devotee_debuffer,"Triol's Believer","Верующий Тироля",78,Humanoid,29760,/skill4295.webp
Monster,chapel_2nd_rboss,"Triol's Priest","Жрец Тироля",78,Humanoid,42050,/skill4295.webp
Monster,sanctuary_guards,"Temple Guard","Страж Храма",78,Undead,36817,/skill4290.webp
Monster,sanctuary_guard_captains,"Temple Guard Captain","Начальник Стражи Храма",78,Undead,35631,/skill4290.webp
Monster,ritual_victim_chapel,"Ritual Sacrifice","Ритуальная Жертва",78,Undead,35937,/skill4290.webp
Monster,highprist_partyleader01,"Triol's High Priest","Верховный Жрец Тироля",78,Humanoid,51240,/skill4295.webp
Monster,prist_privates_mage01,"Triol's Priest","Жрец Тироля",78,Humanoid,46329,/skill4295.webp
Monster,privates_debuffer01,"Triol's Priest","Жрец Тироля",78,Humanoid,44390,/skill4295.webp
Monster,privates_runaway01,"Triol's Believer","Верующий Тироля",78,Humanoid,45257,/skill4295.webp
Monster,highprist_partyleader02,"Triol's High Priest","Верховный Жрец Тироля",78,Humanoid,52452,/skill4295.webp
Monster,privates_debuffer02,"Triol's Priest","Жрец Тироля",78,Humanoid,46329,/skill4295.webp
Monster,ritual_victim_party02,"Ritual Sacrifice","Ритуальная Жертва",78,Undead,52497,/skill4290.webp
Monster,privates_runaway02,"Triol's Believer","Верующий Тироля",78,Humanoid,45257,/skill4295.webp
Monster,highprist_partyleader03,"Triol's High Priest","Верховный Жрец Тироля",78,Humanoid,60848,/skill4295.webp
Monster,prist_privates_fanatic03,"Triol's Believer","Верующий Тироля",78,Humanoid,46329,/skill4295.webp
Monster,privates_debuffer03,"Triol's Priest","Жрец Тироля",78,Humanoid,44390,/skill4295.webp
Monster,prist_privates_mage03,"Triol's Believer","Верующий Тироля",78,Humanoid,44390,/skill4295.webp
Monster,highprist_partyleader04,"Triol's High Priest","Верховный Жрец Тироля",78,Humanoid,53679,/skill4295.webp
Monster,privates_debuffer04,"Triol's Priest","Жрец Тироля",78,Humanoid,46504,/skill4295.webp
Monster,ritual_victim_party04,"Ritual Sacrifice","Ритуальная Жертва",78,Undead,53740,/skill4290.webp
Monster,prist_privates_warrior04,"Triol's Believer","Верующий Тироля",78,Humanoid,46329,/skill4295.webp
Monster,highprist_partyleader05,"Triol's High Priest","Верховный Жрец Тироля",78,Humanoid,62272,/skill4295.webp
Monster,ritual_victim_party05,"Ritual Sacrifice","Ритуальная Жертва",78,Undead,53740,/skill4290.webp
Monster,prist_privates_mage05,"Triol's Priest","Жрец Тироля",78,Humanoid,45441,/skill4295.webp
Monster,privates_debuffer05,"Triol's Priest","Жрец Тироля",78,Humanoid,45257,/skill4295.webp
Monster,guardchief_of_andreas,"Andreas' Captain of the Royal Guard","Капитан Королевской Стражи Андреаса",78,Undead,1871,/skill4290.webp
Monster,bodyguard_of_andreas,"Andreas' Royal Guards","Королевский Стражник Андреаса",78,Undead,1871,/skill4290.webp
Monster,raid_partyleader_01,"Andreas' Captain of the Royal Guard","Капитан Королевской Стражи Андреаса",78,Humanoid,36967,/skill4295.webp
Monster,raid_privates_warrior_01,"Andreas' Royal Guards","Королевский Стражник Андреаса",78,Humanoid,29554,/skill4295.webp
Monster,raid_privates_bomb_01,"Ritual Sacrifice","Ритуальная Жертва",78,Undead,34316,/skill4290.webp
Monster,raid_partyleader_02,"Andreas' Captain of the Royal Guard","Капитан Королевской Стражи Андреаса",78,Humanoid,16894,/skill4295.webp
Monster,raid_privates_curse_02,"Andreas' Royal Guards","Королевский Стражник Андреаса",78,Humanoid,8875,/skill4295.webp
Monster,raid_privates_wizard_02,"Andreas' Royal Guards","Королевский Стражник Андреаса",78,Humanoid,8875,/skill4295.webp
Monster,penance_roomguard_01,"Penance Guard","Стражник Возмездия",78,Undead,3681,/skill4290.webp
Monster,ritual_victim_penance_a,"Ritual Sacrifice","Ритуальная Жертва",78,Undead,32635,/skill4290.webp
Monster,mystery_inhibitor_1,"Unknown Stopper","Таинственный Демон",78,Demonic,,/skill4298.webp
Monster,mystery_inhibitor_2,"Unknown Stopper","Таинственный Демон",78,Demonic,,/skill4298.webp
Monster,mystery_inhibitor_3,"Unknown Stopper","Таинственный Демон",78,Demonic,,/skill4298.webp
Monster,boss_hallate_1,"Death Lord Hallate","Повелитель Смерти Халлет",78,Undead,,/skill4290.webp
Monster,boss_hallate_2,"Death Lord Hallate","Повелитель Смерти Халлет",78,Undead,,/skill4290.webp
Monster,boss_hallate_3,"Death Lord Hallate","Повелитель Смерти Халлет",78,Undead,,/skill4290.webp
Monster,lich_king_acron,"Lich King Icarus","Король Личей Икар",78,Demonic,,/skill4298.webp
Monster,assassin_pezel,"Assassin Pezel","Ассасин Пезель",78,Undead,,/skill4290.webp
Monster,fallenangel_tanakia_1,"Fallen Angel Tanakia","Падший Ангел Танакиа",78,Demonic,,/skill4298.webp
Monster,fallenangel_tanakia_2,"Fallen Angel Tanakia","Падший Ангел Танакиа",78,Demonic,,/skill4298.webp
Monster,fallenangel_tanakia_3,"Fallen Angel Tanakia","Падший Ангел Танакиа",78,Demonic,,/skill4298.webp
Monster,fallenangel_tanakia_4,"Fallen Angel Tanakia","Падший Ангел Танакиа",78,Demonic,,/skill4298.webp
Monster,shadow_of_bereth,"Shadow of Beleth","Тень Белефа",78,Demonic,,/skill4298.webp
Monster,cursed_kesad_ehin,"Cursed Kesadein","Проклятый Кесадейн",78,Undead,,/skill4290.webp
Monster,fallenangel_narsis,"Fallen Angel Narcissus","Падший Ангел Нарцисс",78,Demonic,,/skill4298.webp
Monster,fallenangel_metelus,"Fallen Angel Metellus","Падший Ангел Метелиус",78,Demonic,,/skill4298.webp
Monster,darkpower_othiel,"Reverse Angel Odiel","Темный Ангел Отиэль",78,Angel,,/skill4297.webp
Monster,grandpapa_askalius,"Grandpapa Askalius","Дедушка Аскалиус",78,Construct,,/skill4291.webp
Monster,flame_of_death_azira,"Flame Evil Spirit Azira","Злой Дух Огня Азира",78,Elemental,,/skill4296.webp
Monster,totem_of_lizard_sarhi,"Lizard's Totem Sharuhi","Тотем Ящеров Шарухи",78,Beast,,/skill4292.webp
Monster,defender_azrael1,"Monument Defender Azrael","Защитник Азраэль",78,Angel,,/skill4297.webp
Monster,defender_azrael2,"Monument Defender Azrael","Защитник Азраэль",78,Angel,,/skill4297.webp
Monster,defender_azrael3,"Monument Defender Azrael","Защитник Азраэль",78,Angel,,/skill4297.webp
Monster,defender_azrael4,"Monument Defender Azrael","Защитник Азраэль",78,Angel,,/skill4297.webp
Monster,defender_azrael5,"Monument Defender Azrael","Защитник Азраэль",78,Angel,,/skill4297.webp
Monster,defender_azrael6,"Monument Defender Azrael","Защитник Азраэль",78,Angel,,/skill4297.webp
Monster,assassin_frost,"Assassin Frost","Ледяной Ассасин",78,Demonic,,/skill4298.webp
Monster,minervia_van_haken,"Minervia Van Hacken","Минервия Ван Хакен",78,Demonic,,/skill4298.webp
Monster,kitanis_van_haken,"Kitanis Van Hacken","Китанис Ван Хакен",78,Demonic,,/skill4298.webp
Monster,hound_judge_kelvas,"Judgment Hound Dog Kelvas","Келвас Гончая Правосудия",78,Beast,,/skill4292.webp
Monster,mysterious_servitor1,"Mysterious Servitor","Мистический Служитель",78,Demonic,,/skill4298.webp
Monster,treasure_box_78,"Treasure Chest","Сундук с Сокровищами",78,Others,,/skill4416_etc.webp
Monster,treasure_box_81,"Treasure Chest","Сундук с Сокровищами",78,Others,,/skill4416_etc.webp
Monster,treasure_box_84,"Treasure Chest","Сундук с Сокровищами",78,Others,,/skill4416_etc.webp
Monster,mimic_78,"Treasure Chest","Сундук с Сокровищами",78,Others,7301,/skill4416_etc.webp
Monster,mimic_81,"Treasure Chest","Сундук с Сокровищами",78,Others,7873,/skill4416_etc.webp
Monster,r54_invader_box_a,"Messenger Invader Food","Сундук Посыльных Захватчиков",78,Others,,/skill4416_etc.webp
Monster,r56_invader_box_b,"Messenger Invader Food","Сундук Посыльных Захватчиков",78,Others,,/skill4416_etc.webp
Monster,r54_invader_mimic,"Messenger Invader Food","Сундук Вестников Захватчиков",78,Others,9308,/skill4416_etc.webp
Monster,velociraptor_leader,"Velociraptor","Велоцираптор",80,Beast,121028,/skill4292.webp
Monster,velociraptor,"Velociraptor","Велоцираптор",80,Beast,52998,/skill4292.webp
Monster,velociraptor_s,"Velociraptor","Велоцираптор",80,Beast,121028,/skill4292.webp
Monster,rhamphorhynchus,"Pterosaur","Птерозавр",80,Beast,211561,/skill4292.webp
Monster,ornithomimus_leader,"Ornithomimus","Орнитомим",80,Beast,52474,/skill4292.webp
Monster,ornithomimus,"Ornithomimus","Орнитомим",80,Beast,52474,/skill4292.webp
Monster,ornithomimus_s,"Ornithomimus","Орнитомим",80,Beast,52474,/skill4292.webp
Monster,deinonychus_leader,"Deinonychus","Дейноних",80,Beast,50391,/skill4292.webp
Monster,deinonychus,"Deinonychus","Дейноних",80,Beast,49141,/skill4292.webp
Monster,deinonychus_s,"Deinonychus","Дейноних",80,Beast,50391,/skill4292.webp
Monster,pachycephalosaurus_ldr,"Pachycephalosaurus","Пахицефалозавр",80,Beast,58551,/skill4292.webp
Monster,pachycephalosaurus,"Pachycephalosaurus","Пахицефалозавр",80,Beast,53848,/skill4292.webp
Monster,pachycephalosaurus_s,"Pachycephalosaurus","Пахицефалозавр",80,Beast,58551,/skill4292.webp
Monster,wild_strider_leader,"Wild Strider","Дикий Дракон",80,Beast,55133,/skill4292.webp
Monster,wild_strider,"Wild Strider","Дикий Дракон",80,Beast,52897,/skill4292.webp
Monster,wild_strider_s,"Wild Strider","Дикий Дракон",80,Beast,55133,/skill4292.webp
Monster,elcroki,"Elroki","Элроки",80,Humanoid,52005,/skill4295.webp
Monster,tyrannosaurus,"Tyrannosaurus","Тиранозавр",80,Beast,634684,/skill4292.webp
Monster,tyrannosaurus_soul,"Tyrannosaurus","Тиранозавр",80,Beast,634684,/skill4292.webp
Monster,tyrannosaurus_s,"Tyrannosaurus","Тиранозавр",80,Beast,634684,/skill4292.webp
Monster,velociraptor_n,"Velociraptor","Велоцираптор",80,Beast,49871,/skill4292.webp
Monster,ornithomimus_n,"Ornithomimus","Орнитомим",80,Beast,47784,/skill4292.webp
Monster,deinonychus_n,"Deinonychus","Дейноних",80,Beast,41590,/skill4292.webp
Monster,pachycephalosaurus_n,"Pachycephalosaurus","Пахицефалозавр",80,Beast,46213,/skill4292.webp
Monster,wild_strider_n,"Wild Strider","Дикий Дракон",80,Beast,45958,/skill4292.webp
Monster,velociraptor_leader2,"Velociraptor","Велоцираптор",80,Beast,24830,/skill4292.webp
Monster,ornithomimus_leader2,"Ornithomimus","Орнитомим",80,Beast,49052,/skill4292.webp
Monster,deinonychus_leader2,"Deinonychus","Дейноних",80,Beast,45515,/skill4292.webp
Monster,pachycephalosaurus_ldr2,"Pachycephalosaurus","Пахицефалозавр",80,Beast,52383,/skill4292.webp
Monster,wild_strider_leader2,"Wild Strider","Дикий Дракон",80,Beast,51663,/skill4292.webp
Monster,dawn_hero_sword_move,"Nephilim Mercenary","Наемник Нефилим",80,Mercenary,640,/skill4416_mercenary.webp
Monster,king_amadeo_cadmus,"Amadeo Cadmus","Амадэо Кадмус",80,Mercenary,640,/skill4416_mercenary.webp
Monster,king_astair_van_holter,"Astair van Halter","Астаин Ван Холтер",80,Mercenary,,/skill4416_mercenary.webp
Monster,event_treasure_box,"Alchemist's Chest","Сундук Алхимика",80,Others,,/skill4416_etc.webp
Monster,mimic_84,"Treasure Chest","Сундук с Сокровищами",80,Others,8467,/skill4416_etc.webp
Citizen,life_control_tower_live,"Life Control Tower","Сторожевая Башня",20,Others,,/skill4416_etc.webp
Citizen,life_control_tower_dead,"Life Control Tower","Сторожевая Башня",20,Others,,/skill4416_etc.webp
Citizen,flame_control_tower_live,"Flame Control Tower","Огненная Сторожевая Башня",20,Others,,/skill4416_etc.webp
Citizen,flame_control_tower_dead,"Flame Control Tower","Огненная Сторожевая Башня",20,Others,,/skill4416_etc.webp
Citizen,r00_invader_teleport,"Guardian of Border","Защитник Границ",35,Others,,/skill4416_etc.webp
Citizen,r01_invader_teleport,"Guardian of Border","Защитник Границ",35,Others,,/skill4416_etc.webp
Citizen,r02_invader_teleport,"Guardian of Border","Защитник Границ",35,Others,,/skill4416_etc.webp
Citizen,r03_invader_teleport,"Guardian of Border","Защитник Границ",35,Others,,/skill4416_etc.webp
Citizen,r04_invader_teleport,"Guardian of Border","Защитник Границ",35,Others,,/skill4416_etc.webp
Citizen,r05_invader_teleport,"Guardian of Border","Защитник Границ",35,Others,,/skill4416_etc.webp
Citizen,r06_invader_teleport,"Guardian of Border","Защитник Границ",35,Others,,/skill4416_etc.webp
Citizen,r07_invader_teleport,"Guardian of Border","Защитник Границ",35,Others,,/skill4416_etc.webp
Citizen,r08_invader_teleport,"Guardian of Border","Защитник Границ",35,Others,,/skill4416_etc.webp
Citizen,ol_mahum_pilgrim,"Ol Mahum Pilgrim","Пилигрим Гноллов",36,Humanoid,,/skill4295.webp
Citizen,guard_ant,"Guard Ant","Муравей Страж",37,Others,,/skill4416_etc.webp
Citizen,r10_invader_teleport,"Guardian of Border","Защитник Границ",45,Others,,/skill4416_etc.webp
Citizen,r11_invader_teleport,"Guardian of Border","Защитник Границ",45,Others,,/skill4416_etc.webp
Citizen,r12_invader_teleport,"Guardian of Border","Защитник Границ",45,Others,,/skill4416_etc.webp
Citizen,r13_invader_teleport,"Guardian of Border","Защитник Границ",45,Others,,/skill4416_etc.webp
Citizen,r14_invader_teleport,"Guardian of Border","Защитник Границ",45,Others,,/skill4416_etc.webp
Citizen,r15_invader_teleport,"Guardian of Border","Защитник Границ",45,Others,,/skill4416_etc.webp
Citizen,r16_invader_teleport,"Guardian of Border","Защитник Границ",45,Others,,/skill4416_etc.webp
Citizen,r17_invader_teleport,"Guardian of Border","Защитник Границ",45,Others,,/skill4416_etc.webp
Citizen,r18_invader_teleport,"Guardian of Border","Защитник Границ",45,Others,,/skill4416_etc.webp
Citizen,b02_premo,"Premo","Премо",45,Others,,/skill4416_etc.webp
Citizen,b02_validus,"Validus","Валидус",46,Others,,/skill4416_etc.webp
Citizen,b02_dicor,"Dicor","Дикор",47,Others,,/skill4416_etc.webp
Citizen,b02_perum,"Perum","Перум",48,Others,,/skill4416_etc.webp
Citizen,raikel,"Raikel","Райкель",48,Others,,/skill4416_etc.webp
Citizen,riba,"Riba","Риба",48,Others,,/skill4416_etc.webp
Citizen,b02_susceptor,"Susceptor","Каменолюд",49,Others,,/skill4416_etc.webp
Citizen,riba_iren,"Riba Iren","Риба Ирен",49,Others,,/skill4416_etc.webp
Citizen,pixy_murika,"Pixy Murika","Фея Мурика",50,Fairy,,/skill4302.webp
Citizen,r20_invader_teleport,"Guardian of Border","Защитник Границ",55,Others,,/skill4416_etc.webp
Citizen,r21_invader_teleport,"Guardian of Border","Защитник Границ",55,Others,,/skill4416_etc.webp
Citizen,r22_invader_teleport,"Guardian of Border","Защитник Границ",55,Others,,/skill4416_etc.webp
Citizen,r23_invader_teleport,"Guardian of Border","Защитник Границ",55,Others,,/skill4416_etc.webp
Citizen,r24_invader_teleport,"Guardian of Border","Защитник Границ",55,Others,,/skill4416_etc.webp
Citizen,r25_invader_teleport,"Guardian of Border","Защитник Границ",55,Others,,/skill4416_etc.webp
Citizen,r26_invader_teleport,"Guardian of Border","Защитник Границ",55,Others,,/skill4416_etc.webp
Citizen,r27_invader_teleport,"Guardian of Border","Защитник Границ",55,Others,,/skill4416_etc.webp
Citizen,r28_invader_teleport,"Guardian of Border","Защитник Границ",55,Others,,/skill4416_etc.webp
Citizen,baium_gatekeeper,"Gatekeeper","Хранитель Портала Огненного Дракона",56,Human,,/skill4416_human.webp
Citizen,godad_m_teleporter,"Mass Gatekeeper","Хранитель Массового Портала",56,Human,,/skill4416_human.webp
Citizen,azit_contest_flag_winner,"Flag of Winner","Флаг Победителя",56,Others,,/skill4416_etc.webp
Citizen,azit_contest_flag_a,"Red Flag","Красный Флаг",56,Others,,/skill4416_etc.webp
Citizen,azit_contest_flag_b,"Yellow Flag","Желтый Флаг",56,Others,,/skill4416_etc.webp
Citizen,azit_contest_flag_c,"Green Flag","Зеленый Флаг",56,Others,,/skill4416_etc.webp
Citizen,azit_contest_flag_d,"Blue Flag","Голубой Флаг",56,Others,,/skill4416_etc.webp
Citizen,azit_contest_flag_e,"Purple Flag","Пурпурный Флаг",56,Others,,/skill4416_etc.webp
Citizen,azit_messenger,"Messenger","Вестник",56,Humanoid,,/skill4295.webp
Citizen,stronghold_m_teleporter1,"Mass Gatekeeper","Хранитель Массового Портала",56,Humanoid,,/skill4295.webp
Citizen,stronghold_m_teleporter2,"Mass Gatekeeper","Хранитель Массового Портала",56,Humanoid,,/skill4295.webp
Citizen,stronghold_m_teleporter3,"Mass Gatekeeper","Хранитель Массового Портала",56,Humanoid,,/skill4295.webp
Citizen,stronghold_m_teleporter4,"Mass Gatekeeper","Хранитель Массового Портала",56,Humanoid,,/skill4295.webp
Citizen,stronghold_m_teleporter5,"Mass Gatekeeper","Хранитель Массового Портала",56,Humanoid,,/skill4295.webp
Citizen,stronghold_m_teleporter6,"Mass Gatekeeper","Хранитель Массового Портала",56,Humanoid,,/skill4295.webp
Citizen,azit_yetti_sweeper,"Manager","Управляющий",56,Humanoid,,/skill4295.webp
Citizen,messenger_yetti,"Messenger","Вестник",56,Humanoid,,/skill4295.webp
Citizen,azit_m_teleporter1,"Group Gatekeeper","Хранитель Портала Группы",56,Angel,,/skill4297.webp
Citizen,azit_m_teleporter2,"Group Gatekeeper","Хранитель Портала Группы",56,Angel,,/skill4297.webp
Citizen,azit_m_teleporter3,"Group Gatekeeper","Хранитель Портала Группы",56,Angel,,/skill4297.webp
Citizen,azit_m_teleporter4,"Group Gatekeeper","Хранитель Портала Группы",56,Angel,,/skill4297.webp
Citizen,azit_m_teleporter5,"Group Gatekeeper","Хранитель Портала Группы",56,Angel,,/skill4297.webp
Citizen,azit_m_teleporter6,"Group Gatekeeper","Хранитель Портала Группы",56,Angel,,/skill4297.webp
Citizen,farm_messenger,"Messenger","Вестник",56,Angel,,/skill4297.webp
Citizen,azit_chamberlain_yetti,"Angout","Ангоут",56,Others,,/skill4416_etc.webp
Citizen,r30_invader_teleport,"Guardian of Border","Защитник Границ",65,Others,,/skill4416_etc.webp
Citizen,r31_invader_teleport,"Guardian of Border","Защитник Границ",65,Others,,/skill4416_etc.webp
Citizen,r32_invader_teleport,"Guardian of Border","Защитник Границ",65,Others,,/skill4416_etc.webp
Citizen,r33_invader_teleport,"Guardian of Border","Защитник Границ",65,Others,,/skill4416_etc.webp
Citizen,r34_invader_teleport,"Guardian of Border","Защитник Границ",65,Others,,/skill4416_etc.webp
Citizen,r35_invader_teleport,"Guardian of Border","Защитник Границ",65,Others,,/skill4416_etc.webp
Citizen,r36_invader_teleport,"Guardian of Border","Защитник Границ",65,Others,,/skill4416_etc.webp
Citizen,r37_invader_teleport,"Guardian of Border","Защитник Границ",65,Others,,/skill4416_etc.webp
Citizen,r38_invader_teleport,"Guardian of Border","Защитник Границ",65,Others,,/skill4416_etc.webp
Citizen,gludio_df_teleporter1,"Gatekeeper","Хранитель Портала",66,Mercenary,,/skill4416_mercenary.webp
Citizen,gludio_df_teleporter2,"Gatekeeper","Хранитель Портала",66,Mercenary,,/skill4416_mercenary.webp
Citizen,gludio_df_teleporter3,"Gatekeeper","Хранитель Портала",66,Mercenary,,/skill4416_mercenary.webp
Citizen,dion_defend_teleporter1,"Gatekeeper","Хранитель Портала",66,Mercenary,,/skill4416_mercenary.webp
Citizen,dion_defend_teleporter2,"Gatekeeper","Хранитель Портала",66,Mercenary,,/skill4416_mercenary.webp
Citizen,dion_defend_teleporter3,"Gatekeeper","Хранитель Портала",66,Mercenary,,/skill4416_mercenary.webp
Citizen,giran_defend_teleporter1,"Gatekeeper","Хранитель Портала",66,Mercenary,,/skill4416_mercenary.webp
Citizen,giran_defend_teleporter2,"Gatekeeper","Хранитель Портала",66,Mercenary,,/skill4416_mercenary.webp
Citizen,giran_defend_teleporter3,"Gatekeeper","Хранитель Портала",66,Mercenary,,/skill4416_mercenary.webp
Citizen,oren_defend_teleporter1,"Gatekeeper","Хранитель Портала",66,Mercenary,,/skill4416_mercenary.webp
Citizen,oren_defend_teleporter2,"Gatekeeper","Хранитель Портала",66,Mercenary,,/skill4416_mercenary.webp
Citizen,oren_defend_teleporter3,"Gatekeeper","Хранитель Портала",66,Mercenary,,/skill4416_mercenary.webp
Citizen,aden_defend_teleporter1,"Gatekeeper","Хранитель Портала",66,Mercenary,,/skill4416_mercenary.webp
Citizen,aden_defend_teleporter2,"Gatekeeper","Хранитель Портала",66,Mercenary,,/skill4416_mercenary.webp
Citizen,aden_defend_teleporter3,"Gatekeeper","Хранитель Портала",66,Mercenary,,/skill4416_mercenary.webp
Citizen,aden_defend_teleporter4,"Gatekeeper","Хранитель Портала",66,Mercenary,,/skill4416_mercenary.webp
Citizen,aden_defend_teleporter5,"Gatekeeper","Хранитель Портала",66,Mercenary,,/skill4416_mercenary.webp
Citizen,innadrile_df_teleporter1,"Gatekeeper","Хранитель Портала",66,Mercenary,,/skill4416_mercenary.webp
Citizen,innadrile_df_teleporter2,"Gatekeeper","Хранитель Портала",66,Mercenary,,/skill4416_mercenary.webp
Citizen,innadrile_df_teleporter3,"Gatekeeper","Хранитель Портала",66,Mercenary,,/skill4416_mercenary.webp
Citizen,godad_df_teleporter1,"Gatekeeper","Хранитель Портала",66,Mercenary,,/skill4416_mercenary.webp
Citizen,godad_df_teleporter2,"Gatekeeper","Хранитель Портала",66,Mercenary,,/skill4416_mercenary.webp
Citizen,godad_df_teleporter3,"Gatekeeper","Хранитель Портала",66,Mercenary,,/skill4416_mercenary.webp
Citizen,rune_defend_teleporter1,"Gatekeeper","Хранитель Портала",66,Mercenary,,/skill4416_mercenary.webp
Citizen,rune_defend_teleporter2,"Gatekeeper","Хранитель Портала",66,Mercenary,,/skill4416_mercenary.webp
Citizen,rune_defend_teleporter3,"Gatekeeper","Хранитель Портала",66,Mercenary,,/skill4416_mercenary.webp
Citizen,rune_defend_teleporter4,"Gatekeeper","Хранитель Портала",66,Mercenary,,/skill4416_mercenary.webp
Citizen,rune_defend_teleporter5,"Gatekeeper","Хранитель Портала",66,Mercenary,,/skill4416_mercenary.webp
Citizen,schutt_df_teleporter1,"Gatekeeper","Хранитель Портала",66,Mercenary,,/skill4416_mercenary.webp
Citizen,schutt_df_teleporter2,"Gatekeeper","Хранитель Портала",66,Mercenary,,/skill4416_mercenary.webp
Citizen,schutt_df_teleporter3,"Gatekeeper","Хранитель Портала",66,Mercenary,,/skill4416_mercenary.webp
Citizen,teleport_cube_benom,"Teleportation Cubic","Сфера Телепортации",70,Others,,/skill4416_etc.webp
Citizen,teleport_cube_frintessa,"Teleportation Cubic","Сфера Телепортации",70,Others,,/skill4416_etc.webp
Citizen,carl,"Newbie Helper","Помощник Новичков",70,Human,,/skill4416_human.webp
Citizen,gallin,"Gallint","Галлинт",70,Human,,/skill4416_human.webp
Citizen,doff,"Newbie Helper","Помощник Новичков",70,Human,,/skill4416_human.webp
Citizen,gigon,"Zigaunt","Зигонт",70,Human,,/skill4416_human.webp
Citizen,daring,"Darin","Дарин",70,Human,,/skill4416_human.webp
Citizen,voni,"Bonnie","Бонни",70,Human,,/skill4416_human.webp
Citizen,elias,"Elias","Элиас",70,Human,,/skill4416_human.webp
Citizen,cristel,"Cristel","Кристел",70,Human,,/skill4416_human.webp
Citizen,undres,"Undrias","Андриас",70,Dark Elf,,/skill4416_darkelf.webp
Citizen,poeny,"Newbie Helper","Помощник Новичков",70,Dark Elf,,/skill4416_darkelf.webp
Citizen,cecon,"Cecktinon","Кектинон",70,Dark Elf,,/skill4416_darkelf.webp
Citizen,karta,"Kartia","Картия",70,Dark Elf,,/skill4416_darkelf.webp
Citizen,moneylender_alshupes,"Alshupes","Алшупес",70,Elf,,/skill4416_elf.webp
Citizen,arujien,"Arujien","Аруен",70,Elf,,/skill4416_elf.webp
Citizen,alankell,"Alex","Алекс ",70,Human,,/skill4416_human.webp
Citizen,sir_collin_windawood,"Sir Collin Windawood","Сэр Коллин Виндавуд",70,Human,,/skill4416_human.webp
Citizen,rockswell,"Rockswell","Роксвелл",70,Human,,/skill4416_human.webp
Citizen,varsak,"Varsak","Варсак",70,Human,,/skill4416_human.webp
Citizen,magister_rohmer,"Rohmer","Ромер",70,Human,,/skill4416_human.webp
Citizen,magister_ramoniell,"Ramoniell","Рамониэль",70,Elf,,/skill4416_elf.webp
Citizen,astaron,"Astaron","Астарон",70,Dark Elf,,/skill4416_darkelf.webp
Citizen,karinar,"Karina","Карина",70,Dark Elf,,/skill4416_darkelf.webp
Citizen,jughead,"Jughead","Джакхед",70,Dark Elf,,/skill4416_darkelf.webp
Citizen,jewel,"Jewel","Джевел",70,Dark Elf,,/skill4416_darkelf.webp
Citizen,rizraell,"Rizraell","Ризраэль",70,Elf,,/skill4416_elf.webp
Citizen,andellria,"Andellia","Анделия",70,Elf,,/skill4416_elf.webp
Citizen,rylith,"Lilith","Лилит",70,Elf,,/skill4416_elf.webp
Citizen,nerupa,"Nerupa","Нерупа",70,Fairy,,/skill4302.webp
Citizen,thalya,"Thalia","Талия",70,Elf,,/skill4416_elf.webp
Citizen,parina,"Parina","Парина",70,Human,,/skill4416_human.webp
Citizen,mother_temp_a,"Newbie Helper","Помощник Новичков",70,Elf,,/skill4416_elf.webp
Citizen,mother_temp_b,"Newbie Helper","Помощник Новичков",70,Elf,,/skill4416_elf.webp
Citizen,mother_temp_c,"Newbie Helper","Помощник Новичков",70,Elf,,/skill4416_elf.webp
Citizen,mother_temp_d,"Newbie Helper","Помощник Новичков",70,Elf,,/skill4416_elf.webp
Citizen,prakia,"Newbie Helper","Помощник Новичков",70,Dark Elf,,/skill4416_darkelf.webp
Citizen,marius,"Marius","Мариус",70,Elf,,/skill4416_elf.webp
Citizen,matheo,"Matheo","Матео",70,Human,,/skill4416_human.webp
Citizen,mesella,"Mesella","Меселла",70,Human,,/skill4416_human.webp
Citizen,lemoniell,"Lionel","Лионель",70,Human,,/skill4416_human.webp
Citizen,earth_snake,"Earth Snake","Земляная Змея",70,Elemental,,/skill4296.webp
Citizen,lizardman_of_wasteland,"Wasteland Lizardman","Ящер Пустоши",70,Humanoid,,/skill4295.webp
Citizen,flame_salamander,"Flame Salamander","Огненная Саламандра",70,Elemental,,/skill4296.webp
Citizen,wind_sylph,"Wind Sylph","Воздушный Сильф",70,Elemental,,/skill4296.webp
Citizen,water_undine,"Water Undine","Водяная Ундина",70,Elemental,,/skill4296.webp
Citizen,rogellia,"Rosella","Розелла",70,Elf,,/skill4416_elf.webp
Citizen,charkeren,"Charkeren","Чаркерен",70,Dark Elf,,/skill4416_darkelf.webp
Citizen,triskel,"Triskel","Трискел",70,Dark Elf,,/skill4416_darkelf.webp
Citizen,sir_karrel_vasper,"Sir Klaus Vasper","Сэр Клаус Васпер",70,Human,,/skill4416_human.webp
Citizen,annsery,"Annika","Анника",70,Dark Elf,,/skill4416_darkelf.webp
Citizen,arkenia,"Arkenia","Аркения",70,Dark Elf,,/skill4416_darkelf.webp
Citizen,varika,"Varika","Варика",70,Dark Elf,,/skill4416_darkelf.webp
Citizen,kalinta,"Kalinta","Калинта",70,Dark Elf,,/skill4416_darkelf.webp
Citizen,northwindel,"Northwind","Нортвинд",70,Elf,,/skill4416_elf.webp
Citizen,allana,"Allana","Аллана",70,Human,,/skill4416_human.webp
Citizen,neti,"Neti","Нети",70,Human,,/skill4416_human.webp
Citizen,prigun,"Prias","Приас",70,Human,,/skill4416_human.webp
Citizen,perrin,"Perrin","Перрин",70,Human,,/skill4416_human.webp
Citizen,samed,"Samed","Самед",70,Human,,/skill4416_human.webp
Citizen,leopold,"Leopold","Леопольд",70,Human,,/skill4416_human.webp
Citizen,jonas,"Jonas","Джонас",70,Human,,/skill4416_human.webp
Citizen,sir_ortho_lancer,"Sir Ortho Lancer","Сэр Орто Лансер",70,Human,,/skill4416_human.webp
Citizen,edmond,"Edmond","Эдмонд",70,Human,,/skill4416_human.webp
Citizen,warehouse_chief_moke,"Moke","Мок",70,Dwarf,,/skill4416_dwarf.webp
Citizen,head_blacksmith_tapoy,"Tapoy","Тапой",70,Dwarf,,/skill4416_dwarf.webp
Citizen,high_prefect_osborn,"Osborn","Осборн",70,Orc,,/skill4416_orc.webp
Citizen,seer_umos,"Umos","Умос",70,Orc,,/skill4416_orc.webp
Citizen,warehouse_chief_rikadio,"Rikadio","Рикадио",70,Dwarf,,/skill4416_dwarf.webp
Citizen,head_blacksmith_mendio,"Mendio","Мендио",70,Dwarf,,/skill4416_dwarf.webp
Citizen,high_prefect_drikus,"Drikus","Дрикус",70,Orc,,/skill4416_orc.webp
Citizen,seer_racoy,"Racoy","Ракой",70,Orc,,/skill4416_orc.webp
Citizen,high_prefect_cional,"Castor","Кастор",70,Orc,,/skill4416_orc.webp
Citizen,seer_somak,"Somak","Сомак",70,Orc,,/skill4416_orc.webp
Citizen,warehouse_chief_gesto,"Gesto","Гесто",70,Dwarf,,/skill4416_dwarf.webp
Citizen,head_blacksmith_kusto,"Kusto","Кусто",70,Dwarf,,/skill4416_dwarf.webp
Citizen,high_prefect_penatus,"Penatus","Пенатус",70,Orc,,/skill4416_orc.webp
Citizen,seer_manakia,"Manakia","Манакия",70,Orc,,/skill4416_orc.webp
Citizen,warehouse_chief_reed,"Reed","Рид",70,Dwarf,,/skill4416_dwarf.webp
Citizen,collector_gouph,"Gouph","Гуф",70,Dwarf,,/skill4416_dwarf.webp
Citizen,collector_pipi,"Pippi","Пепи",70,Dwarf,,/skill4416_dwarf.webp
Citizen,head_blacksmith_bronk,"Bronk","Бронк",70,Dwarf,,/skill4416_dwarf.webp
Citizen,blacksmith_bronp,"Brunon","Брюнон",70,Dwarf,,/skill4416_dwarf.webp
Citizen,blacksmith_silvery,"Silvera","Сильвера",70,Dwarf,,/skill4416_dwarf.webp
Citizen,foreman_laferon,"Laferon","Лаферон",70,Dwarf,,/skill4416_dwarf.webp
Citizen,miner_maron,"Maron","Марон",70,Dwarf,,/skill4416_dwarf.webp
Citizen,miner_mai,"Newbie Helper","Помощник Новичков",70,Dwarf,,/skill4416_dwarf.webp
Citizen,first_elder_lockirin,"Lockirin","Локрин",70,Dwarf,,/skill4416_dwarf.webp
Citizen,elder_spiron,"Spiron","Спирон",70,Dwarf,,/skill4416_dwarf.webp
Citizen,elder_balanki,"Balanki","Баланки",70,Dwarf,,/skill4416_dwarf.webp
Citizen,elder_keef,"Keef","Киф",70,Dwarf,,/skill4416_dwarf.webp
Citizen,elder_filaur,"Filaur","Филар",70,Dwarf,,/skill4416_dwarf.webp
Citizen,elder_arin,"Arin","Арин",70,Dwarf,,/skill4416_dwarf.webp
Citizen,daichir_priest_of_earth,"Daichir","Дайчир",70,Dwarf,,/skill4416_dwarf.webp
Citizen,zimenf_priest_of_earth,"Zimenf","Зименф",70,Dwarf,,/skill4416_dwarf.webp
Citizen,chichirin,"Chichirin","Чичерин",70,Dwarf,,/skill4416_dwarf.webp
Citizen,ghouliff_droopstone,"Ghouliff Droopstone","Гулиф Летящий Камень",70,Dwarf,,/skill4416_dwarf.webp
Citizen,gauri_twinklerock,"Gauri Twinklerock","Гаури Мерцающая Скала",70,Dwarf,,/skill4416_dwarf.webp
Citizen,tink_wandergold,"Tink Wandergold","Тинк Переходящее Злато",70,Dwarf,,/skill4416_dwarf.webp
Citizen,kiriri_sparkystone,"Kiril Sparkystone","Кайрил Живой Камень",70,Dwarf,,/skill4416_dwarf.webp
Citizen,marife_redbonnet,"Maryse Redbonnet","Марис Редбоннет",70,Dwarf,,/skill4416_dwarf.webp
Citizen,miner_bolter,"Bolter","Больтер",70,Dwarf,,/skill4416_dwarf.webp
Citizen,carrier_torocco,"Torocco","Торокко",70,Dwarf,,/skill4416_dwarf.webp
Citizen,master_toma,"Toma","Тома",70,Dwarf,,/skill4416_dwarf.webp
Citizen,torai,"Torai","Торай",70,Dwarf,,/skill4416_dwarf.webp
Citizen,trader_papuma,"Papuma","Папума",70,Orc,,/skill4416_orc.webp
Citizen,blacksmith_sumari,"Sumari","Сумари",70,Orc,,/skill4416_orc.webp
Citizen,kakai_the_lord_of_flame,"Kakai","Кекеи",70,Orc,,/skill4416_orc.webp
Citizen,atuba_chief_varkees,"Varkees","Варкис",70,Orc,,/skill4416_orc.webp
Citizen,neruga_chief_tantus,"Tantus","Тантус",70,Orc,,/skill4416_orc.webp
Citizen,urutu_chief_hatos,"Hatos","Хатос",70,Orc,,/skill4416_orc.webp
Citizen,seer_tanapi,"Tanapi","Танапи",70,Orc,,/skill4416_orc.webp
Citizen,seer_livina,"Livina","Ливина",70,Orc,,/skill4416_orc.webp
Citizen,guardian_vullkus,"Vulkus","Вулькус",70,Orc,,/skill4416_orc.webp
Citizen,shela_priestess_of_fire,"Newbie Helper","Помощник Новичков",70,Orc,,/skill4416_orc.webp
Citizen,tataru_zu_hestui,"Tataru Zu Hestui","Татару Зу Хестуи",70,Orc,,/skill4416_orc.webp
Citizen,anai_zu_neruga,"Anai Zu Neruga","Анаи Зу Неруга",70,Orc,,/skill4416_orc.webp
Citizen,gantaki_zu_urutu,"Gantaki Zu Urutu","Гентаки Зу Уруту",70,Orc,,/skill4416_orc.webp
Citizen,takia_zu_dudamara,"Takia Zu Duda-Mara","Такия Зу Дуда-Мара",70,Orc,,/skill4416_orc.webp
Citizen,kazkin_zu_gandi,"Kazkin Zu Gandi","Казкин Зу Ганди",70,Orc,,/skill4416_orc.webp
Citizen,khavatari_rosheek,"Rosheek","Рошик",70,Orc,,/skill4416_orc.webp
Citizen,khavatari_toruku,"Toruku","Торуку",70,Orc,,/skill4416_orc.webp
Citizen,hestui_totem_spirit,"Hestui Totem Spirit","Тотемный Дух Хестуи",70,Animal,,/skill4293.webp
Citizen,dudamara_totem_spirit,"Duda-Mara Totem Spirit","Тотемный Дух Дуда-Мара",70,Bug,,/skill4301.webp
Citizen,warehouse_chief_ranspo,"Ranspo","Ранспо",70,Dwarf,,/skill4416_dwarf.webp
Citizen,head_blacksmith_opix,"Opix","Опикс",70,Dwarf,,/skill4416_dwarf.webp
Citizen,partisan_doorman_harkel,"Harkel","Харкель",70,Humanoid,,/skill4295.webp
Citizen,piotur,"Piotur","Пиотур",70,Human,,/skill4416_human.webp
Citizen,marya,"Maria","Мария",70,Human,,/skill4416_human.webp
Citizen,astrologer_creta,"Creta","Крета",70,Human,,/skill4416_human.webp
Citizen,sage_cronos,"Cronos","Кронос",70,Human,,/skill4416_human.webp
Citizen,drunkard_treaf,"Triff","Триф",70,Dwarf,,/skill4416_dwarf.webp
Citizen,sage_kasian,"Casian","Казиан",70,Human,,/skill4416_human.webp
Citizen,alders_spirit,"Alders Spirit","Дух Алдера",70,Undead,,/skill4290.webp
Citizen,brother_metheus,"Metheus","Метеус",70,Human,,/skill4416_human.webp
Citizen,breka_chief_voltar,"Voltar","Волтар",70,Humanoid,,/skill4295.webp
Citizen,enku_chief_kepra,"Kepra","Кепра",70,Humanoid,,/skill4295.webp
Citizen,turek_chief_burai,"Burai","Бурай",70,Humanoid,,/skill4295.webp
Citizen,lennunt_chief_harak,"Harak","Харак",70,Humanoid,,/skill4295.webp
Citizen,vuku_chief_driko,"Driko","Дрико",70,Humanoid,,/skill4295.webp
Citizen,emilly,"Emily","Эмили",70,Human,,/skill4416_human.webp
Citizen,maestro_nikola,"Nikola","Николя",70,Dwarf,,/skill4416_dwarf.webp
Citizen,box_of_titan,"Box Of Titan","Ящик Гигантов",70,Others,,/skill4416_etc.webp
Citizen,duelist_kaien,"Kaien","Каен",70,Human,,/skill4416_human.webp
Citizen,veteran_ascalon,"Ascalon","Аскалон",70,Human,,/skill4416_human.webp
Citizen,mason,"Mason","Мэйсон",70,Human,,/skill4416_human.webp
Citizen,sagittarius_hamil,"Hamil","Хамиль",70,Human,,/skill4416_human.webp
Citizen,tree_q0225,"Tree","Дерево",70,Plant,,/skill4294.webp
Citizen,strong_wooden_chest,"Strong Wooden Chest","Прочный Деревянный Сундук",70,Others,,/skill4416_etc.webp
Citizen,bard_rukal,"Rukal","Рукал",70,Elf,,/skill4416_elf.webp
Citizen,orim_the_shadow,"Orim","Орим",70,Human,,/skill4416_human.webp
Citizen,warden_roderik,"Roderik","Родерик",70,Human,,/skill4416_human.webp
Citizen,warden_endrigo,"Endrigo","Эндриго",70,Human,,/skill4416_human.webp
Citizen,fisher_evert,"Evert","Эверт",70,Human,,/skill4416_human.webp
Citizen,high_summoner_galatea,"Galatea","Галатея",70,Human,,/skill4416_human.webp
Citizen,summoner_almors,"Almors","Алморс",70,Human,,/skill4416_human.webp
Citizen,summoner_camoniell,"Camoniell","Камониэль",70,Elf,,/skill4416_elf.webp
Citizen,summoner_belthus,"Belthus","Бельтус",70,Dark Elf,,/skill4416_darkelf.webp
Citizen,summoner_basillia,"Basilla","Базилла",70,Human,,/skill4416_human.webp
Citizen,summoner_celestiel,"Celestiel","Селестия",70,Elf,,/skill4416_elf.webp
Citizen,summoner_brynthea,"Brynthea","Бринтия",70,Dark Elf,,/skill4416_darkelf.webp
Citizen,dudamara_chief_takuna,"Takuna","Такуна",70,Orc,,/skill4416_orc.webp
Citizen,gandi_chief_chianta,"Chianta","Чианта",70,Orc,,/skill4416_orc.webp
Citizen,first_orc,"First Orc","Первый Орк",70,Orc,,/skill4416_orc.webp
Citizen,kash,"Kash","Кэш",70,Human,,/skill4416_human.webp
Citizen,martian,"Martien","Мартиен",70,Human,,/skill4416_human.webp
Citizen,raldo,"Raldo","Ральдо",70,Human,,/skill4416_human.webp
Citizen,chest_of_shyslassys,"Chest Of Shyslassys","Сундук Шисласис",70,Others,,/skill4416_etc.webp
Citizen,hermit_santiago,"Santiago","Сантьяго",70,Human,,/skill4416_human.webp
Citizen,ancestor_martankus,"Ancestor Martankus","Прародитель Мартанкус",70,Orc,,/skill4416_orc.webp
Citizen,gerald_priest_of_earth,"Gerald","Геральд",70,Dwarf,,/skill4416_dwarf.webp
Citizen,wanderer_dorf,"Dorf","Дорф",70,Dwarf,,/skill4416_dwarf.webp
Citizen,uruha,"Uruha","Уруха",70,Dark Elf,,/skill4416_darkelf.webp
Citizen,sir_aron_tanford,"Sir Aron Tanford","Сэр Арон Танфорд",70,Human,,/skill4416_human.webp
Citizen,sir_kiel_nighthawk,"Sir Kiel Nighthawk","Сэр Кайль Ночной Ястреб",70,Dark Elf,,/skill4416_darkelf.webp
Citizen,isael_silvershadow,"Isael Silvershadow","Изаэль Серебряная Тень",70,Human,,/skill4416_human.webp
Citizen,spirit_of_sir_talianus,"Spirit Of Sir Talianus","Дух Сэра Талиануса",70,Undead,,/skill4290.webp
Citizen,cardinal_seresin,"Seresin","Сересин",70,Human,,/skill4416_human.webp
Citizen,father_gupu,"Gupu","Гупу",70,Dwarf,,/skill4416_dwarf.webp
Citizen,orphan_girl,"Orphan Girl","Девочка Сирота",70,Dwarf,,/skill4416_dwarf.webp
Citizen,windy_shaoring,"Windy Shaoring","Винди Шаоринг",70,Dwarf,,/skill4416_dwarf.webp
Citizen,mystery_darkelf,"Mysterious Dark Elf","Загадочный Темный Эльф",70,Dark Elf,,/skill4416_darkelf.webp
Citizen,piper_longbow,"Piper Longbow","Лучница Пайпер",70,Elf,,/skill4416_elf.webp
Citizen,slein_shining_blade,"Slein Shining Blade","Слейн Сверкающее Лезвие",70,Elf,,/skill4416_elf.webp
Citizen,kein_flying_knife,"Kein Flying Knife","Кейн Летящий Нож",70,Elf,,/skill4416_elf.webp
Citizen,saint_kristina,"Kristina","Кристина",70,Human,,/skill4416_human.webp
Citizen,preacher_sla,"Sla","Сла",70,Human,,/skill4416_human.webp
Citizen,ramus,"Ramus","Рамус",70,Human,,/skill4416_human.webp
Citizen,katari,"Katari","Катари",70,Dark Elf,,/skill4416_darkelf.webp
Citizen,kakan,"Kakan","Какан",70,Orc,,/skill4416_orc.webp
Citizen,nyakuri,"Nyakuri","Ниакури",70,Dwarf,,/skill4416_dwarf.webp
Citizen,chief_croto,"Croto","Крото",70,Orc,,/skill4416_orc.webp
Citizen,jailer_dubabah,"Dubabah","Дубабах",70,Orc,,/skill4416_orc.webp
Citizen,researcher_lorain,"Lorain","Лорейн",70,Dwarf,,/skill4416_dwarf.webp
Citizen,daurin_hammercrush,"Daurin Hammercrush","Дорин Молотобоец",70,Dwarf,,/skill4416_dwarf.webp
Citizen,corpse_of_kamur,"Corpse Of Kamur","Труп Камура",70,Orc,,/skill4416_orc.webp
Citizen,warehouse_chief_croop,"Croop","Круп",70,Dwarf,,/skill4416_dwarf.webp
Citizen,head_blacksmith_flutter,"Flutter","Флатер",70,Dwarf,,/skill4416_dwarf.webp
Citizen,blacksmith_helton,"Helton","Хельтон",70,Dwarf,,/skill4416_dwarf.webp
Citizen,master_roameria,"Roameria","Ромерия",70,Elf,,/skill4416_elf.webp
Citizen,priest_egnos,"Egnos","Эгнос",70,Elf,,/skill4416_elf.webp
Citizen,high_prefect_karia,"Karia","Кария",70,Orc,,/skill4416_orc.webp
Citizen,seer_pekiron,"Pekiron","Пекирон",70,Orc,,/skill4416_orc.webp
Citizen,trader_viktor,"Viktor","Виктор",70,Human,,/skill4416_human.webp
Citizen,warehouse_chief_baxt,"Baxt","Бакст",70,Dwarf,,/skill4416_dwarf.webp
Citizen,head_blacksmith_vergara,"Vergara","Вергара",70,Dwarf,,/skill4416_dwarf.webp
Citizen,blacksmith_duning,"Duning","Данинг",70,Dwarf,,/skill4416_dwarf.webp
Citizen,master_luther,"Luther","Лютер",70,Human,,/skill4416_human.webp
Citizen,master_aren_atebalt,"Aren Athebalt","Арен Атебальт",70,Human,,/skill4416_human.webp
Citizen,master_stedmiel,"Stedmiel","Стедмиэль",70,Elf,,/skill4416_elf.webp
Citizen,master_queenien,"Queenien","Квиниен",70,Elf,,/skill4416_elf.webp
Citizen,grandmagister_scraide,"Scraide","Скрейди",70,Human,,/skill4416_human.webp
Citizen,magister_moses,"Moses","Моисей",70,Human,,/skill4416_human.webp
Citizen,magister_page,"Page","Пэйдж",70,Human,,/skill4416_human.webp
Citizen,magister_videlrien,"Videlrien","Видэлрейн",70,Elf,,/skill4416_elf.webp
Citizen,magister_evelyn,"Evelyn","Эвелин",70,Elf,,/skill4416_elf.webp
Citizen,master_prestan,"Prestan","Престан",70,Dark Elf,,/skill4416_darkelf.webp
Citizen,magister_errickin,"Errickin","Эрикин",70,Dark Elf,,/skill4416_darkelf.webp
Citizen,union_president_bernard,"Bernard","Бернард",70,Human,,/skill4416_human.webp
Citizen,union_member_colin,"Colin","Колин",70,Human,,/skill4416_human.webp
Citizen,high_prefect_garvarentz,"Garvarentz","Гарварентс",70,Orc,,/skill4416_orc.webp
Citizen,seer_lazenby,"Lazenby","Лазенбай",70,Orc,,/skill4416_orc.webp
Citizen,magister_marina,"Marina","Марина",70,Human,,/skill4416_human.webp
Citizen,magister_gauen,"Gauen","Гейн",70,Elf,,/skill4416_elf.webp
Citizen,magister_joan,"Joan","Джоан",70,Elf,,/skill4416_elf.webp
Citizen,magister_kaiena,"Kaiena","Каена",70,Dark Elf,,/skill4416_darkelf.webp
Citizen,magister_ladd,"Ladd","Ладд",70,Dark Elf,,/skill4416_darkelf.webp
Citizen,militiaman_leirynn,"Leirynn","Лейрин",70,Human,,/skill4416_human.webp
Citizen,drunkard_borys,"Borys","Борис",70,Human,,/skill4416_human.webp
Citizen,bodyguard_jax,"Jax","Джакс",70,Human,,/skill4416_human.webp
Citizen,supply_box_on_wharf,"Supply Box On Wharf","Ящик с Провиантом на Верфи",70,Others,,/skill4416_etc.webp
Citizen,sophia,"Sophya","София",70,Human,,/skill4416_human.webp
Citizen,redfoot,"Redfoot","Редфут",70,Human,,/skill4416_human.webp
Citizen,morgan,"Morgan","Морган",70,Human,,/skill4416_human.webp
Citizen,alchemist_matild,"Matild","Матильда",70,Dwarf,,/skill4416_dwarf.webp
Citizen,rservant_keltir,"Keltir","Шакал",70,Animal,,/skill4293.webp
Citizen,rservant_toad,"Toad","Жаба",70,Animal,,/skill4293.webp
Citizen,rservant_rabbit,"Rabbit","Кролик",70,Animal,,/skill4293.webp
Citizen,fairy_rupina,"Rupina","Рупина",70,Fairy,,/skill4302.webp
Citizen,wisdom_chest,"Wisdom Chest","Сундук Мудрости",70,Others,,/skill4416_etc.webp
Citizen,grey,"Grey","Грей",70,Human,,/skill4416_human.webp
Citizen,tor,"Tor","Тор ",70,Human,,/skill4416_human.webp
Citizen,cybellin,"Cybellin","Сибелин",70,Dark Elf,,/skill4416_darkelf.webp
Citizen,fairy_mymyu,"Mimyu","Мимю",70,Fairy,,/skill4302.webp
Citizen,drake_exarion,"Exarion","Эскарион",70,Dragon,,/skill4299.webp
Citizen,drake_zwov,"Zwov","Зуов",70,Dragon,,/skill4299.webp
Citizen,drake_kalibran,"Kalibran","Калибран",70,Dragon,,/skill4299.webp
Citizen,wyrm_suzet,"Suzet","Сюзет",70,Dragon,,/skill4299.webp
Citizen,wyrm_shamhai,"Shamhai","Шамхай",70,Dragon,,/skill4299.webp
Citizen,gabrielle,"Gabrielle","Габриэль",70,Human,,/skill4416_human.webp
Citizen,watcher_antaras_gilmore,"Gilmore","Гильмор",70,Undead,,/skill4290.webp
Citizen,watcher_antaras_theodric,"Theodric","Теодрик",70,Undead,,/skill4290.webp
Citizen,sir_kristof_rodemai,"Sir Kristof Rodemai","Сэр Кристоф Родемаи",70,Human,,/skill4416_human.webp
Citizen,statue_of_offering,"Statue Of Offering","Статуя Подношения",70,Others,,/skill4416_etc.webp
Citizen,witch_athrea,"Athrea","Атрея",70,Human,,/skill4416_human.webp
Citizen,witch_kalis,"Kalis","Калис",70,Human,,/skill4416_human.webp
Citizen,sir_gustaf_athebaldt,"Sir Gustav Athebaldt","Сэр Густав Атебальт",70,Human,,/skill4416_human.webp
Citizen,corpse_of_fritz,"Corpse Of Fritz","Труп Флитца",70,Dwarf,,/skill4416_dwarf.webp
Citizen,corpse_of_lutz,"Corpse Of Lutz","Труп Флитца",70,Dwarf,,/skill4416_dwarf.webp
Citizen,corpse_of_kurtz,"Corpse Of Kurtz","Труп Флитца",70,Dwarf,,/skill4416_dwarf.webp
Citizen,balthazar,"Balthazar","Бальтазар",70,Dwarf,,/skill4416_dwarf.webp
Citizen,imperial_coffer,"Imperial Coffer","Сундук Императора",70,Others,,/skill4416_etc.webp
Citizen,witch_cleo,"Cleo","Клео",70,Human,,/skill4416_human.webp
Citizen,auction_dealer_human,"Auctioneer","Аукционер",70,Human,,/skill4416_human.webp
Citizen,auction_dealer_elf,"Auctioneer","Аукционер",70,Elf,,/skill4416_elf.webp
Citizen,auction_dealer_darkelf,"Auctioneer","Аукционер",70,Dark Elf,,/skill4416_darkelf.webp
Citizen,auction_dealer_dwarf,"Auctioneer","Аукционер",70,Dwarf,,/skill4416_dwarf.webp
Citizen,auction_dealer_orc,"Auctioneer","Аукционер",70,Orc,,/skill4416_orc.webp
Citizen,wilson,"Wilson","Вилсон",70,Human,,/skill4416_human.webp
Citizen,todd,"Todd","Тод",70,Human,,/skill4416_human.webp
Citizen,hardin,"Hardin","Хардин",70,Human,,/skill4416_human.webp
Citizen,master_kaspar,"Kaspar","Каспар",70,Human,,/skill4416_human.webp
Citizen,lich_king_icarus,"Icarus","Икар",70,Human,,/skill4416_human.webp
Citizen,warehouse_chief_klump,"Klump","Кламп",70,Dwarf,,/skill4416_dwarf.webp
Citizen,head_blacksmith_ferris,"Ferris","Феррис",70,Dwarf,,/skill4416_dwarf.webp
Citizen,high_prefect_ladanza,"Ladanza","Ладанза",70,Orc,,/skill4416_orc.webp
Citizen,sir_eric_rodemai,"Sir Eric Rodemai","Сэр Эрик Родемаи",70,Human,,/skill4416_human.webp
Citizen,warehouse_chief_natools,"Natools","Натулс",70,Dwarf,,/skill4416_dwarf.webp
Citizen,head_blacksmith_roman,"Roman","Роман",70,Dwarf,,/skill4416_dwarf.webp
Citizen,priest_ranton,"Ranton","Рантон",70,Human,,/skill4416_human.webp
Citizen,priest_tanios,"Tanios","Таниос",70,Elf,,/skill4416_elf.webp
Citizen,high_prefect_tushku,"Tushku","Тушку",70,Orc,,/skill4416_orc.webp
Citizen,highpriestess_morelyn,"Morelyn","Морелин",70,Elf,,/skill4416_elf.webp
Citizen,priestess_restina,"Restina","Рестина",70,Elf,,/skill4416_elf.webp
Citizen,priestess_alicia,"Alicia","Алисия",70,Human,,/skill4416_human.webp
Citizen,fenster,"Fenster","Фенстер",70,Dwarf,,/skill4416_dwarf.webp
Citizen,patrin,"Patrin","Патрин",70,Dwarf,,/skill4416_dwarf.webp
Citizen,rogent,"Rogent","Рогент",70,Dwarf,,/skill4416_dwarf.webp
Citizen,bentley,"Bentley","Бентли",70,Dwarf,,/skill4416_dwarf.webp
Citizen,benica,"Benica","Беника",70,Dwarf,,/skill4416_dwarf.webp
Citizen,braki,"Braki","Браки",70,Dwarf,,/skill4416_dwarf.webp
Citizen,collector_masha,"Marsha","Марша",70,Dwarf,,/skill4416_dwarf.webp
Citizen,collector_trumpin,"Trumpin","Трампин",70,Dwarf,,/skill4416_dwarf.webp
Citizen,malcom_1,"Malcom1","Мальком 1",70,Animal,,/skill4293.webp
Citizen,malcom_2,"Malcom2","Мальком 2",70,Animal,,/skill4293.webp
Citizen,malcom_3,"Malcom3","Мальком 3",70,Humanoid,,/skill4295.webp
Citizen,malcom_4,"Malcom4","Мальком 4",70,Undead,,/skill4290.webp
Citizen,malcom_5,"Malcom5","Мальком 5",70,Fairy,,/skill4302.webp
Citizen,malcom_6,"Malcom6","Мальком 6",70,Beast,,/skill4292.webp
Citizen,malcom_7,"Malcom7","Мальком 7",70,Construct,,/skill4291.webp
Citizen,malcom_8,"Malcom8","Мальком 8",70,Animal,,/skill4293.webp
Citizen,malcom_9,"Malcom9","Мальком 9",70,Human,,/skill4416_human.webp
Citizen,malcom_10,"Malcom10","Мальком 10",70,Dwarf,,/skill4416_dwarf.webp
Citizen,lucianne_tanford,"Lucianne Tanford","Лючиана Танфорд",70,Human,,/skill4416_human.webp
Citizen,rerikya,"Rerikya","Рерикия",70,Orc,,/skill4416_orc.webp
Citizen,meridien,"Meridien","Меридиен",70,Elf,,/skill4416_elf.webp
Citizen,researcher_keplon,"Keplon","Кеплон",70,Dwarf,,/skill4416_dwarf.webp
Citizen,researcher_euclie,"Euclie","Окли",70,Dwarf,,/skill4416_dwarf.webp
Citizen,researcher_pithgon,"Pithgon","Питгон",70,Dwarf,,/skill4416_dwarf.webp
Citizen,gillians_revenant,"Gillian's Revenant","Призрак Джиллиана",70,Undead,,/skill4290.webp
Citizen,nanarin,"Nanarin","Нанарин",70,Dark Elf,,/skill4416_darkelf.webp
Citizen,swan,"Swan","Свен",70,Human,,/skill4416_human.webp
Citizen,galion,"Galion","Галион",70,Dwarf,,/skill4416_dwarf.webp
Citizen,barbado,"Barbado","Барбадо",70,Dwarf,,/skill4416_dwarf.webp
Citizen,beer_chest,"Beer Chest","Ящик Пива",70,Others,,/skill4416_etc.webp
Citizen,cloth_chest,"Cloth Chest","Ящик Ткани",70,Others,,/skill4416_etc.webp
Citizen,statue_of_water,"Statue of Water","Сундук Воды",70,Others,,/skill4416_etc.webp
Citizen,statue_of_fire,"Statue of Fire","Сундук Огня",70,Others,,/skill4416_etc.webp
Citizen,statue_of_wind,"Statue of Wind","Сундук Ветра",70,Others,,/skill4416_etc.webp
Citizen,statue_of_earth,"Statue of Earth","Сундук Земли",70,Others,,/skill4416_etc.webp
Citizen,statue_of_darkness,"Statue of Darkness","Сундук Тьмы",70,Others,,/skill4416_etc.webp
Citizen,statue_of_light,"Statue of Light","Сундук Света",70,Others,,/skill4416_etc.webp
Citizen,ladyorc_jennifer,"Jennifer","Дженнифер",70,Orc,,/skill4416_orc.webp
Citizen,iason_haine,"Iason Heine","Ясон Хейн",70,Human,,/skill4416_human.webp
Citizen,dorothy_the_locksmith,"Dorothy","Дороти",70,Human,,/skill4416_human.webp
Citizen,mad_doctor_orpheus,"Orpheus","Орфеус",70,Dwarf,,/skill4416_dwarf.webp
Citizen,orpheus_resurrecter,"Orpheus Resurrecter","Воскреситель Орфеуса",70,Construct,,/skill4291.webp
Citizen,medium_jar,"Medium Jar","Кувшин Медиума",70,Others,,/skill4416_etc.webp
Citizen,adventurer_oliver,"Oliver","Оливер",70,Human,,/skill4416_human.webp
Citizen,adventurer_clarine,"Clarine","Кларин",70,Dwarf,,/skill4416_dwarf.webp
Citizen,town_maiden,"Resurrected Town Maiden","Дева Воскрешенного Города",70,Human,,/skill4416_human.webp
Citizen,holy_ark_1,"Holy Ark of Secrecy1","I Священный Ковчег",70,Others,,/skill4416_etc.webp
Citizen,holy_ark_2,"Holy Ark of Secrecy2","II Священный Ковчег",70,Others,,/skill4416_etc.webp
Citizen,holy_ark_3,"Holy Ark of Secrecy3","III Священный Ковчег",70,Others,,/skill4416_etc.webp
Citizen,ark_guardians_corpse,"Ark Guardian's Corpse","Труп Стража Ковчега",70,Angel,,/skill4297.webp
Citizen,black_judge,"Black Judge","Черный Судья",70,Dark Elf,,/skill4416_darkelf.webp
Citizen,sleeping_ant_larva_1,"Sleeping Ant Larva1","Спящая Личинка Муравья 1",70,Bug,,/skill4301.webp
Citizen,sleeping_ant_larva_2,"Sleeping Ant Larva2","Спящая Личинка Муравья 2",70,Bug,,/skill4301.webp
Citizen,sleeping_ant_larva_3,"Sleeping Ant Larva3","Спящая Личинка Муравья 3",70,Bug,,/skill4301.webp
Citizen,sleeping_ant_larva_4,"Sleeping Ant Larva4","Спящая Личинка Муравья 4",70,Bug,,/skill4301.webp
Citizen,sleeping_ant_larva_5,"Sleeping Ant Larva5","Спящая Личинка Муравья 5",70,Bug,,/skill4301.webp
Citizen,sleeping_ant_larva_6,"Sleeping Ant Larva6","Спящая Личинка Муравья 6",70,Bug,,/skill4301.webp
Citizen,leathersmith_verce,"Verce","Верс",70,Elf,,/skill4416_elf.webp
Citizen,chest_of_bifrons,"Chest of Bifrons","Сундук Бифронса",70,Others,,/skill4416_etc.webp
Citizen,ticket_seller_human,"Lottery Ticket Seller","Продавец Лотерейных Билетов",70,Human,,/skill4416_human.webp
Citizen,ticket_seller_elf,"Lottery Ticket Seller","Продавец Лотерейных Билетов",70,Elf,,/skill4416_elf.webp
Citizen,ticket_seller_darkelf,"Lottery Ticket Seller","Продавец Лотерейных Билетов",70,Dark Elf,,/skill4416_darkelf.webp
Citizen,ticket_seller_dwarf,"Lottery Ticket Seller","Продавец Лотерейных Билетов",70,Dwarf,,/skill4416_dwarf.webp
Citizen,ticket_seller_orc,"Lottery Ticket Seller","Продавец Лотерейных Билетов",70,Orc,,/skill4416_orc.webp
Citizen,claudia_a,"Claudia Athebalt","Клаудия Атебальт",70,Human,,/skill4416_human.webp
Citizen,maestro_leorin,"Reorin","Реорин",70,Dwarf,,/skill4416_dwarf.webp
Citizen,coffer_of_the_dead,"Coffer of the Dead","Гроб Мертвеца",70,Others,,/skill4416_etc.webp
Citizen,chest_of_kernon,"Chest of Kernon","Сундук Кернона",70,Others,,/skill4416_etc.webp
Citizen,chest_of_golkonda,"Chest of Golkonda","Сундук Голконда",70,Others,,/skill4416_etc.webp
Citizen,chest_of_hallate,"Chest of Hallate","Сундук Халлета",70,Others,,/skill4416_etc.webp
Citizen,broadcasting_tower,"Broadcasting Tower","Кристалл Передатчик",70,Others,,/skill4416_etc.webp
Citizen,muzyk,"Kantabilon","Кантабилон",70,Dwarf,,/skill4416_dwarf.webp
Citizen,muzyko,"Octavia","Октавия",70,Dwarf,,/skill4416_dwarf.webp
Citizen,symbol_maker_marsden,"Marsden","Марсден",70,Human,,/skill4416_human.webp
Citizen,symbol_maker_kelly,"Kell","Келл",70,Human,,/skill4416_human.webp
Citizen,symbol_maker_mcdermott,"McDermott","МакДемотт",70,Human,,/skill4416_human.webp
Citizen,symbol_maker_pepper,"Pepper","Пепер",70,Human,,/skill4416_human.webp
Citizen,symbol_maker_thora,"Thora","Тора",70,Human,,/skill4416_human.webp
Citizen,symbol_maker_keach,"Keach","Кич",70,Human,,/skill4416_human.webp
Citizen,symbol_maker_heid,"Heid","Хейд",70,Human,,/skill4416_human.webp
Citizen,symbol_maker_kidder,"Kidder","Киддер",70,Human,,/skill4416_human.webp
Citizen,corpse_of_hutaku,"Corpse of Hutaku","Труп Хутаку",70,Orc,,/skill4416_orc.webp
Citizen,guide_gludin_nina,"Newbie Guide","Помощник Новичков",70,Human,,/skill4416_human.webp
Citizen,guide_gludio_euria,"Newbie Guide","Помощник Новичков",70,Human,,/skill4416_human.webp
Citizen,marketeer_of_mammon,"Black Marketeer of Mammon","Контрабандист Маммона",70,Dwarf,,/skill4416_dwarf.webp
Citizen,preacher_of_doom_1,"Preacher of Doom","Проповедник Судьбы",70,Undead,,/skill4290.webp
Citizen,orator_of_revelations_1,"Orator of Revelations","Толкователь Откровений",70,Construct,,/skill4291.webp
Citizen,enter_necropolis1,"Gatekeeper Ziggurat","Хранитель Портала Зиккурат",70,Others,,/skill4416_etc.webp
Citizen,enter_necropolis2,"Gatekeeper Ziggurat","Хранитель Портала Зиккурат",70,Others,,/skill4416_etc.webp
Citizen,enter_necropolis3,"Gatekeeper Ziggurat","Хранитель Портала Зиккурат",70,Others,,/skill4416_etc.webp
Citizen,enter_necropolis4,"Gatekeeper Ziggurat","Хранитель Портала Зиккурат",70,Others,,/skill4416_etc.webp
Citizen,enter_necropolis5,"Gatekeeper Ziggurat","Хранитель Портала Зиккурат",70,Others,,/skill4416_etc.webp
Citizen,enter_necropolis6,"Gatekeeper Ziggurat","Хранитель Портала Зиккурат",70,Others,,/skill4416_etc.webp
Citizen,enter_necropolis7,"Gatekeeper Ziggurat","Хранитель Портала Зиккурат",70,Others,,/skill4416_etc.webp
Citizen,enter_necropolis8,"Gatekeeper Ziggurat","Хранитель Портала Зиккурат",70,Others,,/skill4416_etc.webp
Citizen,exit_necropolis1,"Gatekeeper Ziggurat","Хранитель Портала Зиккурат",70,Others,,/skill4416_etc.webp
Citizen,exit_necropolis2,"Gatekeeper Ziggurat","Хранитель Портала Зиккурат",70,Others,,/skill4416_etc.webp
Citizen,exit_necropolis3,"Gatekeeper Ziggurat","Хранитель Портала Зиккурат",70,Others,,/skill4416_etc.webp
Citizen,exit_necropolis4,"Gatekeeper Ziggurat","Хранитель Портала Зиккурат",70,Others,,/skill4416_etc.webp
Citizen,exit_necropolis5,"Gatekeeper Ziggurat","Хранитель Портала Зиккурат",70,Others,,/skill4416_etc.webp
Citizen,exit_necropolis6,"Gatekeeper Ziggurat","Хранитель Портала Зиккурат",70,Others,,/skill4416_etc.webp
Citizen,exit_necropolis7,"Gatekeeper Ziggurat","Хранитель Портала Зиккурат",70,Others,,/skill4416_etc.webp
Citizen,exit_necropolis8,"Gatekeeper Ziggurat","Хранитель Портала Зиккурат",70,Others,,/skill4416_etc.webp
Citizen,enter_necropolis_boss,"Gatekeeper Spirit","Дух Хранителя Портала",70,Others,,/skill4416_etc.webp
Citizen,exit_necropolis_boss,"Gatekeeper Spirit","Дух Хранителя Портала",70,Others,,/skill4416_etc.webp
Citizen,merchant_of_mammon,"Merchant of Mammon","Торговец Маммона",70,Dwarf,,/skill4416_dwarf.webp
Citizen,enter_catacomb1,"Gatekeeper Ziggurat","Хранитель Портала Зиккурат",70,Others,,/skill4416_etc.webp
Citizen,enter_catacomb2,"Gatekeeper Ziggurat","Хранитель Портала Зиккурат",70,Others,,/skill4416_etc.webp
Citizen,enter_catacomb3,"Gatekeeper Ziggurat","Хранитель Портала Зиккурат",70,Others,,/skill4416_etc.webp
Citizen,enter_catacomb4,"Gatekeeper Ziggurat","Хранитель Портала Зиккурат",70,Others,,/skill4416_etc.webp
Citizen,enter_catacomb5,"Gatekeeper Ziggurat","Хранитель Портала Зиккурат",70,Others,,/skill4416_etc.webp
Citizen,enter_catacomb6,"Gatekeeper Ziggurat","Хранитель Портала Зиккурат",70,Others,,/skill4416_etc.webp
Citizen,exit_catacomb1,"Gatekeeper Ziggurat","Хранитель Портала Зиккурат",70,Others,,/skill4416_etc.webp
Citizen,exit_catacomb2,"Gatekeeper Ziggurat","Хранитель Портала Зиккурат",70,Others,,/skill4416_etc.webp
Citizen,exit_catacomb3,"Gatekeeper Ziggurat","Хранитель Портала Зиккурат",70,Others,,/skill4416_etc.webp
Citizen,exit_catacomb4,"Gatekeeper Ziggurat","Хранитель Портала Зиккурат",70,Others,,/skill4416_etc.webp
Citizen,exit_catacomb5,"Gatekeeper Ziggurat","Хранитель Портала Зиккурат",70,Others,,/skill4416_etc.webp
Citizen,exit_catacomb6,"Gatekeeper Ziggurat","Хранитель Портала Зиккурат",70,Others,,/skill4416_etc.webp
Citizen,blacksmith_of_mammon,"Blacksmith of Mammon","Кузнец Маммона",70,Dwarf,,/skill4416_dwarf.webp
Citizen,dawn_acolyte1,"Festival Guide","Гид Фестиваля",70,Human,,/skill4416_human.webp
Citizen,dawn_acolyte2,"Festival Guide","Гид Фестиваля",70,Human,,/skill4416_human.webp
Citizen,dawn_acolyte3,"Festival Guide","Гид Фестиваля",70,Human,,/skill4416_human.webp
Citizen,dawn_acolyte4,"Festival Guide","Гид Фестиваля",70,Human,,/skill4416_human.webp
Citizen,dawn_acolyte5,"Festival Guide","Гид Фестиваля",70,Human,,/skill4416_human.webp
Citizen,dawn_sibyl1,"Festival Witch","Ведьма Фестиваля",70,Dark Elf,,/skill4416_darkelf.webp
Citizen,dawn_sibyl2,"Festival Witch","Ведьма Фестиваля",70,Dark Elf,,/skill4416_darkelf.webp
Citizen,dawn_sibyl3,"Festival Witch","Ведьма Фестиваля",70,Dark Elf,,/skill4416_darkelf.webp
Citizen,dawn_sibyl4,"Festival Witch","Ведьма Фестиваля",70,Dark Elf,,/skill4416_darkelf.webp
Citizen,dawn_sibyl5,"Festival Witch","Ведьма Фестиваля",70,Dark Elf,,/skill4416_darkelf.webp
Citizen,dusk_acolyte1,"Festival Guide","Гид Фестиваля",70,Dark Elf,,/skill4416_darkelf.webp
Citizen,dusk_acolyte2,"Festival Guide","Гид Фестиваля",70,Dark Elf,,/skill4416_darkelf.webp
Citizen,dusk_acolyte3,"Festival Guide","Гид Фестиваля",70,Dark Elf,,/skill4416_darkelf.webp
Citizen,dusk_acolyte4,"Festival Guide","Гид Фестиваля",70,Dark Elf,,/skill4416_darkelf.webp
Citizen,dusk_acolyte5,"Festival Guide","Гид Фестиваля",70,Dark Elf,,/skill4416_darkelf.webp
Citizen,dusk_sibyl1,"Festival Witch","Ведьма Фестиваля",70,Dark Elf,,/skill4416_darkelf.webp
Citizen,dusk_sibyl2,"Festival Witch","Ведьма Фестиваля",70,Dark Elf,,/skill4416_darkelf.webp
Citizen,dusk_sibyl3,"Festival Witch","Ведьма Фестиваля",70,Dark Elf,,/skill4416_darkelf.webp
Citizen,dusk_sibyl4,"Festival Witch","Ведьма Фестиваля",70,Dark Elf,,/skill4416_darkelf.webp
Citizen,dusk_sibyl5,"Festival Witch","Ведьма Фестиваля",70,Dark Elf,,/skill4416_darkelf.webp
Citizen,sobling,"Sobling","Соблинг",70,Dwarf,,/skill4416_dwarf.webp
Citizen,pirates_t_chest,"Pirate's Chest","Сундук Пирата",70,Others,,/skill4416_etc.webp
Citizen,alchemical_mixing_jar,"Alchemist's Mixing Urn","Алхимическая Ступка",70,Others,,/skill4416_etc.webp
Citizen,emblem_of_dawn,"Crest of Dawn","Символ Рассвета",70,Others,,/skill4416_etc.webp
Citizen,emblem_of_dusk,"Crest of Dusk","Символ Заката",70,Others,,/skill4416_etc.webp
Citizen,preacher_of_doom_2,"Preacher of Doom","Проповедник Судьбы",70,Undead,,/skill4290.webp
Citizen,orator_of_revelations_2,"Orator of Revelations","Толкователь Откровений",70,Construct,,/skill4291.webp
Citizen,preacher_of_doom_3,"Preacher of Doom","Проповедник Судьбы",70,Undead,,/skill4290.webp
Citizen,orator_of_revelations_3,"Orator of Revelations","Толкователь Откровений",70,Construct,,/skill4291.webp
Citizen,preacher_of_doom_4,"Preacher of Doom","Проповедник Судьбы",70,Undead,,/skill4290.webp
Citizen,orator_of_revelations_4,"Orator of Revelations","Толкователь Откровений",70,Construct,,/skill4291.webp
Citizen,preacher_of_doom_5,"Preacher of Doom","Проповедник Судьбы",70,Undead,,/skill4290.webp
Citizen,orator_of_revelations_5,"Orator of Revelations","Толкователь Откровений",70,Construct,,/skill4291.webp
Citizen,preacher_of_doom_6,"Preacher of Doom","Проповедник Судьбы",70,Undead,,/skill4290.webp
Citizen,orator_of_revelations_6,"Orator of Revelations","Толкователь Откровений",70,Construct,,/skill4291.webp
Citizen,preacher_of_doom_7,"Preacher of Doom","Проповедник Судьбы",70,Undead,,/skill4290.webp
Citizen,orator_of_revelations_7,"Orator of Revelations","Толкователь Откровений",70,Construct,,/skill4291.webp
Citizen,preacher_of_doom_8,"Preacher of Doom","Проповедник Судьбы",70,Undead,,/skill4290.webp
Citizen,orator_of_revelations_8,"Orator of Revelations","Толкователь Откровений",70,Construct,,/skill4291.webp
Citizen,preacher_of_doom_9,"Preacher of Doom","Проповедник Судьбы",70,Undead,,/skill4290.webp
Citizen,orator_of_revelations_9,"Orator of Revelations","Толкователь Откровений",70,Construct,,/skill4291.webp
Citizen,preacher_of_doom_10,"Preacher of Doom","Проповедник Судьбы",70,Undead,,/skill4290.webp
Citizen,orator_of_revelations_10,"Orator of Revelations","Толкователь Откровений",70,Construct,,/skill4291.webp
Citizen,preacher_of_doom_11,"Preacher of Doom","Проповедник Судьбы",70,Undead,,/skill4290.webp
Citizen,orator_of_revelations_11,"Orator of Revelations","Толкователь Откровений",70,Construct,,/skill4291.webp
Citizen,preacher_of_doom_12,"Preacher of Doom","Проповедник Судьбы",70,Undead,,/skill4290.webp
Citizen,orator_of_revelations_12,"Orator of Revelations","Толкователь Откровений",70,Construct,,/skill4291.webp
Citizen,preacher_of_doom_13,"Preacher of Doom","Проповедник Судьбы",70,Undead,,/skill4290.webp
Citizen,orator_of_revelations_13,"Orator of Revelations","Толкователь Откровений",70,Construct,,/skill4291.webp
Citizen,preacher_of_doom_14,"Preacher of Doom","Проповедник Судьбы",70,Undead,,/skill4290.webp
Citizen,orator_of_revelations_14,"Orator of Revelations","Толкователь Откровений",70,Construct,,/skill4291.webp
Citizen,preacher_of_doom_15,"Preacher of Doom","Проповедник Судьбы",70,Undead,,/skill4290.webp
Citizen,orator_of_revelations_15,"Orator of Revelations","Толкователь Откровений",70,Construct,,/skill4291.webp
Citizen,preacher_of_doom_16,"Preacher of Doom","Проповедник Судьбы",70,Undead,,/skill4290.webp
Citizen,orator_of_revelations_16,"Orator of Revelations","Толкователь Откровений",70,Construct,,/skill4291.webp
Citizen,pet_maximus,"Maximus","Максимус",70,Animal,,/skill4293.webp
Citizen,pet_moon_dancer,"Moon Dancer","Лунный Танцор",70,Animal,,/skill4293.webp
Citizen,pet_giorgio,"Georgio","Джорджио",70,Animal,,/skill4293.webp
Citizen,pet_katz,"Katz","Катс",70,Dragon,,/skill4299.webp
Citizen,pet_ten_ten,"Ten Ten","Тен Тен",70,Dragon,,/skill4299.webp
Citizen,pet_sardinia,"Sardinia","Сардиния",70,Dragon,,/skill4299.webp
Citizen,pet_lagranzu,"La Grange","Ля Гранж",70,Dragon,,/skill4299.webp
Citizen,pet_misty_rain,"Misty Rain","Туманный Дождь",70,Animal,,/skill4293.webp
Citizen,race_guide,"Race Track Guide","Проводник Ипподрома ",70,Dwarf,,/skill4416_dwarf.webp
Citizen,event_cat_fire,"Orion the Cat","Кот Орион",70,Elemental,,/skill4296.webp
Citizen,event_col_agent1,"Roy the Cat","Кот Рой",70,Elemental,,/skill4296.webp
Citizen,event_col_agent2,"Winnie the Cat","Кот Винни",70,Elemental,,/skill4296.webp
Citizen,event_prv_collector,"Louie the Cat","Кот Луи",70,Elemental,,/skill4296.webp
Citizen,preacher_of_doom_17,"Preacher of Doom","Проповедник Судьбы",70,Undead,,/skill4290.webp
Citizen,preacher_of_doom_18,"Preacher of Doom","Проповедник Судьбы",70,Undead,,/skill4290.webp
Citizen,preacher_of_doom_19,"Preacher of Doom","Проповедник Судьбы",70,Undead,,/skill4290.webp
Citizen,preacher_of_doom_20,"Preacher of Doom","Проповедник Судьбы",70,Undead,,/skill4290.webp
Citizen,preacher_of_doom_21,"Preacher of Doom","Проповедник Судьбы",70,Undead,,/skill4290.webp
Citizen,preacher_of_doom_22,"Preacher of Doom","Проповедник Судьбы",70,Undead,,/skill4290.webp
Citizen,preacher_of_doom_23,"Preacher of Doom","Проповедник Судьбы",70,Undead,,/skill4290.webp
Citizen,preacher_of_doom_24,"Preacher of Doom","Проповедник Судьбы",70,Undead,,/skill4290.webp
Citizen,preacher_of_doom_25,"Preacher of Doom","Проповедник Судьбы",70,Undead,,/skill4290.webp
Citizen,preacher_of_doom_26,"Preacher of Doom","Проповедник Судьбы",70,Undead,,/skill4290.webp
Citizen,preacher_of_doom_27,"Preacher of Doom","Проповедник Судьбы",70,Undead,,/skill4290.webp
Citizen,preacher_of_doom_28,"Preacher of Doom","Проповедник Судьбы",70,Undead,,/skill4290.webp
Citizen,preacher_of_doom_29,"Preacher of Doom","Проповедник Судьбы",70,Undead,,/skill4290.webp
Citizen,preacher_of_doom_30,"Preacher of Doom","Проповедник Судьбы",70,Undead,,/skill4290.webp
Citizen,preacher_of_doom_31,"Preacher of Doom","Проповедник Судьбы",70,Undead,,/skill4290.webp
Citizen,preacher_of_doom_32,"Preacher of Doom","Проповедник Судьбы",70,Undead,,/skill4290.webp
Citizen,orator_of_revelations_17,"Orator of Revelations","Толкователь Откровений",70,Construct,,/skill4291.webp
Citizen,orator_of_revelations_18,"Orator of Revelations","Толкователь Откровений",70,Construct,,/skill4291.webp
Citizen,orator_of_revelations_19,"Orator of Revelations","Толкователь Откровений",70,Construct,,/skill4291.webp
Citizen,orator_of_revelations_20,"Orator of Revelations","Толкователь Откровений",70,Construct,,/skill4291.webp
Citizen,orator_of_revelations_21,"Orator of Revelations","Толкователь Откровений",70,Construct,,/skill4291.webp
Citizen,orator_of_revelations_22,"Orator of Revelations","Толкователь Откровений",70,Construct,,/skill4291.webp
Citizen,orator_of_revelations_23,"Orator of Revelations","Толкователь Откровений",70,Construct,,/skill4291.webp
Citizen,orator_of_revelations_24,"Orator of Revelations","Толкователь Откровений",70,Construct,,/skill4291.webp
Citizen,event_bak,"Orion the Cat","Кот Орион",70,Elemental,,/skill4296.webp
Citizen,symbol_maker_olson,"Olsun","Олсан",70,Human,,/skill4416_human.webp
Citizen,kaiser,"Kaiser","Кайзер",70,Beast,,/skill4292.webp
Citizen,warehouse_chief_mona,"Mona","Мона",70,Dwarf,,/skill4416_dwarf.webp
Citizen,blacksmith_hilda,"Hilda","Хильда",70,Dwarf,,/skill4416_dwarf.webp
Citizen,head_blacksmith_noel,"Noel","Ноэль",70,Dwarf,,/skill4416_dwarf.webp
Citizen,master_felix,"Felix","Феликс",70,Human,,/skill4416_human.webp
Citizen,master_bronwyn,"Bronwyn","Бронвин",70,Elf,,/skill4416_elf.webp
Citizen,highpriest_gregor,"Gregory","Грегори",70,Human,,/skill4416_human.webp
Citizen,priest_bastian,"Bastian","Бастиан",70,Human,,/skill4416_human.webp
Citizen,priest_cerenas,"Cerenas","Керенас",70,Elf,,/skill4416_elf.webp
Citizen,magister_justin,"Justin","Джастин",70,Human,,/skill4416_human.webp
Citizen,magister_arminas,"Alminas","Алминас",70,Elf,,/skill4416_elf.webp
Citizen,master_drakon,"Drakon","Дрейкон",70,Dark Elf,,/skill4416_darkelf.webp
Citizen,magister_kamilen,"Kamilen","Камилен",70,Dark Elf,,/skill4416_darkelf.webp
Citizen,high_prefect_aklan,"Aklan","Аклан",70,Orc,,/skill4416_orc.webp
Citizen,seer_skahi,"Skahi","Скахи",70,Orc,,/skill4416_orc.webp
Citizen,symbol_maker_achim,"Achim","Ачим",70,Human,,/skill4416_human.webp
Citizen,rafael,"Rafael","Рафаэль",70,Dragon,,/skill4299.webp
Citizen,warehouse_chief_donal,"Donal","Донал",70,Dwarf,,/skill4416_dwarf.webp
Citizen,blacksmith_vincenz,"Vincenz","Винценс",70,Dwarf,,/skill4416_dwarf.webp
Citizen,head_blacksmith_lombert,"Lombert","Ломберт",70,Dwarf,,/skill4416_dwarf.webp
Citizen,master_erian,"Erian","Эриан",70,Human,,/skill4416_human.webp
Citizen,master_beryl,"Beryl","Берил",70,Elf,,/skill4416_elf.webp
Citizen,master_themis,"Themis","Темис",70,Dark Elf,,/skill4416_darkelf.webp
Citizen,high_prefect_lambac,"Lambac","Ламбак",70,Orc,,/skill4416_orc.webp
Citizen,highpriest_innocentin,"Innocentin","Инносентин",70,Human,,/skill4416_human.webp
Citizen,priest_eliyah,"Eliyah","Элийя",70,Human,,/skill4416_human.webp
Citizen,priest_wagner,"Wagner","Вагнер",70,Elf,,/skill4416_elf.webp
Citizen,grandmagister_valdis,"Valdis","Валдис",70,Human,,/skill4416_human.webp
Citizen,magister_amelia,"Amelia","Амелия",70,Human,,/skill4416_human.webp
Citizen,magister_rumiel,"Rumiel","Румиэль",70,Elf,,/skill4416_elf.webp
Citizen,grandmagister_tifaren,"Tifaren","Тифарен",70,Dark Elf,,/skill4416_darkelf.webp
Citizen,magister_kayan,"Kayan","Каян",70,Dark Elf,,/skill4416_darkelf.webp
Citizen,highseer_rahorakti,"Rahorakti","Рахоракти",70,Orc,,/skill4416_orc.webp
Citizen,seer_mekara,"Mekara","Мекара",70,Orc,,/skill4416_orc.webp
Citizen,falsepriest_agripel,"Agripel","Агрипель",70,Human,,/skill4416_human.webp
Citizen,falsepriest_benedict,"Benedict","Бенедикт",70,Human,,/skill4416_human.webp
Citizen,falsepriest_dominic,"Dominic","Доминик",70,Human,,/skill4416_human.webp
Citizen,wharf_manager_volker,"Volker","Волкер",70,Human,,/skill4416_human.webp
Citizen,porter_remy,"Remy","Реми",70,Human,,/skill4416_human.webp
Citizen,scribe_leandro,"Leandro","Леандро",70,Human,,/skill4416_human.webp
Citizen,bard_casiel,"Kasiel","Казиэль",70,Elf,,/skill4416_elf.webp
Citizen,treekeeper_jaradine,"Jaradine","Ярадин",70,Elf,,/skill4416_elf.webp
Citizen,tetrarch_agent_alhena,"Alhena","Алхена",70,Dark Elf,,/skill4416_darkelf.webp
Citizen,tetrarch_exec_kreed,"Kreed","Крид",70,Dark Elf,,/skill4416_darkelf.webp
Citizen,porter_tate,"Tate","Тейт",70,Dwarf,,/skill4416_dwarf.webp
Citizen,messenger_rogin,"Rogin","Роджин",70,Dwarf,,/skill4416_dwarf.webp
Citizen,flame_keeper_lokar,"Rokar","Рокар",70,Orc,,/skill4416_orc.webp
Citizen,flame_keeper_yakand,"Yakand","Яканд",70,Orc,,/skill4416_orc.webp
Citizen,brilliant_voice,"Voice of Glory","Голос Славы",70,Angel,,/skill4297.webp
Citizen,silent_monk_mikelan,"Mikellan","Микелан",70,Human,,/skill4416_human.webp
Citizen,silent_monk_mennon,"Mennon","Меннон",70,Human,,/skill4416_human.webp
Citizen,elder_kadun_zu_ketra,"Kadun Zu Ketra","Кадун Зу Кетра",70,Humanoid,,/skill4295.webp
Citizen,herald_wakan,"Wahkan","Вахкан",70,Humanoid,,/skill4295.webp
Citizen,shaman_asefa,"Asefa","Азефа",70,Humanoid,,/skill4295.webp
Citizen,elder_ashas_barka_durai,"Ashas Varka Durai","Ашас Варка Дурай",70,Humanoid,,/skill4295.webp
Citizen,herald_naran,"Naran Ashanuk","Наран Ашанук",70,Humanoid,,/skill4295.webp
Citizen,shaman_udan,"Udan Mardui","Удан Мардуи",70,Humanoid,,/skill4295.webp
Citizen,firedragon_gatekeeper,"Gatekeeper of Fire Dragon","Хранитель Портала Огненного Дракона",70,Undead,,/skill4290.webp
Citizen,heart_of_volcano,"Heart of Volcano","Сердце Вулкана",70,Others,,/skill4416_etc.webp
Citizen,day_kurstin,"Kurstin","Керстин",70,Human,,/skill4416_human.webp
Citizen,day_mina,"Mina","Мина",70,Human,,/skill4416_human.webp
Citizen,day_dorian,"Dorian","Дориан",70,Human,,/skill4416_human.webp
Citizen,dummy_npc_1,"Dummy - Boy A","Манекен – Мужчина A",70,Human,,/skill4416_human.webp
Citizen,dummy_npc_2,"Dummy  - Boy B","Манекен – Мужчина B",70,Human,,/skill4416_human.webp
Citizen,dummy_npc_3,"Dummy  - Boy C","Манекен – Мужчина C",70,Human,,/skill4416_human.webp
Citizen,dummy_npc_4,"Dummy - Boy D","Манекен – Мужчина D",70,Human,,/skill4416_human.webp
Citizen,dummy_npc_5,"Dummy - Boy E","Манекен – Мужчина E",70,Human,,/skill4416_human.webp
Citizen,dummy_npc_6,"Dummy - Lady F","Манекен – Женщина F",70,Human,,/skill4416_human.webp
Citizen,dummy_npc_7,"Dummy - Lady G","Манекен – Женщина G",70,Human,,/skill4416_human.webp
Citizen,dummy_npc_8,"Dummy - Lady H","Манекен – Женщина H",70,Human,,/skill4416_human.webp
Citizen,dummy_npc_9,"Dummy - Lady I","Манекен – Женщина I",70,Human,,/skill4416_human.webp
Citizen,dummy_npc_10,"Dummy - Lady J","Манекен – Женщина J",70,Human,,/skill4416_human.webp
Citizen,wigoth_ghost_a,"Ghost of Wigoth","Призрак Вигота",70,Undead,,/skill4290.webp
Citizen,printessa_spirit,"Nameless Spirit","Безымянный Дух",70,Undead,,/skill4290.webp
Citizen,wigoth_ghost_b,"Ghost of Wigoth","Призрак Вигота",70,Undead,,/skill4290.webp
Citizen,keybox_basic,"Key Box","Сундук с Ключом",70,Construct,,/skill4291.webp
Citizen,conq_viscounts_keybox,"Key Box","Сундук с Ключом",70,Construct,,/skill4291.webp
Citizen,conq_counts_keybox,"Key Box","Сундук с Ключом",70,Construct,,/skill4291.webp
Citizen,conq_marquis_keybox,"Key Box","Сундук с Ключом",70,Construct,,/skill4291.webp
Citizen,lords_viscounts_keybox,"Key Box","Сундук с Ключом",70,Construct,,/skill4291.webp
Citizen,lords_counts_keybox,"Key Box","Сундук с Ключом",70,Construct,,/skill4291.webp
Citizen,lords_marquis_keybox,"Key Box","Сундук с Ключом",70,Construct,,/skill4291.webp
Citizen,sav_viscounts_keybox,"Key Box","Сундук с Ключом",70,Construct,,/skill4291.webp
Citizen,sav_counts_keybox,"Key Box","Сундук с Ключом",70,Construct,,/skill4291.webp
Citizen,sav_marquis_keybox,"Key Box","Сундук с Ключом",70,Construct,,/skill4291.webp
Citizen,mag_viscounts_keybox,"Key Box","Сундук с Ключом",70,Construct,,/skill4291.webp
Citizen,mag_counts_keybox,"Key Box","Сундук с Ключом",70,Construct,,/skill4291.webp
Citizen,mag_marquis_keybox,"Key Box","Сундук с Ключом",70,Construct,,/skill4291.webp
Citizen,conq_barons_triggerbox,"Mysterious Box","Таинственный Ящик",70,Construct,,/skill4291.webp
Citizen,conq_vis_triggerbox,"Mysterious Box","Таинственный Ящик",70,Construct,,/skill4291.webp
Citizen,conq_counts_triggerbox,"Mysterious Box","Таинственный Ящик",70,Construct,,/skill4291.webp
Citizen,conq_marquis_triggerbox,"Mysterious Box","Таинственный Ящик",70,Construct,,/skill4291.webp
Citizen,conq_dukes_triggerbox,"Mysterious Box","Таинственный Ящик",70,Construct,,/skill4291.webp
Citizen,lords_barons_triggerbox,"Mysterious Box","Таинственный Ящик",70,Construct,,/skill4291.webp
Citizen,lords_vis_triggerbox,"Mysterious Box","Таинственный Ящик",70,Construct,,/skill4291.webp
Citizen,lords_counts_triggerbox,"Mysterious Box","Таинственный Ящик",70,Construct,,/skill4291.webp
Citizen,lords_marq_triggerbox,"Mysterious Box","Таинственный Ящик",70,Construct,,/skill4291.webp
Citizen,lords_dukes_triggerbox,"Mysterious Box","Таинственный Ящик",70,Construct,,/skill4291.webp
Citizen,sav_barons_triggerbox,"Mysterious Box","Таинственный Ящик",70,Construct,,/skill4291.webp
Citizen,sav_vis_triggerbox,"Mysterious Box","Таинственный Ящик",70,Construct,,/skill4291.webp
Citizen,sav_counts_triggerbox,"Mysterious Box","Таинственный Ящик",70,Construct,,/skill4291.webp
Citizen,sav_marquis_triggerbox,"Mysterious Box","Таинственный Ящик",70,Construct,,/skill4291.webp
Citizen,sav_dukes_triggerbox,"Mysterious Box","Таинственный Ящик",70,Construct,,/skill4291.webp
Citizen,mag_barons_triggerbox,"Mysterious Box","Таинственный Ящик",70,Construct,,/skill4291.webp
Citizen,mag_vis_triggerbox,"Mysterious Box","Таинственный Ящик",70,Construct,,/skill4291.webp
Citizen,mag_counts_triggerbox,"Mysterious Box","Таинственный Ящик",70,Construct,,/skill4291.webp
Citizen,mag_marquis_triggerbox,"Mysterious Box","Таинственный Ящик",70,Construct,,/skill4291.webp
Citizen,mag_dukes_triggerbox,"Mysterious Box","Таинственный Ящик",70,Construct,,/skill4291.webp
Citizen,rift_watcher_1,"Rift Post Recruit","Распорядитель Боев Рекрут",70,Human,,/skill4416_human.webp
Citizen,rift_watcher_2,"Rift Post Private","Распорядитель Боев Рядовой",70,Human,,/skill4416_human.webp
Citizen,rift_watcher_3,"Rift Post Officer","Распорядитель Боев Офицер",70,Human,,/skill4416_human.webp
Citizen,rift_watcher_4,"Rift Post Captain","Распорядитель Боев Командующий",70,Human,,/skill4416_human.webp
Citizen,rift_watcher_5,"Rift Post Commander","Распорядитель Боев Военачальник",70,Human,,/skill4416_human.webp
Citizen,rift_watcher_6,"Rift Post Hero","Распорядитель Боев Герой",70,Human,,/skill4416_human.webp
Citizen,dimension_keeper_1,"Dimensional Gate Keeper","Хранитель Пространственного Портала",70,Construct,,/skill4291.webp
Citizen,dimension_keeper_2,"Dimensional Gate Keeper","Хранитель Пространственного Портала",70,Construct,,/skill4291.webp
Citizen,dimension_keeper_3,"Dimensional Gate Keeper","Хранитель Пространственного Портала",70,Construct,,/skill4291.webp
Citizen,dimension_keeper_4,"Dimensional Gate Keeper","Хранитель Пространственного Портала",70,Construct,,/skill4291.webp
Citizen,dimension_keeper_5,"Dimensional Gate Keeper","Хранитель Пространственного Портала",70,Construct,,/skill4291.webp
Citizen,dimension_keeper_6,"Dimensional Gate Keeper","Хранитель Пространственного Портала",70,Construct,,/skill4291.webp
Citizen,dimension_keeper_7,"Dimensional Gate Keeper","Хранитель Пространственного Портала",70,Construct,,/skill4291.webp
Citizen,dimension_keeper_8,"Dimensional Gate Keeper","Хранитель Пространственного Портала",70,Construct,,/skill4291.webp
Citizen,dimension_keeper_9,"Dimensional Gate Keeper","Хранитель Пространственного Портала",70,Construct,,/skill4291.webp
Citizen,dimension_keeper_10,"Dimensional Gate Keeper","Хранитель Пространственного Портала",70,Construct,,/skill4291.webp
Citizen,dimension_keeper_11,"Dimensional Gate Keeper","Хранитель Пространственного Портала",70,Construct,,/skill4291.webp
Citizen,dimension_keeper_12,"Dimensional Gate Keeper","Хранитель Пространственного Портала",70,Construct,,/skill4291.webp
Citizen,dimension_keeper_13,"Dimensional Gate Keeper","Хранитель Пространственного Портала",70,Construct,,/skill4291.webp
Citizen,dimension_keeper_14,"Dimensional Gate Keeper","Хранитель Пространственного Портала",70,Construct,,/skill4291.webp
Citizen,blessed_altar1,"Altar of Saints","Алтарь Святых",70,Others,,/skill4416_etc.webp
Citizen,blessed_altar2,"Altar of Saints","Алтарь Святых",70,Others,,/skill4416_etc.webp
Citizen,blessed_altar3,"Altar of Saints","Алтарь Святых",70,Others,,/skill4416_etc.webp
Citizen,blessed_altar4,"Altar of Saints","Алтарь Святых",70,Others,,/skill4416_etc.webp
Citizen,vicious_altar1,"Evil Altar","Алтарь Зла",70,Others,,/skill4416_etc.webp
Citizen,vicious_altar2,"Evil Altar","Алтарь Зла",70,Others,,/skill4416_etc.webp
Citizen,vicious_altar3,"Evil Altar","Алтарь Зла",70,Others,,/skill4416_etc.webp
Citizen,vicious_altar4,"Evil Altar","Алтарь Зла",70,Others,,/skill4416_etc.webp
Citizen,vicious_altar5,"Evil Altar","Алтарь Зла",70,Others,,/skill4416_etc.webp
Citizen,dark_presbyter,"Hierarch","Иерарх",70,Human,,/skill4416_human.webp
Citizen,dark_necromancer,"Mysterious Necromancer","Загадочный Некромант",70,Human,,/skill4416_human.webp
Citizen,enfeux,"Enfeux","Энфеукс",70,Others,,/skill4416_etc.webp
Citizen,leikar,"Leikar","Лейкар",70,Human,,/skill4416_human.webp
Citizen,jeremy,"Jeremy","Джереми",70,Human,,/skill4416_human.webp
Citizen,shadow_hardin,"Mysterious Wizard","Загадочный Чародей",70,Human,,/skill4416_human.webp
Citizen,q_forest_stone1,"Tombstone","Надгробие",70,Others,,/skill4416_etc.webp
Citizen,rune_ghost1,"Ghost of von Hellmann","Призрак фон Хельмана",70,Undead,,/skill4290.webp
Citizen,rune_ghost1b,"Ghost of von Hellmann's Page","Призрак Пажа",70,Undead,,/skill4290.webp
Citizen,broken_desk1,"Broken Bookshelf","Книжный Шкаф",70,Others,,/skill4416_etc.webp
Citizen,umul,"Well","Колодец",70,Others,,/skill4416_etc.webp
Citizen,rune_ghost2,"Ghost of Priest","Призрак Жреца",70,Undead,,/skill4290.webp
Citizen,rune_ghost3,"Ghost of Adventurer","Призрак Авантюриста",70,Undead,,/skill4290.webp
Citizen,rust_box1,"Box","Коробка",70,Construct,,/skill4291.webp
Citizen,q_forest_stone2,"Tombstone","Надгробие",70,Others,,/skill4416_etc.webp
Citizen,maid_of_ridia,"Maid of Lidia","Служанка Лидии",70,Demonic,,/skill4298.webp
Citizen,broken_desk2,"Broken Bookshelf","Книжный Шкаф",70,Others,,/skill4416_etc.webp
Citizen,broken_desk3,"Broken Bookshelf","Книжный Шкаф",70,Others,,/skill4416_etc.webp
Citizen,broken_desk4,"Broken Bookshelf","Книжный Шкаф",70,Others,,/skill4416_etc.webp
Citizen,q_forest_box1,"Coffin","Гроб",70,Construct,,/skill4291.webp
Citizen,beast_herder_tunatun,"Tunatun","Тунатун",70,Human,,/skill4416_human.webp
Citizen,explorer_ghost_a,"Ghost of Adventurer","Призрак Авантюриста",70,Undead,,/skill4290.webp
Citizen,warsmith_vulcan,"Vulcan","Вулкан",70,Dwarf,,/skill4416_dwarf.webp
Citizen,watcher_valakas_klein,"Klein","Клейн",70,Undead,,/skill4290.webp
Citizen,daimons_altar,"Daimon's Altar","Алтарь Дэймонов",70,Others,,/skill4416_etc.webp
Citizen,yetis_table,"Yeti's Table","Стол Йети",70,Others,,/skill4416_etc.webp
Citizen,pulin,"Pulin","Пулин",70,Dwarf,,/skill4416_dwarf.webp
Citizen,naff,"Naff","Нафф",70,Dwarf,,/skill4416_dwarf.webp
Citizen,crocus,"Crocus","Крокус",70,Dwarf,,/skill4416_dwarf.webp
Citizen,kuber,"Kuber","Кубер",70,Dwarf,,/skill4416_dwarf.webp
Citizen,beolin,"Beolin","Беолин",70,Dwarf,,/skill4416_dwarf.webp
Citizen,ancient_lithography1,"Mysterious Ancient Tablet","Загадочная Древняя Скрижаль",70,Others,,/skill4416_etc.webp
Citizen,ancient_lithography2,"Mysterious Ancient Tablet","Загадочная Древняя Скрижаль",70,Others,,/skill4416_etc.webp
Citizen,ancient_lithography3,"Mysterious Ancient Tablet","Загадочная Древняя Скрижаль",70,Others,,/skill4416_etc.webp
Citizen,ancient_lithography4,"Mysterious Ancient Tablet","Загадочная Древняя Скрижаль",70,Others,,/skill4416_etc.webp
Citizen,ancient_lithography5,"Mysterious Ancient Tablet","Загадочная Древняя Скрижаль",70,Others,,/skill4416_etc.webp
Citizen,merc_cap_peace,"Pierce","Пирс",70,Human,,/skill4416_human.webp
Citizen,merc_kahmun,"Kahman","Кахман",70,Orc,,/skill4416_orc.webp
Citizen,medic_selina,"Selina","Селина",70,Human,,/skill4416_human.webp
Citizen,merc_sentry,"Mercenary Sentry","Наемник Караульный",70,Human,,/skill4416_human.webp
Citizen,totem_of_ketra,"Ketra's Holy Altar","Священный Алтарь Кетра",70,Others,,/skill4416_etc.webp
Citizen,asefas_box,"Box of Asefa","Сундук Азефы",70,Others,,/skill4416_etc.webp
Citizen,totem_of_barka,"Varka's Holy Altar","Священный Алтарь Варка",70,Others,,/skill4416_etc.webp
Citizen,udans_box,"Udan Mardui's Box","Сундук Удана Мардуи",70,Others,,/skill4416_etc.webp
Citizen,fisher_klufe,"Klufe","Клюфе",70,Human,,/skill4416_human.webp
Citizen,fisher_perelin,"Perelin","Перелин",70,Human,,/skill4416_human.webp
Citizen,fisher_mishini,"Mishini","Мишини",70,Human,,/skill4416_human.webp
Citizen,fisher_ogord,"Ogord","Огорд",70,Human,,/skill4416_human.webp
Citizen,fisher_ropfi,"Ropfi","Рофи",70,Human,,/skill4416_human.webp
Citizen,fisher_bleaker,"Bleaker","Бликер",70,Human,,/skill4416_human.webp
Citizen,fisher_pamfus,"Pamfus","Памфус",70,Human,,/skill4416_human.webp
Citizen,fisher_cyano,"Cyano","Циано",70,Human,,/skill4416_human.webp
Citizen,fisher_lanosco,"Lanosco","Ланоско",70,Human,,/skill4416_human.webp
Citizen,fisher_hufs,"Hufs","Хуфс",70,Human,,/skill4416_human.webp
Citizen,fisher_ofulle,"O'Fulle","О'Фулле",70,Human,,/skill4416_human.webp
Citizen,fisher_monakan,"Monakan","Монакан",70,Human,,/skill4416_human.webp
Citizen,fisher_willeri,"Willie","Вилли",70,Human,,/skill4416_human.webp
Citizen,fisher_litulon,"Litulon","Литулон",70,Human,,/skill4416_human.webp
Citizen,fisher_berix,"Berix","Берикс",70,Human,,/skill4416_human.webp
Citizen,fisher_linneaus,"Linnaeus","Линеус",70,Human,,/skill4416_human.webp
Citizen,fisher_hilgendorf,"Hilgendorf","Хильгендорф",70,Human,,/skill4416_human.webp
Citizen,fisher_klaw,"Klaus","Клаус",70,Human,,/skill4416_human.webp
Citizen,master_galadrid,"Galadrid","Галадрид",70,Dark Elf,,/skill4416_darkelf.webp
Citizen,magister_anastia,"Anastia","Анастия",70,Dark Elf,,/skill4416_darkelf.webp
Citizen,dark_knight_mordred,"Mordred","Мордред",70,Demonic,,/skill4298.webp
Citizen,blacksmith_feynn,"Feynn","Фейнн",70,Dwarf,,/skill4416_dwarf.webp
Citizen,brewer_valentine,"Valentine","Валентин",70,Dwarf,,/skill4416_dwarf.webp
Citizen,sparky_the_cat_npc,"Sparky the Cat","Кот Спарки",70,Elemental,,/skill4296.webp
Citizen,sparky_the_cat_hero,"Sparky the Cat","Кот Спарки",70,Elemental,,/skill4296.webp
Citizen,gemcutter_gedrik,"Gedrik","Гедрик",70,Dwarf,,/skill4416_dwarf.webp
Citizen,saint_agnes,"Agnes","Агнес",70,Elf,,/skill4416_elf.webp
Citizen,dudamara_ghost,"Duda-Mara Totem Spirit ","Тотемный Дух Дура-Мара",70,Bug,,/skill4301.webp
Citizen,truthseeker_devianne,"Truth Scholar Devianne","Девиан Искатель Правды",70,Human,,/skill4416_human.webp
Citizen,sunset_caller_luna,"Sunset Guide Luna","Луна Проводник Заката",70,Human,,/skill4416_human.webp
Citizen,golem_crafter_telson,"Telson","Телсон",70,Dwarf,,/skill4416_dwarf.webp
Citizen,golem_dorothy,"Dorothy","Дороти",70,Construct,,/skill4291.webp
Citizen,inspector_mond,"Mond","Монд",70,Dwarf,,/skill4416_dwarf.webp
Citizen,lionna_blackbird,"Leona Blackbird","Леона Блэкберд",70,Human,,/skill4416_human.webp
Citizen,master_tobald_hero,"Tobald","Тобальд",70,Dwarf,,/skill4416_dwarf.webp
Citizen,master_tobald_npc,"Tobald","Тобальд",70,Dwarf,,/skill4416_dwarf.webp
Citizen,medina_blackheart,"Medina Blackheart","Медина Блэкхарт",70,Dark Elf,,/skill4416_darkelf.webp
Citizen,outlawknight_baltstein,"Disgraced Knight Waldstein","Обесчещенный Рыцарь Вальдштейн",70,Human,,/skill4416_human.webp
Citizen,pamela_aprodia_npc,"Pamela Aprodia","Памела Апродия",70,Dark Elf,,/skill4416_darkelf.webp
Citizen,pamela_aprodia_hero,"Pamela Aprodia","Памела Апродия",70,Dark Elf,,/skill4416_darkelf.webp
Citizen,sharona_artemia,"Sharona Artemia","Шарона Артемия",70,Dark Elf,,/skill4416_darkelf.webp
Citizen,black_kat,"Black Cat","Черная Кошка",70,Dark Elf,,/skill4416_darkelf.webp
Citizen,grimst,"Grimst","Гримст",70,Human,,/skill4416_human.webp
Citizen,kinsley,"Kinsley","Кинсли",70,Human,,/skill4416_human.webp
Citizen,alice_de_catrina,"Alice de Catrina","Элис де Катрина",70,Elemental,,/skill4296.webp
Citizen,shakdun_zu_hestui,"Sake Dun Zu Hestui","Сейк Дун Зу Хестуи",70,Orc,,/skill4416_orc.webp
Citizen,bellinda,"Belinda","Белинда",70,Elf,,/skill4416_elf.webp
Citizen,unicorn_aurora,"Aurora the Unicorn","Единорог Аврора",70,Elemental,,/skill4296.webp
Citizen,shikken_gloomdrake,"Shiken Gloomdrake","Шикен Мглистый Дрейк",70,Dark Elf,,/skill4416_darkelf.webp
Citizen,scryde_heartseeker,"Scryde Heartseeker","Скрайд Хартсикер",70,Dark Elf,,/skill4416_darkelf.webp
Citizen,wanderer_staris,"Eternity Wanderer Staris","Вечный Скиталец Старис",70,Elf,,/skill4416_elf.webp
Citizen,noctisse,"Noctisse","Ноктисс",70,Dark Elf,,/skill4416_darkelf.webp
Citizen,radyss,"Radyss","Радисс",70,Elf,,/skill4416_elf.webp
Citizen,hermit_1,"Hermit","Отшельник",70,Human,,/skill4416_human.webp
Citizen,hermit_2,"Hermit","Отшельник",70,Human,,/skill4416_human.webp
Citizen,aria_firstmatter,"Aria Firstmatter","Ария Фестматтер",70,Dark Elf,,/skill4416_darkelf.webp
Citizen,moonvoice_airin,"Moon Voice Irene","Ирен Голос Луны",70,Elf,,/skill4416_elf.webp
Citizen,erica_ken_weber,"Erica Ken Weber","Эрика Кен Вебер",70,Human,,/skill4416_human.webp
Citizen,verdure_sage_ellikia,"Verdure Elder Elikia","Старейшина Леса Элрика",70,Elf,,/skill4416_elf.webp
Citizen,abyss_maiden_elcardia,"Abyss Saint Elcardia","Святая Бездны Элькардия",70,Dark Elf,,/skill4416_darkelf.webp
Citizen,keats,"Keats","Китс",70,Animal,,/skill4293.webp
Citizen,bavarin,"Bavarin","Баварин",70,Dwarf,,/skill4416_dwarf.webp
Citizen,donath,"Donath","Донат",70,Human,,/skill4416_human.webp
Citizen,assistant_yeti,"Yeti","Йети",70,Humanoid,,/skill4295.webp
Citizen,dunkeen,"Duncan","Дункан",70,Dwarf,,/skill4416_dwarf.webp
Citizen,mist,"Mist","Мист",70,Dwarf,,/skill4416_dwarf.webp
Citizen,lilly,"Lilly","Лили",70,Dwarf,,/skill4416_dwarf.webp
Citizen,unicorn_kaleidos_hero,"Kaleidos the Unicorn","Единорог Калейдос",70,Elemental,,/skill4296.webp
Citizen,unicorn_kaleidos_npc,"Kaleidos the Unicorn","Единорог Калейдос",70,Elemental,,/skill4296.webp
Citizen,eric_ramsheart,"Eric Ramsheart","Эрик Рамсхарт",70,Human,,/skill4416_human.webp
Citizen,mysterious_servitor2,"Mysterious Servitor","Загадочный Служитель",70,Demonic,,/skill4298.webp
Citizen,winter_hunter_kadyth1,"Winter Hunter Kadyth","Зимний Охотник Кадит",70,Elf,,/skill4416_elf.webp
Citizen,winter_hunter_kadyth2,"Winter Hunter Kadyth","Зимний Охотник Кадит",70,Elf,,/skill4416_elf.webp
Citizen,winter_hunter_kadyth3,"Winter Hunter Kadyth","Зимний Охотник Кадит",70,Elf,,/skill4416_elf.webp
Citizen,flame_scion_akkan,"Flame Successor Akkan","Наследник Пламени Аккан",70,Orc,,/skill4416_orc.webp
Citizen,kavatari_kashu,"Khavatari Kashu","Аватар Кашу",70,Orc,,/skill4416_orc.webp
Citizen,starknight_kastien,"Starling Knight Kastien","Звездный Рыцарь Кастиен",70,Elf,,/skill4416_elf.webp
Citizen,kain_van_holter,"Kain Van Halter","Кайн Ван Холтер",70,Human,,/skill4416_human.webp
Citizen,dark_pilgrim1,"Pilgrim of Darkness","Темный Паломник",70,Human,,/skill4416_human.webp
Citizen,dark_pilgrim2,"Pilgrim of Darkness","Темный Паломник",70,Human,,/skill4416_human.webp
Citizen,tarkai_zu_dudamara,"Tarkai Zu Duda-Mara","Таркаи Зу Дуда-Мара",70,Orc,,/skill4416_orc.webp
Citizen,silver_fehyshar,"Silver Feyshar","Серебряный Фейшар",70,Elf,,/skill4416_elf.webp
Citizen,dawn_witness_frantz,"Dawn Witness Franz","Свидетель Рассвета Франц",70,Human,,/skill4416_human.webp
Citizen,hindemith_truevoice,"Hindemith Truevoice","Истинный Глас Хиндемита",70,Human,,/skill4416_human.webp
Citizen,secret_codex_1,"Tablet of Vision","Камень Познания ",70,Others,,/skill4416_etc.webp
Citizen,secret_codex_2a,"Tablet of Vision","Камень Познания ",70,Others,,/skill4416_etc.webp
Citizen,secret_codex_2b,"Tablet of Vision","Камень Познания ",70,Others,,/skill4416_etc.webp
Citizen,secret_codex_2c,"Tablet of Vision","Камень Познания ",70,Others,,/skill4416_etc.webp
Citizen,secret_codex_3a,"Tablet of Vision","Камень Познания ",70,Others,,/skill4416_etc.webp
Citizen,secret_codex_3b,"Tablet of Vision","Камень Познания ",70,Others,,/skill4416_etc.webp
Citizen,secret_codex_3c,"Tablet of Vision","Камень Познания ",70,Others,,/skill4416_etc.webp
Citizen,secret_codex_3d,"Tablet of Vision","Камень Познания ",70,Others,,/skill4416_etc.webp
Citizen,secret_codex_4,"Tablet of Vision","Камень Познания ",70,Others,,/skill4416_etc.webp
Citizen,secret_codex_5,"Tablet of Vision","Камень Познания ",70,Others,,/skill4416_etc.webp
Citizen,secret_codex_6a,"Tablet of Vision","Камень Познания ",70,Others,,/skill4416_etc.webp
Citizen,secret_codex_6b,"Tablet of Vision","Камень Познания ",70,Others,,/skill4416_etc.webp
Citizen,secret_codex_6c,"Tablet of Vision","Камень Познания ",70,Others,,/skill4416_etc.webp
Citizen,secret_codex_6d,"Tablet of Vision","Камень Познания ",70,Others,,/skill4416_etc.webp
Citizen,secret_codex_7,"Tablet of Vision","Камень Познания ",70,Others,,/skill4416_etc.webp
Citizen,old_slate1,"Forgotten Monument","Заброшенный Памятник",70,Others,,/skill4416_etc.webp
Citizen,old_slate2,"Forgotten Monument","Заброшенный Памятник",70,Others,,/skill4416_etc.webp
Citizen,old_slate3,"Forgotten Monument","Заброшенный Памятник",70,Others,,/skill4416_etc.webp
Citizen,old_slate4,"Forgotten Monument","Заброшенный Памятник",70,Others,,/skill4416_etc.webp
Citizen,dead_dwarf,"Corpse of Dwarf","Тело Мертвого Гнома",70,Dwarf,,/skill4416_dwarf.webp
Citizen,eustace_van_issen,"Eustace Van Essen","Юстас Ван Эссен",70,Human,,/skill4416_human.webp
Citizen,felming_van_issen,"Fleming Van Issen","Флеминг Ван Иссен",70,Human,,/skill4416_human.webp
Citizen,eye_of_argos,"Eye of Argos","Око Аргоса",70,Others,,/skill4416_etc.webp
Citizen,udans_eye,"Eye of Udan Mardui","Глаз Удана Мардуи",70,Construct,,/skill4291.webp
Citizen,asefas_eye,"Asefa's Eye","Глаз Азефы",70,Construct,,/skill4291.webp
Citizen,firedragon_gatekeeper2,"Gatekeeper of Fire Dragon","Хранитель Портала Огненного Дракона",70,Undead,,/skill4290.webp
Citizen,firedragon_gatekeeper3,"Gatekeeper of Fire Dragon","Хранитель Портала Огненного Дракона",70,Undead,,/skill4290.webp
Citizen,olympiad_operator,"Grand Olympiad Manager","Старший Управляющий Олимпиады",70,Human,,/skill4416_human.webp
Citizen,olympiad_terminator,"Olympiad Finisher","Финалист Олимпиады",70,Human,,/skill4416_human.webp
Citizen,obelisk,"Monument of Heroes ","Памятник Героям",70,Others,,/skill4416_etc.webp
Citizen,training_dummy,"Training Dummy ","Тренировочный Манекен",70,Others,,/skill4416_etc.webp
Citizen,fisher_platis,"Platis","Платис",70,Human,,/skill4416_human.webp
Citizen,fisher_eindarkner,"Eindarkner","Айндарнер",70,Human,,/skill4416_human.webp
Citizen,agnes_follower_1,"Saint's Follower","Адепт Святой",70,Dwarf,,/skill4416_dwarf.webp
Citizen,agnes_follower_2,"Saint's Follower","Адепт Святой",70,Elf,,/skill4416_elf.webp
Citizen,agnes_follower_3,"Saint's Follower","Адепт Святой",70,Dwarf,,/skill4416_dwarf.webp
Citizen,agnes_follower_a,"Saint's Follower","Адепт Святой",70,Human,,/skill4416_human.webp
Citizen,agnes_follower_b,"Saint's Follower","Адепт Святой",70,Human,,/skill4416_human.webp
Citizen,argos_daemon_roaming,"Daimon the White-Eyed","Белоглазый Демон",70,Construct,,/skill4291.webp
Citizen,miki_the_cat,"Miki the Cat","Кот Мики",70,Elemental,,/skill4296.webp
Citizen,actor_orc_chieftain,"Ketra Van Grunt","Воитель Авангарда Кетра",70,Humanoid,,/skill4295.webp
Citizen,actor_orc_shaman,"Ketra Van Shaman","Шаман Авангарда Кетра",70,Humanoid,,/skill4295.webp
Citizen,actor_orc_warlord,"Ketra Van Captain ","Капитан Авангарда Кетра",70,Humanoid,,/skill4295.webp
Citizen,actor_sile_chieftain,"Ketra Van Commander","Командир Авангарда Кетра",70,Humanoid,,/skill4295.webp
Citizen,actor_sile_shaman,"Ketra Van Shaman","Шаман Авангарда Кетра",70,Humanoid,,/skill4295.webp
Citizen,actor_sile_warrior,"Varka Raider","Налетчик Варка",70,Humanoid,,/skill4295.webp
Citizen,preacher_of_doom_33,"Preacher of Doom","Проповедник Судьбы",70,Undead,,/skill4290.webp
Citizen,preacher_of_doom_34,"Preacher of Doom","Проповедник Судьбы",70,Undead,,/skill4290.webp
Citizen,preacher_of_doom_35,"Preacher of Doom","Проповедник Судьбы",70,Undead,,/skill4290.webp
Citizen,preacher_of_doom_36,"Preacher of Doom","Проповедник Судьбы",70,Undead,,/skill4290.webp
Citizen,preacher_of_doom_37,"Preacher of Doom","Проповедник Судьбы",70,Undead,,/skill4290.webp
Citizen,preacher_of_doom_38,"Preacher of Doom","Проповедник Судьбы",70,Undead,,/skill4290.webp
Citizen,preacher_of_doom_39,"Preacher of Doom","Проповедник Судьбы",70,Undead,,/skill4290.webp
Citizen,preacher_of_doom_40,"Preacher of Doom","Проповедник Судьбы",70,Undead,,/skill4290.webp
Citizen,orator_of_revelations_25,"Orator of Revelations","Толкователь Откровений",70,Construct,,/skill4291.webp
Citizen,orator_of_revelations_26,"Orator of Revelations","Толкователь Откровений",70,Construct,,/skill4291.webp
Citizen,orator_of_revelations_27,"Orator of Revelations","Толкователь Откровений",70,Construct,,/skill4291.webp
Citizen,orator_of_revelations_28,"Orator of Revelations","Толкователь Откровений",70,Construct,,/skill4291.webp
Citizen,orator_of_revelations_29,"Orator of Revelations","Толкователь Откровений",70,Construct,,/skill4291.webp
Citizen,orator_of_revelations_30,"Orator of Revelations","Толкователь Откровений",70,Construct,,/skill4291.webp
Citizen,orator_of_revelations_31,"Orator of Revelations","Толкователь Откровений",70,Construct,,/skill4291.webp
Citizen,orator_of_revelations_32,"Orator of Revelations","Толкователь Откровений",70,Construct,,/skill4291.webp
Citizen,talien,"Talien","Талиен",70,Human,,/skill4416_human.webp
Citizen,caradine,"Caradine","Карадин",70,Elf,,/skill4416_elf.webp
Citizen,ossian,"Ossian","Оссиан",70,Human,,/skill4416_human.webp
Citizen,virgil,"Virgil","Вирджил",70,Dwarf,,/skill4416_dwarf.webp
Citizen,kasandra,"Kassandra","Кассандра",70,Dwarf,,/skill4416_dwarf.webp
Citizen,ogmar,"Ogmar","Огмар",70,Orc,,/skill4416_orc.webp
Citizen,lady_of_the_lake,"Lady of the Lake","Леди Озера",70,Elf,,/skill4416_elf.webp
Citizen,fallen_unicorn,"Fallen Unicorn","Падший Единорог",70,Elemental,,/skill4296.webp
Citizen,white_unicorn,"Pure White Unicorn","Белоснежный Единорог",70,Elemental,,/skill4296.webp
Citizen,holding_cornerstone,"Cornerstone of Restraining","Краеугольный Камень Изоляции",70,Construct,,/skill4291.webp
Citizen,mysterious_lady1,"Mysterious Woman","Загадочная Женщина",70,Elf,,/skill4416_elf.webp
Citizen,mysterious_knight,"Mysterious Dark Knight","Загадочный Темный Рыцарь",70,Undead,,/skill4290.webp
Citizen,dead_angel,"Corpse of Angel","Труп Ангела",70,Angel,,/skill4297.webp
Citizen,grandmagister_halaster,"Halaster","Халастер",70,Human,,/skill4416_human.webp
Citizen,rafi,"Rafi","Рафи",70,Dragon,,/skill4299.webp
Citizen,teleport_cube_valakas,"Teleport Cube","Сфера Телепортации",70,Others,,/skill4416_etc.webp
Citizen,adventure_helper_01,"Miss Queen","Принцесса",70,Elemental,,/skill4296.webp
Citizen,adventure_helper_02,"Miss Queen","Принцесса",70,Elemental,,/skill4296.webp
Citizen,adventure_helper_03,"Miss Queen","Принцесса",70,Elemental,,/skill4296.webp
Citizen,adventure_helper_04,"Miss Queen","Принцесса",70,Elemental,,/skill4296.webp
Citizen,adventure_helper_05,"Miss Queen","Принцесса",70,Elemental,,/skill4296.webp
Citizen,adventure_helper_06,"Miss Queen","Принцесса",70,Elemental,,/skill4296.webp
Citizen,adventure_helper_07,"Miss Queen","Принцесса",70,Elemental,,/skill4296.webp
Citizen,obelisk_elf,"Monument of Heroes","Памятник Героям",70,Others,,/skill4416_etc.webp
Citizen,obelisk_darkelf,"Monument of Heroes","Памятник Героям",70,Others,,/skill4416_etc.webp
Citizen,obelisk_orc,"Monument of Heroes","Памятник Героям",70,Others,,/skill4416_etc.webp
Citizen,obelisk_dwarf,"Monument of Heroes","Памятник Героям",70,Others,,/skill4416_etc.webp
Citizen,net_cafe_cat,"Beryl the Cat","Кот Берил",70,Elemental,,/skill4296.webp
Citizen,teleport_cube,"Teleport Cube","Сфера Телепортации",70,Others,,/skill4416_etc.webp
Citizen,teleport_cube_a001,"Teleport Cube","Сфера Телепортации",70,Others,,/skill4416_etc.webp
Citizen,event_human,"Event Manager","Управляющий Ивентами",70,Human,,/skill4416_human.webp
Citizen,event_elf,"Event Manager","Управляющий Ивентами",70,Elf,,/skill4416_elf.webp
Citizen,event_darkelf,"Event Manager","Управляющий Ивентами",70,Dark Elf,,/skill4416_darkelf.webp
Citizen,event_dwarf,"Event Manager","Управляющий Ивентами",70,Dwarf,,/skill4416_dwarf.webp
Citizen,event_orc,"Event Manager","Управляющий Ивентами",70,Orc,,/skill4416_orc.webp
Citizen,teleport_cube_antaras,"Teleport Cube","Сфера Телепортации",70,Others,,/skill4416_etc.webp
Citizen,event_heart,"Orion the Cat","Кот Орион",70,Elemental,,/skill4296.webp
Citizen,dimension_vertex_4,"Angelic Vortex","Ангельский Вихрь",70,Others,,/skill4416_etc.webp
Citizen,event_wannabe_santa1,"Santa Trainee","Ученик Деда Мороза",70,Dwarf,,/skill4416_dwarf.webp
Citizen,event_wannabe_santa2,"Santa Trainee","Ученик Деда Мороза",70,Dwarf,,/skill4416_dwarf.webp
Citizen,symbol_maker_ranka,"Rankar","Ранкар",70,Human,,/skill4416_human.webp
Citizen,ruby,"Ruby","Раби",70,Beast,,/skill4292.webp
Citizen,fisher_batidae,"Batidae","Батида",70,Human,,/skill4416_human.webp
Citizen,preacher_of_doom_41,"Preacher of Doom","Проповедник Судьбы",70,Undead,,/skill4290.webp
Citizen,preacher_of_doom_42,"Preacher of Doom","Проповедник Судьбы",70,Undead,,/skill4290.webp
Citizen,preacher_of_doom_43,"Preacher of Doom","Проповедник Судьбы",70,Undead,,/skill4290.webp
Citizen,preacher_of_doom_44,"Preacher of Doom","Проповедник Судьбы",70,Undead,,/skill4290.webp
Citizen,orator_of_revelations_33,"Orator of Revelations","Толкователь Откровений",70,Construct,,/skill4291.webp
Citizen,orator_of_revelations_34,"Orator of Revelations","Толкователь Откровений",70,Construct,,/skill4291.webp
Citizen,orator_of_revelations_35,"Orator of Revelations","Толкователь Откровений",70,Construct,,/skill4291.webp
Citizen,orator_of_revelations_36,"Orator of Revelations","Толкователь Откровений",70,Construct,,/skill4291.webp
Citizen,fisher_galba,"Galba","Гальба",70,Human,,/skill4416_human.webp
Citizen,falsepriest_gremory,"Gremory","Гремори",70,Human,,/skill4416_human.webp
Citizen,frintessa_nurse,"Devorin","Деворин",70,Dwarf,,/skill4416_dwarf.webp
Citizen,falsepriest_flauron,"Flauron","Флаурон",70,Human,,/skill4416_human.webp
Citizen,frintessa_teleporter,"Imperial Tomb Guide","Проводник Гробницы Императоров",70,Human,,/skill4416_human.webp
Citizen,retired_oldman_tantan,"Tantan","Тантан",70,Human,,/skill4416_human.webp
Citizen,spring_girl_sooki,"Suki","Юцуки",70,Human,,/skill4416_human.webp
Citizen,runaway_boy_ivan,"Ivan ","Айван",70,Human,,/skill4416_human.webp
Citizen,corpse_of_scout,"Scout's Corpse","Труп Разведчика",70,Dwarf,,/skill4416_dwarf.webp
Citizen,torant,"Torrant","Торрант",70,Orc,,/skill4416_orc.webp
Citizen,karuda,"Karuda","Каруда",70,Orc,,/skill4416_orc.webp
Citizen,misa,"Misa","Миса",70,Human,,/skill4416_human.webp
Citizen,suspicious_men,"Suspicious Man","Подозрительный Тип",70,Human,,/skill4416_human.webp
Citizen,repre,"Rafforty","Рафорти",70,Human,,/skill4416_human.webp
Citizen,ice_sculpture,"Ice Sculpture","Ледяная Статуя",70,Others,,/skill4416_etc.webp
Citizen,keier,"Kierre","Керри",70,Others,,/skill4416_etc.webp
Citizen,ice_lathe,"Ice Shelf","Ледяной Уступ",70,Others,,/skill4416_etc.webp
Citizen,orc_guard_levelcheck,"Hestui Guard","Страж Хестуи",70,Orc,,/skill4416_orc.webp
Citizen,holy_grail,"Holy Grail","Святой Грааль",70,Others,,/skill4416_etc.webp
Citizen,freya_deacon,"Freya's Steward","Лакей Фреи",70,Elf,,/skill4416_elf.webp
Citizen,sculpture_of_garden,"Garden Sculpture","Садовая Скульптура",70,Others,,/skill4416_etc.webp
Citizen,sculpture_of_icefairy,"Ice Fairy Sculpture","Ледяная Волшебная Скульптура",70,Others,,/skill4416_etc.webp
Citizen,strange_machin,"Strange Machine","Странная Машина",70,Others,,/skill4416_etc.webp
Citizen,dr_chaos_npc,"Doctor Chaos","Доктор Хаос",70,Humanoid,,/skill4295.webp
Citizen,sanctuary_door_guard,"Temple Gatekeeper","Хранитель Портала Храма",70,Others,,/skill4416_etc.webp
Citizen,sanctuary_outta_guard,"Temple Gatekeeper","Хранитель Портала Храма",70,Others,,/skill4416_etc.webp
Citizen,chapel_door_guard,"Temple Gatekeeper","Хранитель Портала Храма",70,Others,,/skill4416_etc.webp
Citizen,chapel_outta_guard,"Temple Gatekeeper","Хранитель Портала Храма",70,Others,,/skill4416_etc.webp
Citizen,victims_immolation,"Ritual Offering","Ритуальные Услуги",70,Human,,/skill4416_human.webp
Citizen,trioll_s_mirror,"Triol's Mirror","Зеркало Тироля",70,Others,,/skill4416_etc.webp
Citizen,trioll_s_mirror_town,"Triol's Mirror","Зеркало Тироля",70,Others,,/skill4416_etc.webp
Citizen,collecter_yumi,"Yumi","Юми",70,Dwarf,,/skill4416_dwarf.webp
Citizen,weather_controller1,"Weathermaster","Мастер Погоды",70,Others,,/skill4416_etc.webp
Citizen,weather_controller2,"Weathermaster","Мастер Погоды",70,Others,,/skill4416_etc.webp
Citizen,weather_controller3,"Weathermaster","Мастер Погоды",70,Construct,,/skill4291.webp
Citizen,drchaos_box,"Doctor Chaos' Secret Bookshelf","Потайной Книжный Шкаф Доктора Хаоса",70,Construct,,/skill4291.webp
Citizen,pavel_atlanta,"Suspicious-Looking Pile of Stones","Странная Груда Камней",70,Construct,,/skill4291.webp
Citizen,chaos_secretary_wendy,"Wendy","Венди",70,Dwarf,,/skill4416_dwarf.webp
Citizen,warsmith_rooney,"Rooney","Руни",70,Dwarf,,/skill4416_dwarf.webp
Citizen,chaos_box2,"Parts Box","Ящик с Запчастями",70,Others,,/skill4416_etc.webp
Citizen,altar_door_controller,"Altar Gatekeeper","Хранитель Портала Алтаря",70,Others,,/skill4416_etc.webp
Citizen,railman_obi,"Obi","Оби",70,Dwarf,,/skill4416_dwarf.webp
Citizen,railman_abu,"Abey","Эбей",70,Dwarf,,/skill4416_dwarf.webp
Citizen,ghost_of_railroadman,"Ghost of a Railroad Engineer","Призрак Инженера Железнодорожника",70,Undead,,/skill4290.webp
Citizen,ghost_of_railroadman2,"Ghost of an Ancient Railroad Engineer","Призрак Древнего Инженера Железнодорожника",70,Undead,,/skill4290.webp
Citizen,kavatari_aren,"Aren","Арен",70,Orc,,/skill4416_orc.webp
Citizen,totem_spirit_gandi,"Totem Spirit of Gandi","Тотемный Дух Ганди",70,Beast,,/skill4292.webp
Citizen,collecter_gutenhagen,"Gutenhagen","Гутенхаген",70,Dwarf,,/skill4416_dwarf.webp
Citizen,running_boy,"Adolph","Адольф",70,Human,,/skill4416_human.webp
Citizen,running_girl,"Linda","Линда",70,Human,,/skill4416_human.webp
Citizen,walking_oldman,"Edwin","Эдвин",70,Human,,/skill4416_human.webp
Citizen,walking_oldwoman,"Old Female Drifter","Старая Женщина Рыбак",70,Human,,/skill4416_human.webp
Citizen,adv_manager_gludio,"Gludio Territory Manager","Управляющий Землями Глудио",70,Human,,/skill4416_human.webp
Citizen,event_battle_cat,"Sandy the Cat","Кошка Сэнди",70,Elemental,,/skill4296.webp
Citizen,q_box_of_railroad,"Box","Ящик с Запчастями",70,Others,,/skill4416_etc.webp
Citizen,ice_sculpture2,"Ice Sculpture","Ледяная Статуя",70,Others,,/skill4416_etc.webp
Citizen,ice_sculpture3,"Ice Sculpture","Ледяная Статуя",70,Others,,/skill4416_etc.webp
Citizen,ice_sculpture4,"Ice Sculpture","Ледяная Статуя",70,Others,,/skill4416_etc.webp
Citizen,adv_manager_dion,"Dion Territory Manager","Управляющий Землями Диона",70,Human,,/skill4416_human.webp
Citizen,adv_manager_giran,"Giran Territory Manager","Управляющий Землями Гирана",70,Human,,/skill4416_human.webp
Citizen,adv_manager_oren,"Oren Territory Manager","Управляющий Землями Орена",70,Human,,/skill4416_human.webp
Citizen,adv_manager_aden,"Aden Territory Manager","Управляющий Землями Адена",70,Human,,/skill4416_human.webp
Citizen,adv_manager_innadril,"Innadril Territory Manager","Управляющий Землями Иннадрила",70,Human,,/skill4416_human.webp
Citizen,adv_manager_schuttgart,"Schuttgart Territory Manager","Управляющий Землями Шутгарта",70,Human,,/skill4416_human.webp
Citizen,adv_manager_godard,"Goddard Territory Manager","Управляющий Землями Годдарда",70,Human,,/skill4416_human.webp
Citizen,adv_manager_rune,"Rune Territory Manager","Управляющий Землями Руны",70,Human,,/skill4416_human.webp
Citizen,dead_leopard,"Dead Leopard's Carcass","Останки Мертвого Леопарда",70,Beast,,/skill4292.webp
Citizen,event_cat_soccer,"Omega's Cat","Кошка Омеги",70,Elemental,,/skill4296.webp
Citizen,event_cat_soccer_2,"Tony the Cat","Кот Тони",70,Elemental,,/skill4296.webp
Citizen,event_cat_soccer_3,"Tony the Cat","Кот Тони",70,Elemental,,/skill4296.webp
Citizen,event_cat_soccer_4,"Tony the Cat","Кот Тони",70,Elemental,,/skill4296.webp
Citizen,event_cat_soccer_5,"Tony the Cat","Кот Тони",70,Elemental,,/skill4296.webp
Citizen,telling_the_cat,"Telling the Cat","Кот Телин",70,Elemental,,/skill4296.webp
Citizen,vervato,"Vervato","Вервато",70,Humanoid,,/skill4295.webp
Citizen,teleport_cube_sailren,"Teleport Cube","Сфера Телепортации",70,Others,,/skill4416_etc.webp
Citizen,statue_of_shilen,"Shilen's Stone Statue","Каменная Статуя Шилен",70,Others,,/skill4416_etc.webp
Citizen,marquez,"Marquez","Маркус",70,Human,,/skill4416_human.webp
Citizen,mushika,"Mushika","Мушика",70,Humanoid,,/skill4295.webp
Citizen,kirikachin,"Kirikachin","Кирикачин",70,Humanoid,,/skill4295.webp
Citizen,shaman_caracawe,"Karakawei","Каракавей",70,Humanoid,,/skill4295.webp
Citizen,egg_of_mantarasa,"Mantarasa Egg","Яйцо Мантарасы",70,Others,,/skill4416_etc.webp
Citizen,ulu_kaimu_stone,"Ulu Kaimu","Улу Каиму",70,Construct,,/skill4291.webp
Citizen,balu_kaimu_stone,"Balu Kaimu","Балу Каиму",70,Construct,,/skill4291.webp
Citizen,jiuta_kaimu_stone,"Chuta Kaimu","Чута Каиму",70,Construct,,/skill4291.webp
Citizen,grave_of_brave_man,"Warrior's Grave","Могила Воина",70,Construct,,/skill4291.webp
Citizen,valakas_f,"Valakas","Валакас",70,Dragon,,/skill4299.webp
Citizen,soul_sphere_13,"Great Soul","Великая Душа",70,Others,,/skill4416_etc.webp
Citizen,soul_sphere_11_12,"Great Soul","Великая Душа",70,Others,,/skill4416_etc.webp
Citizen,valakas_guard_a,"Priest Guard","Жрец Страж",70,Human,,/skill4416_human.webp
Citizen,valakas_guard_b,"Priest Guard","Жрец Страж",70,Human,,/skill4416_human.webp
Citizen,valakas_guard_b_f,"Guardian Wizard of the Cloth","Духовный Чародей Стражник",70,Human,,/skill4416_human.webp
Citizen,welcome_lin2_cat,"Looney the Cat","Стратег Люсьен",70,Elemental,,/skill4296.webp
Citizen,event_pig_manager,"Bonny","Рабочий Магической Лаборатории",70,Dwarf,,/skill4416_dwarf.webp
Citizen,event_tb_manager,"Alchemist's Servitor","Служитель Алхимика",70,Others,,/skill4416_etc.webp
Citizen,gludio_mass_teleporter,"Mass Gatekeeper","Хранитель Массового Портала",70,Human,,/skill4416_human.webp
Citizen,gludio_outter_doorman,"Outer Doorman","Привратник Внешних Владений",70,Human,,/skill4416_human.webp
Citizen,gludio_inner_doorman,"Inner Doorman","Привратник Внутренних Владений",70,Human,,/skill4416_human.webp
Citizen,gludio_smith,"Blacksmith","Кузнец",70,Dwarf,,/skill4416_dwarf.webp
Citizen,grad,"Grad","Град",70,Human,,/skill4416_human.webp
Citizen,greenspan,"Greenspan","Гринспен",70,Human,,/skill4416_human.webp
Citizen,manor_manager_1,"Manor Manager","Управляющий Владениями",70,Human,,/skill4416_human.webp
Citizen,dion_mass_teleporter,"Mass Gatekeeper","Хранитель Массового Портала",70,Human,,/skill4416_human.webp
Citizen,dion_smith,"Blacksmith","Кузнец",70,Dwarf,,/skill4416_dwarf.webp
Citizen,hodler,"Hodler","Ходлер",70,Human,,/skill4416_human.webp
Citizen,sanford,"Mercenary Manager Sanford","Салфорд Управляющий Наемниками",70,Human,,/skill4416_human.webp
Citizen,manor_manager_2,"Manor Manager","Управляющий Владениями",70,Human,,/skill4416_human.webp
Citizen,giran_mass_teleporter,"Mass Gatekeeper","Хранитель Массового Портала",70,Human,,/skill4416_human.webp
Citizen,giran_smith,"Blacksmith","Кузнец",70,Dwarf,,/skill4416_dwarf.webp
Citizen,bryce,"Bryce","Брюс",70,Human,,/skill4416_human.webp
Citizen,arvid,"Arvid","Арвид",70,Human,,/skill4416_human.webp
Citizen,manor_manager_3,"Manor Manager","Управляющий Владениями",70,Human,,/skill4416_human.webp
Citizen,oren_mass_teleporter,"Mass Gatekeeper","Хранитель Массового Портала",70,Human,,/skill4416_human.webp
Citizen,oren_smith,"Blacksmith","Кузнец",70,Dwarf,,/skill4416_dwarf.webp
Citizen,finrod,"Finrod","Финрод",70,Elf,,/skill4416_elf.webp
Citizen,morrison,"Morrison","Моррисон",70,Human,,/skill4416_human.webp
Citizen,manor_manager_6,"Manor Manager","Управляющий Владениями",70,Human,,/skill4416_human.webp
Citizen,manor_manager_7,"Manor Manager","Управляющий Владениями",70,Elf,,/skill4416_elf.webp
Citizen,manor_manager_8,"Manor Manager","Управляющий Владениями",70,Dark Elf,,/skill4416_darkelf.webp
Citizen,aden_mass_teleporter,"Mass Gatekeeper","Хранитель Массового Портала",70,Human,,/skill4416_human.webp
Citizen,aden_smith,"Blacksmith","Кузнец",70,Dwarf,,/skill4416_dwarf.webp
Citizen,kruger,"Kruger","Крюгер",70,Human,,/skill4416_human.webp
Citizen,eldon,"Eldon","Элдор",70,Human,,/skill4416_human.webp
Citizen,manor_manager_5,"Manor Manager","Управляющий Владениями",70,Human,,/skill4416_human.webp
Citizen,innadrile_m_teleporter,"Mass Gatekeeper","Хранитель Массового Портала",70,Human,,/skill4416_human.webp
Citizen,innadrile_smith,"Blacksmith","Кузнец",70,Dwarf,,/skill4416_dwarf.webp
Citizen,tate,"Tate","Тейт",70,Human,,/skill4416_human.webp
Citizen,solinus,"Solinus","Солинус",70,Human,,/skill4416_human.webp
Citizen,manor_manager_4,"Manor Manager","Управляющий Владениями",70,Human,,/skill4416_human.webp
Citizen,godad_smith,"Blacksmith","Кузнец",70,Dwarf,,/skill4416_dwarf.webp
Citizen,wyvern_keeper_hadley,"Hadley","Хадли",70,Human,,/skill4416_human.webp
Citizen,merc_manager_lowell,"Rowell","Ровелль",70,Human,,/skill4416_human.webp
Citizen,manor_manager_9,"Manor Manager","Управляющий Владениями",70,Human,,/skill4416_human.webp
Citizen,partisan_ordery_brakel,"Brakel","Бракел",70,Humanoid,,/skill4295.webp
Citizen,renny,"Renny","Рени",70,Human,,/skill4416_human.webp
Citizen,baback,"Baback","Бабак",70,Human,,/skill4416_human.webp
Citizen,loring,"Loring","Лоринг",70,Human,,/skill4416_human.webp
Citizen,latif,"Latif","Латиф",70,Human,,/skill4416_human.webp
Citizen,faolan,"Faolan","Фаолан",70,Human,,/skill4416_human.webp
Citizen,kogan,"Kogan","Коган",70,Human,,/skill4416_human.webp
Citizen,merton,"Merton","Метрон",70,Human,,/skill4416_human.webp
Citizen,luce,"Luce","Люк",70,Human,,/skill4416_human.webp
Citizen,amiel,"Amiel","Амиел",70,Human,,/skill4416_human.webp
Citizen,borna,"Borna","Борн",70,Human,,/skill4416_human.webp
Citizen,jamal,"Jamal","Джамал",70,Human,,/skill4416_human.webp
Citizen,jabilo,"Jabilo","Джабило",70,Human,,/skill4416_human.webp
Citizen,doorman_of_hell1,"Doorman of Hell","Привратник Ада",70,Undead,,/skill4290.webp
Citizen,doorman_of_hell2,"Doorman of Hell","Привратник Ада",70,Undead,,/skill4290.webp
Citizen,hephaeston,"Hephaeston","Хефайстон",70,Undead,,/skill4290.webp
Citizen,messenger_loken,"Loken","Локен",70,Undead,,/skill4290.webp
Citizen,daniel,"Daniel","Даниель",70,Human,,/skill4416_human.webp
Citizen,jacques,"Jacques","Джейкус",70,Human,,/skill4416_human.webp
Citizen,joff,"Joff","Йоффе",70,Human,,/skill4416_human.webp
Citizen,niels,"Niels","Нейлс",70,Human,,/skill4416_human.webp
Citizen,rudy,"Rudy","Руди",70,Human,,/skill4416_human.webp
Citizen,gellar,"Gellar","Галлера",70,Human,,/skill4416_human.webp
Citizen,janitor_theobold,"Theobolt","Феоболт",70,Human,,/skill4416_human.webp
Citizen,janitor_rosconne,"Rosconne","Роскон",70,Human,,/skill4416_human.webp
Citizen,janitor_stuart,"Stewart","Стюарт",70,Human,,/skill4416_human.webp
Citizen,janitor_theron,"Theron","Терон",70,Human,,/skill4416_human.webp
Citizen,janitor_trey,"Trey","Трей",70,Human,,/skill4416_human.webp
Citizen,janitor_chalmer,"Kalmer","Калмер",70,Human,,/skill4416_human.webp
Citizen,janitor_wolfrem,"Volfrem","Вольфрем",70,Human,,/skill4416_human.webp
Citizen,janitor_gerard,"Gerard","Жерард",70,Human,,/skill4416_human.webp
Citizen,janitor_lambert,"Lambert","Ламберт",70,Human,,/skill4416_human.webp
Citizen,rune_m_teleporter,"Group Gatekeeper","Хранитель Портала Группы",70,Human,,/skill4416_human.webp
Citizen,rune_smith,"Blacksmith","Кузнец",70,Dwarf,,/skill4416_dwarf.webp
Citizen,wyvern_keeper_titus,"Titus","Титус",70,Human,,/skill4416_human.webp
Citizen,gompers,"Gompus","Гомпус",70,Human,,/skill4416_human.webp
Citizen,manor_manager_10,"Manor Manager","Управляющий Владениями",70,Human,,/skill4416_human.webp
Citizen,schutt_m_teleporter,"Group Gatekeeper","Хранитель Портала Группы",70,Human,,/skill4416_human.webp
Citizen,schutt_smith,"Blacksmith","Кузнец",70,Dwarf,,/skill4416_dwarf.webp
Citizen,wyvern_keeper_gallic,"Gallic","Галлик",70,Human,,/skill4416_human.webp
Citizen,kendrew,"Kendrew","Кендрю",70,Human,,/skill4416_human.webp
Citizen,manor_manager_11,"Manor Manager","Управляющий Владениями",70,Human,,/skill4416_human.webp
Citizen,custodian_emil,"Emil","Эмиль",70,Human,,/skill4416_human.webp
Citizen,custodian_daniel,"Daniel","Даниэл",70,Human,,/skill4416_human.webp
Citizen,custodian_dale,"Dale","Дейл",70,Human,,/skill4416_human.webp
Citizen,custodian_shawn,"Shawn","Шаун",70,Human,,/skill4416_human.webp
Citizen,custodian_ryan,"Ryan","Раин",70,Human,,/skill4416_human.webp
Citizen,custodian_harry,"Harry","Гарри",70,Human,,/skill4416_human.webp
Citizen,custodian_egon,"Egon","Эгон",70,Human,,/skill4416_human.webp
Citizen,custodian_osho,"Osho","Ошо",70,Human,,/skill4416_human.webp
Citizen,custodian_walter,"Walter","Вальтер",70,Human,,/skill4416_human.webp
Citizen,custodian_alice,"Alice","Алиса",70,Human,,/skill4416_human.webp
Citizen,custodian_neria,"Neria","Нериа",70,Human,,/skill4416_human.webp
Citizen,wyvern_keeper_valens,"Valens","Вэленс",70,Demonic,,/skill4298.webp
Citizen,messenger_jacquard,"Jacquard","Жаккард",70,Demonic,,/skill4298.webp
Citizen,doorman_of_fortress1,"Fortress Guard","Страж Крепости",70,Demonic,,/skill4298.webp
Citizen,doorman_of_fortress2,"Fortress Guard","Страж Крепости",70,Demonic,,/skill4298.webp
Citizen,manor_manager_12,"Manor Manager","Управляющий Владениями",70,Dwarf,,/skill4416_dwarf.webp
Citizen,manor_manager_13,"Manor Manager","Управляющий Владениями",70,Orc,,/skill4416_orc.webp
Citizen,gludio_court_magician,"Court Magician","Придворный Маг",70,Elf,,/skill4416_elf.webp
Citizen,dion_court_magician,"Court Magician","Придворный Маг",70,Elf,,/skill4416_elf.webp
Citizen,giran_court_magician,"Court Magician","Придворный Маг",70,Elf,,/skill4416_elf.webp
Citizen,oren_court_magician,"Court Magician","Придворный Маг",70,Elf,,/skill4416_elf.webp
Citizen,aden_court_magician,"Court Magician","Придворный Маг",70,Elf,,/skill4416_elf.webp
Citizen,innadrile_court_magician,"Court Magician","Придворный Маг",70,Elf,,/skill4416_elf.webp
Citizen,godad_court_magician,"Court Magician","Придворный Маг",70,Elf,,/skill4416_elf.webp
Citizen,rune_court_magician,"Court Magician","Придворный Маг",70,Elf,,/skill4416_elf.webp
Citizen,schutt_court_magician,"Court Magician","Придворный Маг",70,Elf,,/skill4416_elf.webp
Citizen,lector,"Lector","Лектор",70,Others,,/skill4416_etc.webp
Citizen,jackson,"Jackson","Джексон",70,Others,,/skill4416_etc.webp
Citizen,silvia,"Silvia","Сильвия",70,Others,,/skill4416_etc.webp
Citizen,katrine,"Katerina","Катерина",70,Others,,/skill4416_etc.webp
Citizen,wilph,"Wilford","Вильфорд",70,Others,,/skill4416_etc.webp
Citizen,rapunzel,"Roxxy","Рокси",70,Others,,/skill4416_etc.webp
Citizen,bitz,"Bitz","Битц",70,Others,,/skill4416_etc.webp
Citizen,gwyn,"Gwinter","Гвинтер",70,Others,,/skill4416_etc.webp
Citizen,pin,"Pintage","Пинтейдж",70,Others,,/skill4416_etc.webp
Citizen,minx,"Minia","Миния",70,Others,,/skill4416_etc.webp
Citizen,quilt,"Biotin","Биотин",70,Others,,/skill4416_etc.webp
Citizen,yohan,"Yohanes","Йоханес",70,Others,,/skill4416_etc.webp
Citizen,baul,"Baulro","Баулро",70,Others,,/skill4416_etc.webp
Citizen,harry,"Harrys","Харрис",70,Others,,/skill4416_etc.webp
Citizen,potter,"Petron","Петрон",70,Others,,/skill4416_etc.webp
Citizen,rant,"Rant","Рант",70,Others,,/skill4416_etc.webp
Citizen,rollfnan,"Rolfe","Ролфе",70,Others,,/skill4416_etc.webp
Citizen,blacksmith_alltran,"Altran","Альтран",70,Others,,/skill4416_etc.webp
Citizen,guide_human_cnacelot,"Newbie Guide","Помощник Новичков",70,Others,,/skill4416_etc.webp
Citizen,event_teleporter_a,"Event Gatekeeper","Ивентовый Хранитель Портала",70,Others,,/skill4416_etc.webp
Citizen,adventurer_agent_town_01,"Adventure Guildsman","Член Гильдии Путешественников",70,Others,,/skill4416_etc.webp
Citizen,adventurer_agent_town_02,"Adventure Guildsman","Член Гильдии Путешественников",70,Others,,/skill4416_etc.webp
Citizen,philly,"Firon","Фирон",70,Others,,/skill4416_etc.webp
Citizen,roien,"Roien","Роен",70,Others,,/skill4416_etc.webp
Citizen,gatekeeper_tiramisu,"Tiramisa","Тирамиса",70,Others,,/skill4416_etc.webp
Citizen,mint,"Mirabel","Мирабель",70,Others,,/skill4416_etc.webp
Citizen,uno,"Unoren","Унорен",70,Others,,/skill4416_etc.webp
Citizen,ariel,"Ariel","Ариэль",70,Others,,/skill4416_etc.webp
Citizen,cel,"Creamees","Кримис",70,Others,,/skill4416_etc.webp
Citizen,green,"Herbiel","Гербиэль",70,Others,,/skill4416_etc.webp
Citizen,chad,"Chad","Чад",70,Others,,/skill4416_etc.webp
Citizen,jud,"Julia","Джулия",70,Others,,/skill4416_etc.webp
Citizen,markus,"Markius","Маркиус",70,Others,,/skill4416_etc.webp
Citizen,ozzy,"Asterios","Астериос",70,Others,,/skill4416_etc.webp
Citizen,elliasin,"Ellenia","Элиния",70,Others,,/skill4416_etc.webp
Citizen,cob,"Cobendell","Кобенделл",70,Others,,/skill4416_etc.webp
Citizen,grain,"Greenis","Гринис",70,Others,,/skill4416_etc.webp
Citizen,eso,"Esrandell","Эсранделл",70,Others,,/skill4416_etc.webp
Citizen,blacksmith_aios,"Aios","Айос",70,Others,,/skill4416_etc.webp
Citizen,guide_elf_roios,"Newbie Guide","Помощник Новичков",70,Others,,/skill4416_etc.webp
Citizen,event_teleporter_b,"Event Gatekeeper","Ивентовый Хранитель Портала",70,Others,,/skill4416_etc.webp
Citizen,adventurer_agent_town_06,"Adventure Guildsman","Член Гильдии Путешественников",70,Others,,/skill4416_etc.webp
Citizen,adventurer_agent_town_07,"Adventure Guildsman","Член Гильдии Путешественников",70,Others,,/skill4416_etc.webp
Citizen,jasmine,"Jasmine","Жасмин",70,Others,,/skill4416_etc.webp
Citizen,iria,"Iria","Ирина",70,Others,,/skill4416_etc.webp
Citizen,paint,"Payne","Пейн",70,Others,,/skill4416_etc.webp
Citizen,vollodos,"Vollodos","Воллодос",70,Others,,/skill4416_etc.webp
Citizen,mina,"Minaless","Миналес",70,Others,,/skill4416_etc.webp
Citizen,doran,"Dorankus","Доранкус",70,Others,,/skill4416_etc.webp
Citizen,ervic,"Erviante","Эрвианте",70,Others,,/skill4416_etc.webp
Citizen,redry,"Talloth","Таллот",70,Others,,/skill4416_etc.webp
Citizen,trudy,"Trudy","Тради",70,Others,,/skill4416_etc.webp
Citizen,harne,"Harne","Харн",70,Others,,/skill4416_etc.webp
Citizen,vlasti,"Vlasty","Влэсти",70,Others,,/skill4416_etc.webp
Citizen,tetrarch_vellior,"Vellior","Велиор",70,Others,,/skill4416_etc.webp
Citizen,blacksmith_karoyd,"Karrod","Кэррод",70,Others,,/skill4416_etc.webp
Citizen,calculain,"Carlon","Карлон",70,Others,,/skill4416_etc.webp
Citizen,tetrarch_thifiell,"Thifiell","Тифиэль",70,Others,,/skill4416_etc.webp
Citizen,tetrarch_kaitar,"Kaitar","Кайтар",70,Others,,/skill4416_etc.webp
Citizen,master_harant,"Harant","Харант",70,Others,,/skill4416_etc.webp
Citizen,guide_delf_frankia,"Newbie Guide","Помощник Новичков",70,Others,,/skill4416_etc.webp
Citizen,event_teleporter_c,"Event Gatekeeper","Ивентовый Хранитель Портала",70,Others,,/skill4416_etc.webp
Citizen,adventurer_agent_town_03,"Adventure Guildsman","Член Гильдии Путешественников",70,Others,,/skill4416_etc.webp
Citizen,jundin,"Mitraell","Митраэль",70,Others,,/skill4416_etc.webp
Citizen,tweety,"Tyra","Тира",70,Others,,/skill4416_etc.webp
Citizen,trader_jakaron,"Jakal","Джакал",70,Others,,/skill4416_etc.webp
Citizen,trader_kunai,"Kunai","Кунай",70,Others,,/skill4416_etc.webp
Citizen,trader_uska,"Uska","Аска",70,Others,,/skill4416_etc.webp
Citizen,warehouse_grookin,"Grookin","Грукин",70,Others,,/skill4416_etc.webp
Citizen,warehouse_imantu,"Imantu","Иманту",70,Others,,/skill4416_etc.webp
Citizen,prefect_brukurse,"Brukurse","Брукерс",70,Others,,/skill4416_etc.webp
Citizen,prefect_karukia,"Karukia","Карукия",70,Others,,/skill4416_etc.webp
Citizen,gatekeeper_tamil,"Tamil","Тамил",70,Others,,/skill4416_etc.webp
Citizen,guide_orc_tanai,"Newbie Guide","Помощник Новичков",70,Others,,/skill4416_etc.webp
Citizen,event_teleporter_d,"Event Gatekeeper","Ивентовый Хранитель Портала",70,Others,,/skill4416_etc.webp
Citizen,adventurer_agent_town_10,"Adventure Guildsman","Член Гильдии Путешественников",70,Others,,/skill4416_etc.webp
Citizen,adventurer_agent_town_11,"Adventure Guildsman","Член Гильдии Путешественников",70,Others,,/skill4416_etc.webp
Citizen,adventurer_agent_town_12,"Adventure Guildsman","Член Гильдии Путешественников",70,Others,,/skill4416_etc.webp
Citizen,trader_reep,"Reep","Рип",70,Others,,/skill4416_etc.webp
Citizen,trader_chali,"Shari","Шари",70,Others,,/skill4416_etc.webp
Citizen,trader_mion,"Mion","Мион",70,Others,,/skill4416_etc.webp
Citizen,warehouse_murphrin,"Murdoc","Мердок",70,Others,,/skill4416_etc.webp
Citizen,warehouse_airy,"Airy","Эйри",70,Others,,/skill4416_etc.webp
Citizen,gatekeeper_wirphy,"Wirphy","Вирфи",70,Others,,/skill4416_etc.webp
Citizen,guide_dwarf_gullin,"Newbie Guide","Помощник Новичков",70,Others,,/skill4416_etc.webp
Citizen,event_teleporter_e,"Event Gatekeeper","Ивентовый Хранитель Портала",70,Others,,/skill4416_etc.webp
Citizen,adventurer_agent_town_08,"Adventure Guildsman","Член Гильдии Путешественников",70,Others,,/skill4416_etc.webp
Citizen,adventurer_agent_town_09,"Adventure Guildsman","Член Гильдии Путешественников",70,Others,,/skill4416_etc.webp
Citizen,ein,"Auron","Аурон",70,Others,,/skill4416_etc.webp
Citizen,celma,"Celma","Сельма",70,Others,,/skill4416_etc.webp
Citizen,iris,"Iris","Ирис",70,Others,,/skill4416_etc.webp
Citizen,levian,"Levian","Левиан",70,Others,,/skill4416_etc.webp
Citizen,trader_arodin,"Arodin","Ародин",70,Others,,/skill4416_etc.webp
Citizen,trader_daeronees,"Damion","Дамион",70,Others,,/skill4416_etc.webp
Citizen,trader_cullinas,"Colleen","Колин",70,Others,,/skill4416_etc.webp
Citizen,warehouse_keeper_norman,"Norman","Норман",70,Others,,/skill4416_etc.webp
Citizen,master_xenos,"Xenos","Ксенос",70,Others,,/skill4416_etc.webp
Citizen,trader_acellopy,"Asha","Аша",70,Others,,/skill4416_etc.webp
Citizen,trader_nestle,"Nestle","Нестле",70,Others,,/skill4416_etc.webp
Citizen,trader_poesia,"Poesia","Поэзия",70,Others,,/skill4416_etc.webp
Citizen,warehouse_keeper_raut,"Raut","Раут",70,Others,,/skill4416_etc.webp
Citizen,blacksmith_kluto,"Kluto","Клуто",70,Others,,/skill4416_etc.webp
Citizen,gatekeeper_richlin,"Richlin","Ричин",70,Others,,/skill4416_etc.webp
Citizen,master_baenedes,"Baenedes","Бенедес",70,Others,,/skill4416_etc.webp
Citizen,grandmaster_ramos,"Ramos","Рамос",70,Others,,/skill4416_etc.webp
Citizen,master_rhodiell,"Rhodiell","Родиэль",70,Others,,/skill4416_etc.webp
Citizen,priest_adonius,"Adonius","Адониус",70,Others,,/skill4416_etc.webp
Citizen,magister_nell,"Nell","Нелл",70,Others,,/skill4416_etc.webp
Citizen,magister_talbot,"Talbot","Талбот",70,Others,,/skill4416_etc.webp
Citizen,master_escar,"Estella","Эстелла",70,Others,,/skill4416_etc.webp
Citizen,prefect_kasman,"Kasman","Касман",70,Others,,/skill4416_etc.webp
Citizen,pet_manager_martin,"Martin","Мартин",70,Others,,/skill4416_etc.webp
Citizen,dawn_priest_gludin,"Priest of Dawn","Жрец Рассвета",70,Others,,/skill4416_etc.webp
Citizen,dusk_priestessess_gludin,"Dusk Priestess","Жрица Заката",70,Others,,/skill4416_etc.webp
Citizen,event_teleporter_f,"Event Gatekeeper","Ивентовый Хранитель Портала",70,Others,,/skill4416_etc.webp
Citizen,mineral_trader_rogen,"Rogen","Роген",70,Others,,/skill4416_etc.webp
Citizen,adventurer_agent_town_13,"Adventure Guildsman","Член Гильдии Путешественников",70,Others,,/skill4416_etc.webp
Citizen,adventurer_agent_town_14,"Adventure Guildsman","Член Гильдии Путешественников",70,Others,,/skill4416_etc.webp
Citizen,adventurer_agent_town_15,"Adventure Guildsman","Член Гильдии Путешественников",70,Others,,/skill4416_etc.webp
Citizen,adventurer_agent_town_16,"Adventure Guildsman","Член Гильдии Путешественников",70,Others,,/skill4416_etc.webp
Citizen,adventurer_agent_town_17,"Adventure Guildsman","Член Гильдии Путешественников",70,Others,,/skill4416_etc.webp
Citizen,bremmer,"Bremmer","Бреммер",70,Others,,/skill4416_etc.webp
Citizen,calis,"Kalis","Калис",70,Others,,/skill4416_etc.webp
Citizen,winker,"Winker","Винкер",70,Others,,/skill4416_etc.webp
Citizen,ruben,"Ruben","Рубен",70,Others,,/skill4416_etc.webp
Citizen,horner,"Horner","Хорнер",70,Others,,/skill4416_etc.webp
Citizen,wharf_manager_clancy,"Clancy","Клэнси",70,Others,,/skill4416_etc.webp
Citizen,trader_salient,"Sarien","Сариен",70,Others,,/skill4416_etc.webp
Citizen,trader_rolento,"Rolento","Роленто",70,Others,,/skill4416_etc.webp
Citizen,vivi,"Vivyan","Вивиан",70,Others,,/skill4416_etc.webp
Citizen,trader_simplon,"Simplon","Симплон",70,Others,,/skill4416_etc.webp
Citizen,trader_harmony,"Harmony","Гармония",70,Others,,/skill4416_etc.webp
Citizen,harprock,"Haprock","Хапрок",70,Others,,/skill4416_etc.webp
Citizen,gatekeeper_belladonna,"Bella","Белла",70,Others,,/skill4416_etc.webp
Citizen,master_rains,"Rains","Рэйнс",70,Others,,/skill4416_etc.webp
Citizen,bishop_raimund,"Raymond","Раймонд",70,Others,,/skill4416_etc.webp
Citizen,father_manuell,"Manuel","Мануэль",70,Others,,/skill4416_etc.webp
Citizen,trader_varanket,"Varan","Варан",70,Others,,/skill4416_etc.webp
Citizen,master_tobias,"Tobias","Тобиас",70,Others,,/skill4416_etc.webp
Citizen,blacksmith_pinter,"Pinter","Пинтер",70,Others,,/skill4416_etc.webp
Citizen,trader_sydney,"Sydnia","Сидни",70,Others,,/skill4416_etc.webp
Citizen,warehouse_keeper_balcon,"Ballin","Баллин",70,Others,,/skill4416_etc.webp
Citizen,master_audiberti,"Audiberti","Аудиберти",70,Others,,/skill4416_etc.webp
Citizen,master_leona,"Leona","Леона",70,Others,,/skill4416_etc.webp
Citizen,master_sorius,"Sorius","Сориус",70,Others,,/skill4416_etc.webp
Citizen,master_reoria,"Reisa","Рейса",70,Others,,/skill4416_etc.webp
Citizen,master_virgil,"Virgil","Вирджил",70,Others,,/skill4416_etc.webp
Citizen,master_sidra,"Sidra","Сидра",70,Others,,/skill4416_etc.webp
Citizen,prefect_buka,"Buka","Бука",70,Others,,/skill4416_etc.webp
Citizen,pet_manager_lundy,"Lundy","Ланди",70,Others,,/skill4416_etc.webp
Citizen,dawn_priest_gludio,"Priest of Dawn","Жрец Рассвета",70,Others,,/skill4416_etc.webp
Citizen,dusk_priestess_gludio,"Dusk Priestess","Жрица Заката",70,Others,,/skill4416_etc.webp
Citizen,event_teleporter_g,"Event Gatekeeper","Ивентовый Хранитель Портала",70,Others,,/skill4416_etc.webp
Citizen,mineral_trader_lanna,"Lanna","Ланна",70,Others,,/skill4416_etc.webp
Citizen,adventurer_agent_town_18,"Adventure Guildsman","Член Гильдии Путешественников",70,Others,,/skill4416_etc.webp
Citizen,adventurer_agent_town_19,"Adventure Guildsman","Член Гильдии Путешественников",70,Others,,/skill4416_etc.webp
Citizen,adventurer_agent_town_20,"Adventure Guildsman","Член Гильдии Путешественников",70,Others,,/skill4416_etc.webp
Citizen,adventurer_agent_town_21,"Adventure Guildsman","Член Гильдии Путешественников",70,Others,,/skill4416_etc.webp
Citizen,adventurer_agent_town_22,"Adventure Guildsman","Член Гильдии Путешественников",70,Others,,/skill4416_etc.webp
Citizen,black,"Black","Блэк",70,Others,,/skill4416_etc.webp
Citizen,boyer,"Boyer","Бойер",70,Others,,/skill4416_etc.webp
Citizen,tim,"Tim","Тим",70,Others,,/skill4416_etc.webp
Citizen,dillon,"Dillon","Диллон",70,Others,,/skill4416_etc.webp
Citizen,gludio_keeper,"Warehouse Keeper","Смотритель Склада",70,Others,,/skill4416_etc.webp
Citizen,chamberlain_saius,"Sayres","Сайрес",70,Others,,/skill4416_etc.webp
Citizen,sir_tyron,"Tyron","Тайрон",70,Others,,/skill4416_etc.webp
Citizen,amidol,"Aldo","Альдо",70,Others,,/skill4416_etc.webp
Citizen,holvas,"Holvas","Хольвас",70,Others,,/skill4416_etc.webp
Citizen,trishya,"Trisha","Триша",70,Others,,/skill4416_etc.webp
Citizen,sabrin,"Sabrin","Сабрин",70,Others,,/skill4416_etc.webp
Citizen,kc,"Casey","Кейси",70,Others,,/skill4416_etc.webp
Citizen,sonia,"Sonia","Соня",70,Others,,/skill4416_etc.webp
Citizen,lars,"Lara","Лара",70,Others,,/skill4416_etc.webp
Citizen,terry,"Terry","Терри",70,Others,,/skill4416_etc.webp
Citizen,arne,"Arnelle","Арнель",70,Others,,/skill4416_etc.webp
Citizen,pabris,"Pabris","Пабрис",70,Others,,/skill4416_etc.webp
Citizen,glyvka,"Glyvka","Гливка",70,Others,,/skill4416_etc.webp
Citizen,shegfield,"Shegfield","Шегфилд",70,Others,,/skill4416_etc.webp
Citizen,rollant,"Rollant","Роллант",70,Others,,/skill4416_etc.webp
Citizen,sylvain,"Sylvain","Сильвиан",70,Others,,/skill4416_etc.webp
Citizen,blacksmith_poitan,"Poitan","Пойтан",70,Others,,/skill4416_etc.webp
Citizen,master_wandius,"Wandius","Вандиус",70,Others,,/skill4416_etc.webp
Citizen,master_cardien,"Cardien","Кардиен",70,Others,,/skill4416_etc.webp
Citizen,magister_mirien,"Mirien","Мириен",70,Others,,/skill4416_etc.webp
Citizen,grandmaster_tronix,"Tronix","Троникс",70,Others,,/skill4416_etc.webp
Citizen,master_ixia,"Ixia","Иксия",70,Others,,/skill4416_etc.webp
Citizen,magister_clayton,"Clayton","Клейтон",70,Others,,/skill4416_etc.webp
Citizen,prefect_dowki,"Dowki","Доки",70,Others,,/skill4416_etc.webp
Citizen,pet_manager_waters,"Waters","Уотерс",70,Others,,/skill4416_etc.webp
Citizen,dawn_priest_dion,"Priest of Dawn","Жрец Рассвета",70,Others,,/skill4416_etc.webp
Citizen,dusk_priestess_dion,"Dusk Priestess","Жрица Заката",70,Others,,/skill4416_etc.webp
Citizen,event_teleporter_h,"Event Gatekeeper","Ивентовый Хранитель Портала",70,Others,,/skill4416_etc.webp
Citizen,scroll_seller_rouke,"Rouke","Роук",70,Others,,/skill4416_etc.webp
Citizen,blueprint_seller_shaling,"Shaling","Шалинг",70,Others,,/skill4416_etc.webp
Citizen,mineral_trader_giordo,"Gordo","Гордо",70,Others,,/skill4416_etc.webp
Citizen,adventurer_agent_town_23,"Adventure Guildsman","Член Гильдии Путешественников",70,Others,,/skill4416_etc.webp
Citizen,adventurer_agent_town_24,"Adventure Guildsman","Член Гильдии Путешественников",70,Others,,/skill4416_etc.webp
Citizen,adventurer_agent_town_25,"Adventure Guildsman","Член Гильдии Путешественников",70,Others,,/skill4416_etc.webp
Citizen,adventurer_agent_town_26,"Adventure Guildsman","Член Гильдии Путешественников",70,Others,,/skill4416_etc.webp
Citizen,ron,"Ron","Рон",70,Others,,/skill4416_etc.webp
Citizen,flynn,"Flynn","Флинн",70,Others,,/skill4416_etc.webp
Citizen,seth,"Seth","Сет",70,Others,,/skill4416_etc.webp
Citizen,gatekeeper_mozzarella,"Mozella","Мозелла",70,Others,,/skill4416_etc.webp
Citizen,gatekeeper_capellini,"Capella","Капелла",70,Others,,/skill4416_etc.webp
Citizen,gatekeeper_havarti,"Hanna","Ханна",70,Others,,/skill4416_etc.webp
Citizen,ol_mahum_steward_tamutak,"Tamutak","Тамутак",70,Others,,/skill4416_etc.webp
Citizen,pano,"Pano","Пано",70,Others,,/skill4416_etc.webp
Citizen,barder,"Barder","Бардер",70,Others,,/skill4416_etc.webp
Citizen,warehouse_keeper_sonin,"Sonin","Сонин",70,Others,,/skill4416_etc.webp
Citizen,adventurer_agent_town_27,"Adventure Guildsman","Член Гильдии Путешественников",70,Others,,/skill4416_etc.webp
Citizen,adventurer_agent_town_28,"Adventure Guildsman","Член Гильдии Путешественников",70,Others,,/skill4416_etc.webp
Citizen,adventurer_agent_town_29,"Adventure Guildsman","Член Гильдии Путешественников",70,Others,,/skill4416_etc.webp
Citizen,clavier,"Clarissa","Кларисса",70,Others,,/skill4416_etc.webp
Citizen,helvetia,"Helvetia","Хельветия",70,Others,,/skill4416_etc.webp
Citizen,denkus,"Denkus","Денкус",70,Others,,/skill4416_etc.webp
Citizen,pochi,"Pochi","Почи",70,Others,,/skill4416_etc.webp
Citizen,grabner,"Graham","Грэхам",70,Others,,/skill4416_etc.webp
Citizen,stany,"Stanford","Стэнфорд",70,Others,,/skill4416_etc.webp
Citizen,taurin,"Taurin","Таурин",70,Others,,/skill4416_etc.webp
Citizen,phojett,"Peta","Пета",70,Others,,/skill4416_etc.webp
Citizen,radia,"Radia","Радия",70,Others,,/skill4416_etc.webp
Citizen,sandra,"Sandra","Сандра",70,Others,,/skill4416_etc.webp
Citizen,elliany,"Ellie","Элли",70,Others,,/skill4416_etc.webp
Citizen,collob,"Collob","Коллоб",70,Others,,/skill4416_etc.webp
Citizen,groot,"Groot","Грут",70,Others,,/skill4416_etc.webp
Citizen,gentler,"Gentler","Гентлер",70,Others,,/skill4416_etc.webp
Citizen,landolf,"Randolf","Рандольф",70,Others,,/skill4416_etc.webp
Citizen,galladuchi,"Galladucci","Галадуччи",70,Others,,/skill4416_etc.webp
Citizen,alexandria,"Alexandria","Александрия",70,Others,,/skill4416_etc.webp
Citizen,valkon,"Valkon","Валькон",70,Others,,/skill4416_etc.webp
Citizen,parman,"Parman","Парман",70,Others,,/skill4416_etc.webp
Citizen,genwiter,"Genwitter","Генвиттер",70,Others,,/skill4416_etc.webp
Citizen,dufner,"Dufner","Дафнер",70,Others,,/skill4416_etc.webp
Citizen,goldian,"Goldian","Голдиан",70,Others,,/skill4416_etc.webp
Citizen,macken,"Macken","Макен",70,Others,,/skill4416_etc.webp
Citizen,hannavalt,"Hannavalt","Ханнавальт",70,Others,,/skill4416_etc.webp
Citizen,iker,"Iker","Айкер",70,Others,,/skill4416_etc.webp
Citizen,dieter,"Dieter","Дитер",70,Others,,/skill4416_etc.webp
Citizen,clinch,"Maurius","Мауриус",70,Others,,/skill4416_etc.webp
Citizen,juria,"Juris","Юрис",70,Others,,/skill4416_etc.webp
Citizen,roa,"Roa","Роа",70,Others,,/skill4416_etc.webp
Citizen,jurek,"Jurek","Юрек",70,Others,,/skill4416_etc.webp
Citizen,dustin,"Dustin","Дастин",70,Others,,/skill4416_etc.webp
Citizen,primoz,"Primos","Примос",70,Others,,/skill4416_etc.webp
Citizen,pupina,"Pupina","Пупина",70,Others,,/skill4416_etc.webp
Citizen,isabellin,"Isabellin","Изабелла",70,Others,,/skill4416_etc.webp
Citizen,maximilian,"Maximilian","Максимилиан",70,Others,,/skill4416_etc.webp
Citizen,blacksmith_pushkin,"Pushkin","Пушкон",70,Others,,/skill4416_etc.webp
Citizen,blacksmith_rupio,"Rupio","Рупио",70,Others,,/skill4416_etc.webp
Citizen,master_riberia,"Rosheria","Рошерия",70,Others,,/skill4416_etc.webp
Citizen,priest_bandellos,"Bandellos","Банделлос",70,Others,,/skill4416_etc.webp
Citizen,grandmaster_angus,"Angus","Ангус",70,Others,,/skill4416_etc.webp
Citizen,master_stapiin,"Stapin","Стапин",70,Others,,/skill4416_etc.webp
Citizen,magister_kaira,"Kaira","Кайра",70,Others,,/skill4416_etc.webp
Citizen,prefect_vokiyan,"Vokian","Вокиан",70,Others,,/skill4416_etc.webp
Citizen,pet_manager_cooper,"Cooper","Купер",70,Others,,/skill4416_etc.webp
Citizen,dawn_priest_giran,"Priest of Dawn","Жрец Рассвета",70,Others,,/skill4416_etc.webp
Citizen,dusk_priestess_giran,"Dusk Priestess","Жрица Заката",70,Others,,/skill4416_etc.webp
Citizen,event_teleporter_i,"Event Gatekeeper","Ивентовый Хранитель Портала",70,Others,,/skill4416_etc.webp
Citizen,blueprint_seller_daeger,"Daeger","Дейжер",70,Others,,/skill4416_etc.webp
Citizen,mineral_trader_kiki,"Kiki","Кики",70,Others,,/skill4416_etc.webp
Citizen,adventurer_agent_town_30,"Adventure Guildsman","Член Гильдии Путешественников",70,Others,,/skill4416_etc.webp
Citizen,adventurer_agent_town_31,"Adventure Guildsman","Член Гильдии Путешественников",70,Others,,/skill4416_etc.webp
Citizen,adventurer_agent_town_32,"Adventure Guildsman","Член Гильдии Путешественников",70,Others,,/skill4416_etc.webp
Citizen,adventurer_agent_town_33,"Adventure Guildsman","Член Гильдии Путешественников",70,Others,,/skill4416_etc.webp
Citizen,adventurer_agent_town_34,"Adventure Guildsman","Член Гильдии Путешественников",70,Others,,/skill4416_etc.webp
Citizen,adventurer_agent_town_35,"Adventure Guildsman","Член Гильдии Путешественников",70,Others,,/skill4416_etc.webp
Citizen,custodian_emma,"Emma","Эмма",70,Others,,/skill4416_etc.webp
Citizen,custodian_adrienne,"Adrienne","Адриана",70,Others,,/skill4416_etc.webp
Citizen,custodian_bianca,"Bianca","Бианка",70,Others,,/skill4416_etc.webp
Citizen,custodian_gladys,"Gladys","Гладиус",70,Others,,/skill4416_etc.webp
Citizen,custodian_regina,"Regina","Регина",70,Others,,/skill4416_etc.webp
Citizen,gaiman,"Galman","Гальман",70,Others,,/skill4416_etc.webp
Citizen,kitzka,"Kitzka","Китска",70,Others,,/skill4416_etc.webp
Citizen,heart_of_warding,"Heart of Warding","Сердце Заключенного",70,Others,,/skill4416_etc.webp
Citizen,trader_edroc,"Edroc","Эдрок",70,Others,,/skill4416_etc.webp
Citizen,trader_garette,"Garette","Гарретт",70,Others,,/skill4416_etc.webp
Citizen,warehouse_keeper_sorint,"Sorint","Соринт",70,Others,,/skill4416_etc.webp
Citizen,gatekeeper_esmeralda,"Esmeralda","Эсмеральда",70,Others,,/skill4416_etc.webp
Citizen,trader_hallypia,"Hally","Халли",70,Others,,/skill4416_etc.webp
Citizen,warehouse_keeper_silva,"Silva","Сильва",70,Others,,/skill4416_etc.webp
Citizen,grandmaster_siria,"Siria","Сирия",70,Others,,/skill4416_etc.webp
Citizen,grandmaster_medown,"Medown","Мидовн",70,Others,,/skill4416_etc.webp
Citizen,prefect_chakiris,"Chakiris","Чакирис",70,Others,,/skill4416_etc.webp
Citizen,pet_manager_nelson,"Nelson","Нельсон",70,Others,,/skill4416_etc.webp
Citizen,dawn_priest_hunter,"Priest of Dawn","Жрец Рассвета",70,Others,,/skill4416_etc.webp
Citizen,dusk_priestess_hunter,"Dusk Priestess","Жрица Заката",70,Others,,/skill4416_etc.webp
Citizen,event_teleporter_l,"Event Gatekeeper","Ивентовый Хранитель Портала",70,Others,,/skill4416_etc.webp
Citizen,mineral_trader_onyx,"Onyx","Оникс",70,Others,,/skill4416_etc.webp
Citizen,adventurer_agent_town_49,"Adventure Guildsman","Член Гильдии Путешественников",70,Others,,/skill4416_etc.webp
Citizen,adventurer_agent_town_50,"Adventure Guildsman","Член Гильдии Путешественников",70,Others,,/skill4416_etc.webp
Citizen,adventurer_agent_town_51,"Adventure Guildsman","Член Гильдии Путешественников",70,Others,,/skill4416_etc.webp
Citizen,adventurer_agent_town_52,"Adventure Guildsman","Член Гильдии Путешественников",70,Others,,/skill4416_etc.webp
Citizen,valentina,"Valentina","Валентина",70,Others,,/skill4416_etc.webp
Citizen,zenkin,"Zenkin","Зенкин",70,Others,,/skill4416_etc.webp
Citizen,raudia,"Raudia","Раудия",70,Others,,/skill4416_etc.webp
Citizen,sara,"Sara","Сара",70,Others,,/skill4416_etc.webp
Citizen,galicbredo,"Galibredo","Галибредо",70,Others,,/skill4416_etc.webp
Citizen,cliff,"Cliff","Клифф",70,Others,,/skill4416_etc.webp
Citizen,hagger,"Hagger","Хаггер",70,Others,,/skill4416_etc.webp
Citizen,rigol,"Rigol","Ригол",70,Others,,/skill4416_etc.webp
Citizen,taniac,"Taniac Blackbird","Таниак Блэкберд",70,Others,,/skill4416_etc.webp
Citizen,bhan,"Bhan","Бан",70,Others,,/skill4416_etc.webp
Citizen,kai,"Klaus Blackbird","Клаус Блэкберд",70,Others,,/skill4416_etc.webp
Citizen,vadin,"Vadin","Вадин",70,Others,,/skill4416_etc.webp
Citizen,rovia,"Rovia","Ровия",70,Others,,/skill4416_etc.webp
Citizen,phanovia,"Phanovia","Фановия",70,Others,,/skill4416_etc.webp
Citizen,hollin,"Hollint","Холлинт",70,Others,,/skill4416_etc.webp
Citizen,darvi,"Darya","Дарья",70,Others,,/skill4416_etc.webp
Citizen,guyder,"Gideon","Гидеон",70,Others,,/skill4416_etc.webp
Citizen,brecson,"Brecson","Брексон",70,Others,,/skill4416_etc.webp
Citizen,prefect_daunt,"Daunt","Дант",70,Others,,/skill4416_etc.webp
Citizen,pet_manager_joey,"Joey","Джой",70,Others,,/skill4416_etc.webp
Citizen,dawn_priest_oren,"Priest of Dawn","Жрец Рассвета",70,Others,,/skill4416_etc.webp
Citizen,dusk_priestess_oren,"Dusk Priestess","Жрица Заката",70,Others,,/skill4416_etc.webp
Citizen,event_teleporter_j,"Event Gatekeeper","Ивентовый Хранитель Портала",70,Others,,/skill4416_etc.webp
Citizen,blueprint_seller_luka,"Luka","Лука",70,Others,,/skill4416_etc.webp
Citizen,mineral_trader_cona,"Cona","Кона",70,Others,,/skill4416_etc.webp
Citizen,adventurer_agent_town_40,"Adventure Guildsman","Член Гильдии Путешественников",70,Others,,/skill4416_etc.webp
Citizen,adventurer_agent_town_41,"Adventure Guildsman","Член Гильдии Путешественников",70,Others,,/skill4416_etc.webp
Citizen,adventurer_agent_town_42,"Adventure Guildsman","Член Гильдии Путешественников",70,Others,,/skill4416_etc.webp
Citizen,adventurer_agent_town_43,"Adventure Guildsman","Член Гильдии Путешественников",70,Others,,/skill4416_etc.webp
Citizen,adventurer_agent_town_44,"Adventure Guildsman","Член Гильдии Путешественников",70,Others,,/skill4416_etc.webp
Citizen,karin,"Karin","Карин",70,Others,,/skill4416_etc.webp
Citizen,rex,"Rex","Рекс",70,Others,,/skill4416_etc.webp
Citizen,iz,"Ian","Ян",70,Others,,/skill4416_etc.webp
Citizen,rapin,"Ralford","Рэлфорд",70,Others,,/skill4416_etc.webp
Citizen,bandor,"Wesley","Уэсли",70,Others,,/skill4416_etc.webp
Citizen,marty,"Marty","Марти",70,Others,,/skill4416_etc.webp
Citizen,radic,"Radic","Радик",70,Others,,/skill4416_etc.webp
Citizen,az,"Galios","Гаюс",70,Others,,/skill4416_etc.webp
Citizen,biralri,"Arkenias","Аркениас",70,Others,,/skill4416_etc.webp
Citizen,fairen,"Fairen","Фэйрен",70,Others,,/skill4416_etc.webp
Citizen,yan,"Valleria","Валерия",70,Others,,/skill4416_etc.webp
Citizen,gatekeeper_cecile,"Cecile","Сесиль",70,Others,,/skill4416_etc.webp
Citizen,gatekeeper_mariell,"Mariell","Мариэль",70,Others,,/skill4416_etc.webp
Citizen,gatekeeper_merian,"Merian","Мериан",70,Others,,/skill4416_etc.webp
Citizen,gatekeeper_verona,"Verona","Верона",70,Others,,/skill4416_etc.webp
Citizen,adventurer_agent_town_37,"Adventure Guildsman","Член Гильдии Путешественников",70,Others,,/skill4416_etc.webp
Citizen,adventurer_agent_town_38,"Adventure Guildsman","Член Гильдии Путешественников",70,Others,,/skill4416_etc.webp
Citizen,adventurer_agent_town_39,"Adventure Guildsman","Член Гильдии Путешественников",70,Others,,/skill4416_etc.webp
Citizen,trader_woodrow,"Woodrow","Вудро",70,Others,,/skill4416_etc.webp
Citizen,trader_woodley,"Woodley","Вудри",70,Others,,/skill4416_etc.webp
Citizen,trader_holly,"Holly","Холи",70,Others,,/skill4416_etc.webp
Citizen,trader_carson,"Carson","Карсон",70,Others,,/skill4416_etc.webp
Citizen,trader_alexis,"Alexis","Алексис",70,Others,,/skill4416_etc.webp
Citizen,warehouse_keeper_romp,"Romp","Ромп",70,Others,,/skill4416_etc.webp
Citizen,whouse_keeper_walderal,"Walderal","Вальдерал",70,Others,,/skill4416_etc.webp
Citizen,blacksmith_wilbert,"Wilbert","Вилберт",70,Others,,/skill4416_etc.webp
Citizen,gatekeeper_elisabeth,"Elisa","Элиза",70,Others,,/skill4416_etc.webp
Citizen,grandmaster_sedrick,"Sedrick","Седрик",70,Others,,/skill4416_etc.webp
Citizen,master_aiken,"Aiken","Айкен",70,Others,,/skill4416_etc.webp
Citizen,master_kendra,"Kendra","Кендра",70,Others,,/skill4416_etc.webp
Citizen,master_sidnen,"Sinden","Синден",70,Others,,/skill4416_etc.webp
Citizen,trainer_raien,"Raien","Раен",70,Others,,/skill4416_etc.webp
Citizen,grandmagister_drikiyan,"Drikiyan","Дрикиан",70,Others,,/skill4416_etc.webp
Citizen,magister_desmond,"Desmond","Десмонд",70,Others,,/skill4416_etc.webp
Citizen,magister_winonin,"Winonin","Винонин",70,Others,,/skill4416_etc.webp
Citizen,highpriest_orven,"Orven","Орвен",70,Others,,/skill4416_etc.webp
Citizen,priest_ross,"Ross","Росс",70,Others,,/skill4416_etc.webp
Citizen,priestess_vivian,"Vivyan","Вивиан",70,Others,,/skill4416_etc.webp
Citizen,priestess_flownia,"Flownia","Флавния",70,Others,,/skill4416_etc.webp
Citizen,priest_linette,"Leonard","Леонард",70,Others,,/skill4416_etc.webp
Citizen,grandmaster_oltlin,"Oltlin","Олтлин",70,Others,,/skill4416_etc.webp
Citizen,master_ghest,"Ghest","Гест",70,Others,,/skill4416_etc.webp
Citizen,magister_hanellin,"Hanellin","Ханелин",70,Others,,/skill4416_etc.webp
Citizen,prefect_marestella,"Marestella","Марестелла",70,Others,,/skill4416_etc.webp
Citizen,seer_reva,"Reva","Рева",70,Others,,/skill4416_etc.webp
Citizen,pet_manager_lemper,"Lemper","Лемпер",70,Others,,/skill4416_etc.webp
Citizen,dawn_priest_aden,"Priest of Dawn","Жрец Рассвета",70,Others,,/skill4416_etc.webp
Citizen,dusk_priestess_aden,"Dusk Priestess","Жрица Заката",70,Others,,/skill4416_etc.webp
Citizen,event_teleporter_m,"Event Gatekeeper","Ивентовый Хранитель Портала",70,Others,,/skill4416_etc.webp
Citizen,mineral_trader_shutner,"Shutner","Шутнер",70,Others,,/skill4416_etc.webp
Citizen,adventurer_agent_town_53,"Adventure Guildsman","Член Гильдии Путешественников",70,Others,,/skill4416_etc.webp
Citizen,adventurer_agent_town_54,"Adventure Guildsman","Член Гильдии Путешественников",70,Others,,/skill4416_etc.webp
Citizen,adventurer_agent_town_55,"Adventure Guildsman","Член Гильдии Путешественников",70,Others,,/skill4416_etc.webp
Citizen,adventurer_agent_town_56,"Adventure Guildsman","Член Гильдии Путешественников",70,Others,,/skill4416_etc.webp
Citizen,adventurer_agent_town_57,"Adventure Guildsman","Член Гильдии Путешественников",70,Others,,/skill4416_etc.webp
Citizen,clan_merchant_ilia,"Ilia","Илия",70,Others,,/skill4416_etc.webp
Citizen,sir_ruford,"Messenger Ruford","Руфорд",70,Others,,/skill4416_etc.webp
Citizen,carey,"Carey","Кирей",70,Others,,/skill4416_etc.webp
Citizen,dianne,"Dianne","Диана",70,Others,,/skill4416_etc.webp
Citizen,crissy,"Crissy","Крисси",70,Others,,/skill4416_etc.webp
Citizen,albert,"Albert","Альберт",70,Others,,/skill4416_etc.webp
Citizen,korgen,"Korgen","Корген",70,Others,,/skill4416_etc.webp
Citizen,dimaggio,"DiMaggio","ДиМаггио",70,Others,,/skill4416_etc.webp
Citizen,aden_outter_doorman,"Outer Doorman","Привратник Внешних Владений",70,Others,,/skill4416_etc.webp
Citizen,aden_inner_doorman,"Inner Doorman","Привратник Внутренних Владений",70,Others,,/skill4416_etc.webp
Citizen,aden_hall_doorman,"Hall Doorman","Привратник Зала",70,Others,,/skill4416_etc.webp
Citizen,aden_inner_doorman2,"Inner Doorman","Привратник Внутренних Владений",70,Others,,/skill4416_etc.webp
Citizen,aden_station_doorman,"Gatekeeper","Хранитель Портала",70,Others,,/skill4416_etc.webp
Citizen,aden_keeper,"Warehouse Keeper","Смотритель Склада",70,Others,,/skill4416_etc.webp
Citizen,chamberlain_logan,"Logan","Логан",70,Others,,/skill4416_etc.webp
Citizen,dimension_vertex_1,"Dimensional Vortex 1","Пространственный Водоворот 1",70,Others,,/skill4416_etc.webp
Citizen,dimension_vertex_2,"Dimensional Vortex 2","Пространственный Водоворот 2",70,Others,,/skill4416_etc.webp
Citizen,dimension_vertex_3,"Dimensional Vortex 3","Пространственный Водоворот 3",70,Others,,/skill4416_etc.webp
Citizen,arena_cp_booster_b,"Arena Director","Начальник Арены",70,Others,,/skill4416_etc.webp
Citizen,steward_biggerstaff,"Biggerstaff","Бигерстафф",70,Others,,/skill4416_etc.webp
Citizen,trader_espen,"Espen","Эспен",70,Others,,/skill4416_etc.webp
Citizen,trader_verona,"Verona","Верона",70,Others,,/skill4416_etc.webp
Citizen,trader_enverun,"Enverun","Энверун",70,Others,,/skill4416_etc.webp
Citizen,trader_payel,"Payel","Пауел",70,Others,,/skill4416_etc.webp
Citizen,warehouse_keeper_kluck,"Kluck","Клак",70,Others,,/skill4416_etc.webp
Citizen,warehouse_keeper_mia,"Mia","Миа",70,Others,,/skill4416_etc.webp
Citizen,blacksmith_morning,"Morning","Морнинг",70,Others,,/skill4416_etc.webp
Citizen,gatekeeper_flauen,"Flauen","Флоен",70,Others,,/skill4416_etc.webp
Citizen,grandmaster_marcus,"Marcus","Маркус",70,Others,,/skill4416_etc.webp
Citizen,master_arti,"Arti","Арти",70,Others,,/skill4416_etc.webp
Citizen,master_karuna,"Karuna","Каруна",70,Others,,/skill4416_etc.webp
Citizen,master_traus,"Traus","Траус",70,Others,,/skill4416_etc.webp
Citizen,master_naiel,"Naiel","Нейл",70,Others,,/skill4416_etc.webp
Citizen,highpriest_squillari,"Squillari","Сквиллари",70,Others,,/skill4416_etc.webp
Citizen,magister_minevia,"Minevia","Миневия",70,Others,,/skill4416_etc.webp
Citizen,magister_anabel,"Anabel","Анабель",70,Others,,/skill4416_etc.webp
Citizen,grandmaster_xairakin,"Xairakin","Ксайракин",70,Others,,/skill4416_etc.webp
Citizen,master_brikus,"Brikus","Брикус",70,Others,,/skill4416_etc.webp
Citizen,magister_xenovia,"Xenovia","Ксеновия",70,Others,,/skill4416_etc.webp
Citizen,prefect_sorbo,"Sorbo","Сорбо",70,Others,,/skill4416_etc.webp
Citizen,seer_takina,"Takina","Такина",70,Others,,/skill4416_etc.webp
Citizen,wharf_manager_nedy,"Nedy","Неди",70,Others,,/skill4416_etc.webp
Citizen,pet_manager_rood,"Rood","Руд",70,Others,,/skill4416_etc.webp
Citizen,dawn_priest_heiness,"Priest of Dawn","Жрец Рассвета",70,Others,,/skill4416_etc.webp
Citizen,dusk_priestess_heiness,"Dusk Priestess","Жрица Заката",70,Others,,/skill4416_etc.webp
Citizen,event_teleporter_k,"Event Gatekeeper","Ивентовый Хранитель Портала",70,Others,,/skill4416_etc.webp
Citizen,mineral_trader_raban,"Raban","Рабан",70,Others,,/skill4416_etc.webp
Citizen,adventurer_agent_town_45,"Adventure Guildsman","Член Гильдии Путешественников",70,Others,,/skill4416_etc.webp
Citizen,adventurer_agent_town_46,"Adventure Guildsman","Член Гильдии Путешественников",70,Others,,/skill4416_etc.webp
Citizen,adventurer_agent_town_47,"Adventure Guildsman","Член Гильдии Путешественников",70,Others,,/skill4416_etc.webp
Citizen,adventurer_agent_town_48,"Adventure Guildsman","Член Гильдии Путешественников",70,Others,,/skill4416_etc.webp
Citizen,grandmaster_siegmund,"Siegmund","Зигмунд",70,Others,,/skill4416_etc.webp
Citizen,grandmaster_andromeda,"Andromeda","Андромеда",70,Others,,/skill4416_etc.webp
Citizen,prefect_tazki,"Tazki","Таски",70,Others,,/skill4416_etc.webp
Citizen,scroll_seller_anton,"Anton","Антон",70,Others,,/skill4416_etc.webp
Citizen,amulet_seller_hakran,"Hakran","Хакран",70,Others,,/skill4416_etc.webp
Citizen,gatekeeper_arisha,"Arisha","Ариша",70,Others,,/skill4416_etc.webp
Citizen,gatekeeper_stanislava,"Stanislava","Станислава",70,Others,,/skill4416_etc.webp
Citizen,adventurer_agent_town_60,"Adventure Guildsman","Член Гильдии Путешественников",70,Others,,/skill4416_etc.webp
Citizen,adventurer_agent_town_62,"Adventure Guildsman","Член Гильдии Путешественников",70,Others,,/skill4416_etc.webp
Citizen,custodian_ronald,"Ronald","Рональд",70,Others,,/skill4416_etc.webp
Citizen,custodian_wayne,"Wayne","Вейне",70,Others,,/skill4416_etc.webp
Citizen,custodian_pattie,"Patty","Патти",70,Others,,/skill4416_etc.webp
Citizen,custodian_jimmy,"Jimmy","Джимми",70,Others,,/skill4416_etc.webp
Citizen,custodian_michael,"Michael","Мишель",70,Others,,/skill4416_etc.webp
Citizen,custodian_jacques,"Jack","Джек",70,Others,,/skill4416_etc.webp
Citizen,custodian_karuto,"Karuto","Каруто",70,Others,,/skill4416_etc.webp
Citizen,chamberlain_bandello,"Bandello","Банделло",70,Others,,/skill4416_etc.webp
Citizen,farm_feed_seller,"Feed Seller","Продавец Корма",70,Others,,/skill4416_etc.webp
Citizen,supplier_abercrombie,"Abercrombie","Аберкромби",70,Others,,/skill4416_etc.webp
Citizen,dindin,"Dinn","Динн",70,Others,,/skill4416_etc.webp
Citizen,singsing,"Singsing","Сингсинг",70,Others,,/skill4416_etc.webp
Citizen,oraochin,"Orahochin","Орахочин",70,Others,,/skill4416_etc.webp
Citizen,gariachin,"Gariachin","Гарячин",70,Others,,/skill4416_etc.webp
Citizen,asama,"Asamah","Азамах",70,Others,,/skill4416_etc.webp
Citizen,trader_leon,"Leon","Леон",70,Others,,/skill4416_etc.webp
Citizen,trader_veronika,"Veronica","Вероника",70,Others,,/skill4416_etc.webp
Citizen,trader_helmut,"Helmut","Гельмут",70,Others,,/skill4416_etc.webp
Citizen,trader_janne,"Janne","Жанна",70,Others,,/skill4416_etc.webp
Citizen,trader_judith,"Judith","Джудит",70,Others,,/skill4416_etc.webp
Citizen,trader_rene,"Renee","Рене",70,Others,,/skill4416_etc.webp
Citizen,trader_liesel,"Liesel","Лесли",70,Others,,/skill4416_etc.webp
Citizen,pet_manager_annette,"Annette","Аннетт",70,Others,,/skill4416_etc.webp
Citizen,warehouse_keeper_lietta,"Lietta","Литта",70,Others,,/skill4416_etc.webp
Citizen,warehouse_keeper_hakon,"Hakon","Хайкон",70,Others,,/skill4416_etc.webp
Citizen,freighter_stefano,"Stefano","Стефано",70,Others,,/skill4416_etc.webp
Citizen,blueprint_seller_borodin,"Borodin","Бородин",70,Others,,/skill4416_etc.webp
Citizen,mineral_trader_fundin,"Fundin","Фундин",70,Others,,/skill4416_etc.webp
Citizen,gatekeeper_tatiana,"Tatiana","Татьяна",70,Others,,/skill4416_etc.webp
Citizen,grandmaster_bernhard,"Bernhard","Бернхард",70,Others,,/skill4416_etc.webp
Citizen,scroll_seller_elena,"Elena","Элен",70,Others,,/skill4416_etc.webp
Citizen,grandmaster_samael,"Samael","Самаэль",70,Others,,/skill4416_etc.webp
Citizen,prefect_rakan,"Lakan","Лакан",70,Others,,/skill4416_etc.webp
Citizen,dawn_priest_godard,"Priest of Dawn","Жрец Рассвета",70,Others,,/skill4416_etc.webp
Citizen,dusk_priestessess_godard,"Priest of Dusk","Жрец Заката",70,Others,,/skill4416_etc.webp
Citizen,event_teleporter_n,"Event Gatekeeper","Ивентовый Хранитель Портала ",70,Others,,/skill4416_etc.webp
Citizen,adventurer_agent_town_63,"Adventure Guildsman","Член Гильдии Путешественников",70,Others,,/skill4416_etc.webp
Citizen,adventurer_agent_town_64,"Adventure Guildsman","Член Гильдии Путешественников",70,Others,,/skill4416_etc.webp
Citizen,adventurer_agent_town_65,"Adventure Guildsman","Член Гильдии Путешественников",70,Others,,/skill4416_etc.webp
Citizen,adventurer_agent_town_66,"Adventure Guildsman","Член Гильдии Путешественников",70,Others,,/skill4416_etc.webp
Citizen,adventurer_agent_town_67,"Adventure Guildsman","Член Гильдии Путешественников",70,Others,,/skill4416_etc.webp
Citizen,sir_davin,"Daven","Девен",70,Others,,/skill4416_etc.webp
Citizen,custodian_aida,"Aida","Аида",70,Others,,/skill4416_etc.webp
Citizen,custodian_helga,"Helga","Хельга",70,Others,,/skill4416_etc.webp
Citizen,custodian_milicent,"Millicent","Мильсент",70,Others,,/skill4416_etc.webp
Citizen,custodian_branhilde,"Branhillde","Брунхильда",70,Others,,/skill4416_etc.webp
Citizen,godad_outter_doorman,"Outer Doorman","Привратник Внешних Владений",70,Others,,/skill4416_etc.webp
Citizen,godad_side_doorman1,"Inner Doorman","Привратник Внутренних Владений",70,Others,,/skill4416_etc.webp
Citizen,godad_side_doorman2,"Inner Doorman","Привратник Внутренних Владений",70,Others,,/skill4416_etc.webp
Citizen,trader_atan,"Atan","Атан",70,Others,,/skill4416_etc.webp
Citizen,keeper_jaf,"Jaff","Джаф",70,Others,,/skill4416_etc.webp
Citizen,merchant_jumara,"Jumara","Джумара",70,Others,,/skill4416_etc.webp
Citizen,gatekeeper_kurfa,"Kurfa","Курфа",70,Others,,/skill4416_etc.webp
Citizen,doorman_of_rainbow_a,"Doorman","Привратник",70,Others,,/skill4416_etc.webp
Citizen,doorman_of_rainbow_b,"Doorman","Привратник",70,Others,,/skill4416_etc.webp
Citizen,merchant_shikon,"Shikon","Шикон",70,Others,,/skill4416_etc.webp
Citizen,gatekeeper_teranu,"Teranu Mardui","Терану Мардуи",70,Others,,/skill4416_etc.webp
Citizen,trader_auzendurof,"Auzendorff","Озендорф",70,Others,,/skill4416_etc.webp
Citizen,trader_robre,"Hombre","Хомбре",70,Others,,/skill4416_etc.webp
Citizen,trader_owaking,"Owaki","Оваки",70,Others,,/skill4416_etc.webp
Citizen,trader_adrian,"Adrian","Адриан",70,Others,,/skill4416_etc.webp
Citizen,trader_rouge,"Rouge","Роуг",70,Others,,/skill4416_etc.webp
Citizen,trader_mailland,"Mailland","Майленд",70,Others,,/skill4416_etc.webp
Citizen,trader_pupu,"Pele","Пеле",70,Others,,/skill4416_etc.webp
Citizen,pet_manager_saroyan,"Saroyan","Сароян",70,Others,,/skill4416_etc.webp
Citizen,warehouse_keeper_rydie,"Rydel","Ридел",70,Others,,/skill4416_etc.webp
Citizen,warehouse_keeper_cherbal,"Cherbal","Чербал",70,Others,,/skill4416_etc.webp
Citizen,warehouse_chief_yaseni,"Yasheni","Яшени",70,Others,,/skill4416_etc.webp
Citizen,freighter_excel,"Axel","Аксель",70,Others,,/skill4416_etc.webp
Citizen,blacksmith_buryun,"Byron","Байрон",70,Others,,/skill4416_etc.webp
Citizen,head_blacksmith_newyear,"Newyear","Невьяр",70,Others,,/skill4416_etc.webp
Citizen,mineral_trader_hittchi,"Hitchi","Хичи",70,Others,,/skill4416_etc.webp
Citizen,gatekeeper_billia,"Bilia","Билия",70,Others,,/skill4416_etc.webp
Citizen,grandmaster_hexter,"Hector","Гектор",70,Others,,/skill4416_etc.webp
Citizen,master_karamon,"Karamon","Карамон",70,Others,,/skill4416_etc.webp
Citizen,master_eoline,"Euline","Олайн",70,Others,,/skill4416_etc.webp
Citizen,highpriest_baorl,"Baryl","Барил",70,Others,,/skill4416_etc.webp
Citizen,priest_eblin,"Evelyn","Эвелин",70,Others,,/skill4416_etc.webp
Citizen,priest_sinis,"Sinis","Синис",70,Others,,/skill4416_etc.webp
Citizen,magister_otillyu,"Otillo","Отилло",70,Others,,/skill4416_etc.webp
Citizen,magister_atraxia,"Atraxia","Атраксия",70,Others,,/skill4416_etc.webp
Citizen,grandmaster_drizit,"Drizzit","Дриззит",70,Others,,/skill4416_etc.webp
Citizen,master_aerina,"Aerina","Эрина",70,Others,,/skill4416_etc.webp
Citizen,magister_titia,"Talia","Таллия",70,Others,,/skill4416_etc.webp
Citizen,high_prefect_shaka,"Shaka","Шака",70,Others,,/skill4416_etc.webp
Citizen,prefect_tazar,"Tazeer","Тазир",70,Others,,/skill4416_etc.webp
Citizen,seer_moirase,"Moira","Мойра",70,Others,,/skill4416_etc.webp
Citizen,blacksmith_siger,"Siger","Сигер",70,Others,,/skill4416_etc.webp
Citizen,adventurer_agent_town_68,"Adventure Guildsman","Член Гильдии Путешественников",70,Others,,/skill4416_etc.webp
Citizen,adventurer_agent_town_69,"Adventure Guildsman","Член Гильдии Путешественников",70,Others,,/skill4416_etc.webp
Citizen,adventurer_agent_town_70,"Adventure Guildsman","Член Гильдии Путешественников",70,Others,,/skill4416_etc.webp
Citizen,adventurer_agent_town_71,"Adventure Guildsman","Член Гильдии Путешественников",70,Others,,/skill4416_etc.webp
Citizen,adventurer_agent_town_72,"Adventure Guildsman","Член Гильдии Путешественников",70,Others,,/skill4416_etc.webp
Citizen,grandmagister_havrier,"Javier","Джавьер",70,Others,,/skill4416_etc.webp
Citizen,dawn_priest_schuttgart,"Priest of Dawn","Жрец Рассвета",70,Others,,/skill4416_etc.webp
Citizen,dusk_priestess_schutt,"Dusk Priestess","Жрица Заката",70,Others,,/skill4416_etc.webp
Citizen,event_teleporter_p,"Event Gatekeeper","Ивентовый Хранитель Портала ",70,Others,,/skill4416_etc.webp
Citizen,warehouse_chief_older,"Alder","Альдер",70,Others,,/skill4416_etc.webp
Citizen,head_blacksmith_boillin,"Bolin","Болин",70,Others,,/skill4416_etc.webp
Citizen,grandmaster_shull,"Schule","Шуль",70,Others,,/skill4416_etc.webp
Citizen,highpriest_mattew,"Marie","Мари",70,Others,,/skill4416_etc.webp
Citizen,grandmaster_helminter,"Helminter","Хелминтер",70,Others,,/skill4416_etc.webp
Citizen,high_prefect_finker,"Finker","Финкер",70,Others,,/skill4416_etc.webp
Citizen,grandmagister_celes,"Celes","Селес",70,Others,,/skill4416_etc.webp
Citizen,custodian_carrel,"Carol","Карол",70,Others,,/skill4416_etc.webp
Citizen,custodian_stanley,"Stanley","Стенли",70,Others,,/skill4416_etc.webp
Citizen,custodian_billy,"Billy","Билли",70,Others,,/skill4416_etc.webp
Citizen,custodian_cerna,"Serena","Серена",70,Others,,/skill4416_etc.webp
Citizen,schutt_outter_doorman,"Outer Doorman","Привратник Внешних Владений",70,Others,,/skill4416_etc.webp
Citizen,schutt_side_doorman1,"Inner Doorman","Привратник Внутренних Владений",70,Others,,/skill4416_etc.webp
Citizen,schutt_side_doorman2,"Inner Doorman","Привратник Внутренних Владений",70,Others,,/skill4416_etc.webp
Citizen,schutt_station_doorman1,"Doorman  ","Привратник",70,Others,,/skill4416_etc.webp
Citizen,schutt_station_doorman2,"Doorman  ","Привратник",70,Others,,/skill4416_etc.webp
Citizen,schutt_keeper,"Warehouse Keeper","Смотритель Склада",70,Others,,/skill4416_etc.webp
Citizen,chamberlain_august,"August","Август",70,Others,,/skill4416_etc.webp
Citizen,r40_invader_teleport,"Guardian of Border","Защитник Границ",75,Others,,/skill4416_etc.webp
Citizen,r41_invader_teleport,"Guardian of Border","Защитник Границ",75,Others,,/skill4416_etc.webp
Citizen,r42_invader_teleport,"Guardian of Border","Защитник Границ",75,Others,,/skill4416_etc.webp
Citizen,r43_invader_teleport,"Guardian of Border","Защитник Границ",75,Others,,/skill4416_etc.webp
Citizen,r44_invader_teleport,"Guardian of Border","Защитник Границ",75,Others,,/skill4416_etc.webp
Citizen,r45_invader_teleport,"Guardian of Border","Защитник Границ",75,Others,,/skill4416_etc.webp
Citizen,r46_invader_teleport,"Guardian of Border","Защитник Границ",75,Others,,/skill4416_etc.webp
Citizen,r47_invader_teleport,"Guardian of Border","Защитник Границ",75,Others,,/skill4416_etc.webp
Citizen,r48_invader_teleport,"Guardian of Border","Защитник Границ",75,Others,,/skill4416_etc.webp
Citizen,holy_brazier,"Holy Brazier","Святой Медник",78,Others,,/skill4416_etc.webp
Citizen,gilbert,"Gilbert","Гилберт",80,Others,,/skill4416_etc.webp
Citizen,lee,"Leon","Леон",80,Others,,/skill4416_etc.webp
Citizen,arnold,"Arnold","Арнольд",80,Others,,/skill4416_etc.webp
Citizen,abel,"Abellos","Абеллос",80,Others,,/skill4416_etc.webp
Citizen,johnson,"Johnstone","Джонстоун",80,Others,,/skill4416_etc.webp
Citizen,chip,"Chiperan","Чиперан",80,Others,,/skill4416_etc.webp
Citizen,ken,"Kenyos","Кениос",80,Others,,/skill4416_etc.webp
Citizen,hank,"Hanks","Хэнкс",80,Others,,/skill4416_etc.webp
Citizen,moveguard_human,"Guard","Страж",80,Others,,/skill4416_etc.webp
Citizen,bowman,"Guard","Страж",80,Others,,/skill4416_etc.webp
Citizen,sentinel_wheelendel,"Wheeler","Вилер",80,Others,,/skill4416_etc.webp
Citizen,sentinel_berryos,"Berros","Беррос",80,Others,,/skill4416_etc.webp
Citizen,sentinel_kendnell,"Kendell","Кенделл",80,Others,,/skill4416_etc.webp
Citizen,sentinel_veltress,"Veltress","Вельтрес",80,Others,,/skill4416_etc.webp
Citizen,sentinel_stardyen,"Starden","Старден",80,Others,,/skill4416_etc.webp
Citizen,sentinel_rayjien,"Rayen","Райен",80,Others,,/skill4416_etc.webp
Citizen,alberryus,"Alberius","Альберий",80,Others,,/skill4416_etc.webp
Citizen,sentinel_gartrandell,"Gartrandell","Гартрандел",80,Others,,/skill4416_etc.webp
Citizen,moveguard_elf,"Sentinel","Часовой",80,Others,,/skill4416_etc.webp
Citizen,pixy,"Pixy","Фея",80,Others,,/skill4416_etc.webp
Citizen,ti_mi_tran,"Treant","Древень",80,Others,,/skill4416_etc.webp
Citizen,sentry_knight_railra,"Rayla","Райла",80,Others,,/skill4416_etc.webp
Citizen,sentry_kayleen,"Kayleen","Кайлин",80,Others,,/skill4416_etc.webp
Citizen,sentry_marion,"Marion","Марион",80,Others,,/skill4416_etc.webp
Citizen,sentry_nelsya,"Nelsya","Нельсия",80,Others,,/skill4416_etc.webp
Citizen,sentry_jenine,"Jenna","Дженна",80,Others,,/skill4416_etc.webp
Citizen,sentry_roseline,"Roselyn","Розалин",80,Others,,/skill4416_etc.webp
Citizen,sentry_krpion,"Kristin","Кристина",80,Others,,/skill4416_etc.webp
Citizen,moveguard_darkelf,"Sentry","Караульный",80,Others,,/skill4416_etc.webp
Citizen,bloody_pixy,"Bloody Pixy","Кровавая Фея",80,Others,,/skill4416_etc.webp
Citizen,ti_mi_riran,"Blight Treant","Тлетворный Древень",80,Others,,/skill4416_etc.webp
Citizen,praetorian_rukain,"Rukain","Рукайн",80,Others,,/skill4416_etc.webp
Citizen,centurion_nakusin,"Nakusin","Накушин",80,Others,,/skill4416_etc.webp
Citizen,centurion_tamai,"Tamai","Тамай",80,Others,,/skill4416_etc.webp
Citizen,centurion_parugon,"Parugon","Паругон",80,Others,,/skill4416_etc.webp
Citizen,centurion_orinak,"Orinak","Оринак",80,Others,,/skill4416_etc.webp
Citizen,centurion_tiku,"Tiku","Тику",80,Others,,/skill4416_etc.webp
Citizen,centurion_petukai,"Petukai","Патукай",80,Others,,/skill4416_etc.webp
Citizen,centurion_vapook,"Vapook","Вапук",80,Others,,/skill4416_etc.webp
Citizen,moveguard_orc,"Centurion","Центурион",80,Others,,/skill4416_etc.webp
Citizen,protector_paion,"Paion","Пайон",80,Others,,/skill4416_etc.webp
Citizen,defender_runant,"Runant","Рунант",80,Others,,/skill4416_etc.webp
Citizen,defender_eoton,"Ethan","Этан",80,Others,,/skill4416_etc.webp
Citizen,defender_cromwell,"Cromwell","Кромвель",80,Others,,/skill4416_etc.webp
Citizen,defender_tardyon,"Tardyon","Тардион",80,Others,,/skill4416_etc.webp
Citizen,defender_nathan,"Nathan","Натан",80,Others,,/skill4416_etc.webp
Citizen,moveguard_dwarf,"Defender","Защитник",80,Others,,/skill4416_etc.webp
Citizen,captain_bezique,"Bezique","Безик",80,Others,,/skill4416_etc.webp
Citizen,guard_plink,"Plink","Плинк",80,Others,,/skill4416_etc.webp
Citizen,guard_alvah,"Alvah","Альва",80,Others,,/skill4416_etc.webp
Citizen,guard_leikan,"Leikan","Лейкан",80,Others,,/skill4416_etc.webp
Citizen,guard_scott,"Scott","Скотт",80,Others,,/skill4416_etc.webp
Citizen,guard_lynchuss,"Linus","Линус",80,Others,,/skill4416_etc.webp
Citizen,guard_weisz,"Weisz","Вейс",80,Others,,/skill4416_etc.webp
Citizen,guard_luis,"Luis","Льюис",80,Others,,/skill4416_etc.webp
Citizen,guard_thoma,"Thoma","Тома",80,Others,,/skill4416_etc.webp
Citizen,captain_bathia,"Bathis","Батис",80,Others,,/skill4416_etc.webp
Citizen,guard_praga,"Praga","Праг",80,Others,,/skill4416_etc.webp
Citizen,guard_babenco,"Babenco","Бабен",80,Others,,/skill4416_etc.webp
Citizen,guard_brynner,"Brynn","Брин",80,Others,,/skill4416_etc.webp
Citizen,guard_curtiz,"Curtis","Кертис",80,Others,,/skill4416_etc.webp
Citizen,guard_moretti,"Moretti","Моретти",80,Others,,/skill4416_etc.webp
Citizen,guard_melville,"Melville","Мельвил",80,Others,,/skill4416_etc.webp
Citizen,lucas,"Lucas","Лукас",80,Others,,/skill4416_etc.webp
Citizen,metty,"Metty","Метти",80,Others,,/skill4416_etc.webp
Citizen,jaycub,"Jacob","Якоб",80,Others,,/skill4416_etc.webp
Citizen,hitsran,"Harlan","Харлан",80,Others,,/skill4416_etc.webp
Citizen,xaber,"Xaber","Ксабер",80,Others,,/skill4416_etc.webp
Citizen,listto,"Liam","Лиам",80,Others,,/skill4416_etc.webp
Citizen,guard_herven,"Herven","Хервен",80,Others,,/skill4416_etc.webp
Citizen,guard_bright,"Bright","Брайт",80,Others,,/skill4416_etc.webp
Citizen,jeronin,"Jeronin","Джеронин",80,Others,,/skill4416_etc.webp
Citizen,blas,"Bane","Бэйн",80,Others,,/skill4416_etc.webp
Citizen,vesa,"Vesa","Веса",80,Others,,/skill4416_etc.webp
Citizen,zerome,"Zerome","Джером",80,Others,,/skill4416_etc.webp
Citizen,beltkem,"Belton","Белтон",80,Others,,/skill4416_etc.webp
Citizen,rarshints,"Rath","Рат",80,Others,,/skill4416_etc.webp
Citizen,guard_kurtys,"Kurt","Курт",80,Others,,/skill4416_etc.webp
Citizen,captain_raigen,"Raigen","Райген",80,Others,,/skill4416_etc.webp
Citizen,guard_nasign,"Nasign","Насайн",80,Others,,/skill4416_etc.webp
Citizen,guard_norton,"Norton","Нортон",80,Others,,/skill4416_etc.webp
Citizen,guard_wesley,"Weston","Вестон",80,Others,,/skill4416_etc.webp
Citizen,guard_byron,"Byron","Байрон",80,Others,,/skill4416_etc.webp
Citizen,guard_makhis,"Makhis","Махис",80,Others,,/skill4416_etc.webp
Citizen,guard_gardner,"Gardner","Гарднер",80,Others,,/skill4416_etc.webp
Citizen,guard_paros,"Paros","Парос",80,Others,,/skill4416_etc.webp
Citizen,mouen,"Mouen","Моен",80,Others,,/skill4416_etc.webp
Citizen,heiac,"Hector","Гектор",80,Others,,/skill4416_etc.webp
Citizen,jerin,"Jerin","Джерин",80,Others,,/skill4416_etc.webp
Citizen,yaik,"Yates","Ятис",80,Others,,/skill4416_etc.webp
Citizen,stan,"Stan","Стэн",80,Others,,/skill4416_etc.webp
Citizen,pinaps,"Pinaps","Пинапс",80,Others,,/skill4416_etc.webp
Citizen,captain_roy,"Roy","Рой",80,Others,,/skill4416_etc.webp
Citizen,guard_tavillian,"Tavillian","Тавилиан",80,Others,,/skill4416_etc.webp
Citizen,guard_yening,"Yening","Енинг",80,Others,,/skill4416_etc.webp
Citizen,guard_tebose,"Tebose","Тебос",80,Others,,/skill4416_etc.webp
Citizen,captain_kurtis,"Kurtiz","Кертис",80,Others,,/skill4416_etc.webp
Citizen,guard_bret,"Bret","Брет",80,Others,,/skill4416_etc.webp
Citizen,guard_aldis,"Aldis","Алдис",80,Others,,/skill4416_etc.webp
Citizen,guard_carlton,"Carlton","Карлтон",80,Others,,/skill4416_etc.webp
Citizen,guard_eastan,"Eastan","Истан",80,Others,,/skill4416_etc.webp
Citizen,guard_grayson,"Grayson","Грейсон",80,Others,,/skill4416_etc.webp
Citizen,captain_gosta,"Gosta","Госта",80,Others,,/skill4416_etc.webp
Citizen,guard_duphis,"Dupuis","Дупуис",80,Others,,/skill4416_etc.webp
Citizen,guard_kraisen,"Kraisen","Крайсен",80,Others,,/skill4416_etc.webp
Citizen,guard_timos,"Timos","Тимос",80,Others,,/skill4416_etc.webp
Citizen,guard_dimitri,"Dimitri","Димитрий",80,Others,,/skill4416_etc.webp
Citizen,guard_ballard,"Bellard","Беллард",80,Others,,/skill4416_etc.webp
Citizen,elmore_patrolman_bow,"Patrol","Портал",80,Others,,/skill4416_etc.webp
Citizen,elmore_patrolman_spear,"Patrol","Портал",80,Others,,/skill4416_etc.webp
Citizen,guard_burke,"Burke","Бурке",80,Others,,/skill4416_etc.webp
Citizen,captain_andrei,"Andrei","Андрей",80,Others,,/skill4416_etc.webp
Citizen,guard_gunter,"Gunter","Гюнтер",80,Others,,/skill4416_etc.webp
Citizen,guard_sven,"Sven","Свен",80,Others,,/skill4416_etc.webp
Citizen,guard_henrik,"Henrik","Хенрик",80,Others,,/skill4416_etc.webp
Citizen,guard_cadmon,"Cadmon","Кадмон",80,Others,,/skill4416_etc.webp
Citizen,guard_bayard,"Bayard","Байард",80,Others,,/skill4416_etc.webp
Citizen,guard_ulrich,"Ulrich","Ульрих",80,Others,,/skill4416_etc.webp
Citizen,guard_eugen,"Eugen","Эоган",80,Others,,/skill4416_etc.webp
Citizen,captain_vishotuki,"Vishotsky","Вишотский",80,Others,,/skill4416_etc.webp
Citizen,guard_gren,"Glen","Глен",80,Others,,/skill4416_etc.webp
Citizen,guard_frigar,"Friggar","Фригар",80,Others,,/skill4416_etc.webp
Citizen,guard_shering,"Sherring","Шерринг",80,Others,,/skill4416_etc.webp
Citizen,guard_kosmos,"Kosmos","Космос",80,Others,,/skill4416_etc.webp
Citizen,guard_erstrak,"Erstack","Эрстак",80,Others,,/skill4416_etc.webp
Citizen,guard_goter,"Gotter","Готтер",80,Others,,/skill4416_etc.webp
Citizen,guard_singa,"Singa","Синга",80,Others,,/skill4416_etc.webp
Citizen,r50_invader_teleport,"Guardian of Border","Защитник Границ",85,Others,,/skill4416_etc.webp
Citizen,r51_invader_teleport,"Guardian of Border","Защитник Границ",85,Others,,/skill4416_etc.webp
Citizen,r52_invader_teleport,"Guardian of Border","Защитник Границ",85,Others,,/skill4416_etc.webp
Citizen,r53_invader_teleport,"Guardian of Border","Защитник Границ",85,Others,,/skill4416_etc.webp
Citizen,r54_invader_teleport,"Guardian of Border","Защитник Границ",85,Others,,/skill4416_etc.webp
Citizen,r55_invader_teleport,"Guardian of Border","Защитник Границ",85,Others,,/skill4416_etc.webp
Citizen,r56_invader_teleport,"Guardian of Border","Защитник Границ",85,Others,,/skill4416_etc.webp
Citizen,r57_invader_teleport,"Guardian of Border","Защитник Границ",85,Others,,/skill4416_etc.webp
Citizen,r58_invader_teleport,"Guardian of Border","Защитник Границ",85,Others,,/skill4416_etc.webp